#define MAX_VOCAB 3072
Token vocabulary[MAX_VOCAB] = {
  { .id = 0, .a = 0, .b = 0, .token = {'<', 'P', 'A', 'D', '>', 0x00, 0x00, 0x00, 0x00, 0x00, 0x00, 0x00, 0x00, 0x00, 0x00, 0x00, 0x00, 0x00, 0x00, 0x00, 0x00, 0x00, 0x00, 0x00, 0x00, 0x00, 0x00, 0x00, 0x00, 0x00, 0x00, 0x00, } },
  { .id = 1, .a = -1, .b = -1, .token = {0x01, 0x00, 0x00, 0x00, 0x00, 0x00, 0x00, 0x00, 0x00, 0x00, 0x00, 0x00, 0x00, 0x00, 0x00, 0x00, 0x00, 0x00, 0x00, 0x00, 0x00, 0x00, 0x00, 0x00, 0x00, 0x00, 0x00, 0x00, 0x00, 0x00, 0x00, 0x00, } },
  { .id = 2, .a = -1, .b = -1, .token = {0x02, 0x00, 0x00, 0x00, 0x00, 0x00, 0x00, 0x00, 0x00, 0x00, 0x00, 0x00, 0x00, 0x00, 0x00, 0x00, 0x00, 0x00, 0x00, 0x00, 0x00, 0x00, 0x00, 0x00, 0x00, 0x00, 0x00, 0x00, 0x00, 0x00, 0x00, 0x00, } },
  { .id = 3, .a = -1, .b = -1, .token = {0x03, 0x00, 0x00, 0x00, 0x00, 0x00, 0x00, 0x00, 0x00, 0x00, 0x00, 0x00, 0x00, 0x00, 0x00, 0x00, 0x00, 0x00, 0x00, 0x00, 0x00, 0x00, 0x00, 0x00, 0x00, 0x00, 0x00, 0x00, 0x00, 0x00, 0x00, 0x00, } },
  { .id = 4, .a = -1, .b = -1, .token = {0x04, 0x00, 0x00, 0x00, 0x00, 0x00, 0x00, 0x00, 0x00, 0x00, 0x00, 0x00, 0x00, 0x00, 0x00, 0x00, 0x00, 0x00, 0x00, 0x00, 0x00, 0x00, 0x00, 0x00, 0x00, 0x00, 0x00, 0x00, 0x00, 0x00, 0x00, 0x00, } },
  { .id = 5, .a = -1, .b = -1, .token = {0x05, 0x00, 0x00, 0x00, 0x00, 0x00, 0x00, 0x00, 0x00, 0x00, 0x00, 0x00, 0x00, 0x00, 0x00, 0x00, 0x00, 0x00, 0x00, 0x00, 0x00, 0x00, 0x00, 0x00, 0x00, 0x00, 0x00, 0x00, 0x00, 0x00, 0x00, 0x00, } },
  { .id = 6, .a = -1, .b = -1, .token = {0x06, 0x00, 0x00, 0x00, 0x00, 0x00, 0x00, 0x00, 0x00, 0x00, 0x00, 0x00, 0x00, 0x00, 0x00, 0x00, 0x00, 0x00, 0x00, 0x00, 0x00, 0x00, 0x00, 0x00, 0x00, 0x00, 0x00, 0x00, 0x00, 0x00, 0x00, 0x00, } },
  { .id = 7, .a = -1, .b = -1, .token = {0x07, 0x00, 0x00, 0x00, 0x00, 0x00, 0x00, 0x00, 0x00, 0x00, 0x00, 0x00, 0x00, 0x00, 0x00, 0x00, 0x00, 0x00, 0x00, 0x00, 0x00, 0x00, 0x00, 0x00, 0x00, 0x00, 0x00, 0x00, 0x00, 0x00, 0x00, 0x00, } },
  { .id = 8, .a = -1, .b = -1, .token = {0x08, 0x00, 0x00, 0x00, 0x00, 0x00, 0x00, 0x00, 0x00, 0x00, 0x00, 0x00, 0x00, 0x00, 0x00, 0x00, 0x00, 0x00, 0x00, 0x00, 0x00, 0x00, 0x00, 0x00, 0x00, 0x00, 0x00, 0x00, 0x00, 0x00, 0x00, 0x00, } },
  { .id = 9, .a = -1, .b = -1, .token = {0x09, 0x00, 0x00, 0x00, 0x00, 0x00, 0x00, 0x00, 0x00, 0x00, 0x00, 0x00, 0x00, 0x00, 0x00, 0x00, 0x00, 0x00, 0x00, 0x00, 0x00, 0x00, 0x00, 0x00, 0x00, 0x00, 0x00, 0x00, 0x00, 0x00, 0x00, 0x00, } },
  { .id = 10, .a = -1, .b = -1, .token = {0x0a, 0x00, 0x00, 0x00, 0x00, 0x00, 0x00, 0x00, 0x00, 0x00, 0x00, 0x00, 0x00, 0x00, 0x00, 0x00, 0x00, 0x00, 0x00, 0x00, 0x00, 0x00, 0x00, 0x00, 0x00, 0x00, 0x00, 0x00, 0x00, 0x00, 0x00, 0x00, } },
  { .id = 11, .a = -1, .b = -1, .token = {0x0b, 0x00, 0x00, 0x00, 0x00, 0x00, 0x00, 0x00, 0x00, 0x00, 0x00, 0x00, 0x00, 0x00, 0x00, 0x00, 0x00, 0x00, 0x00, 0x00, 0x00, 0x00, 0x00, 0x00, 0x00, 0x00, 0x00, 0x00, 0x00, 0x00, 0x00, 0x00, } },
  { .id = 12, .a = -1, .b = -1, .token = {0x0c, 0x00, 0x00, 0x00, 0x00, 0x00, 0x00, 0x00, 0x00, 0x00, 0x00, 0x00, 0x00, 0x00, 0x00, 0x00, 0x00, 0x00, 0x00, 0x00, 0x00, 0x00, 0x00, 0x00, 0x00, 0x00, 0x00, 0x00, 0x00, 0x00, 0x00, 0x00, } },
  { .id = 13, .a = -1, .b = -1, .token = {0x0d, 0x00, 0x00, 0x00, 0x00, 0x00, 0x00, 0x00, 0x00, 0x00, 0x00, 0x00, 0x00, 0x00, 0x00, 0x00, 0x00, 0x00, 0x00, 0x00, 0x00, 0x00, 0x00, 0x00, 0x00, 0x00, 0x00, 0x00, 0x00, 0x00, 0x00, 0x00, } },
  { .id = 14, .a = -1, .b = -1, .token = {0x0e, 0x00, 0x00, 0x00, 0x00, 0x00, 0x00, 0x00, 0x00, 0x00, 0x00, 0x00, 0x00, 0x00, 0x00, 0x00, 0x00, 0x00, 0x00, 0x00, 0x00, 0x00, 0x00, 0x00, 0x00, 0x00, 0x00, 0x00, 0x00, 0x00, 0x00, 0x00, } },
  { .id = 15, .a = -1, .b = -1, .token = {0x0f, 0x00, 0x00, 0x00, 0x00, 0x00, 0x00, 0x00, 0x00, 0x00, 0x00, 0x00, 0x00, 0x00, 0x00, 0x00, 0x00, 0x00, 0x00, 0x00, 0x00, 0x00, 0x00, 0x00, 0x00, 0x00, 0x00, 0x00, 0x00, 0x00, 0x00, 0x00, } },
  { .id = 16, .a = -1, .b = -1, .token = {0x10, 0x00, 0x00, 0x00, 0x00, 0x00, 0x00, 0x00, 0x00, 0x00, 0x00, 0x00, 0x00, 0x00, 0x00, 0x00, 0x00, 0x00, 0x00, 0x00, 0x00, 0x00, 0x00, 0x00, 0x00, 0x00, 0x00, 0x00, 0x00, 0x00, 0x00, 0x00, } },
  { .id = 17, .a = -1, .b = -1, .token = {0x11, 0x00, 0x00, 0x00, 0x00, 0x00, 0x00, 0x00, 0x00, 0x00, 0x00, 0x00, 0x00, 0x00, 0x00, 0x00, 0x00, 0x00, 0x00, 0x00, 0x00, 0x00, 0x00, 0x00, 0x00, 0x00, 0x00, 0x00, 0x00, 0x00, 0x00, 0x00, } },
  { .id = 18, .a = -1, .b = -1, .token = {0x12, 0x00, 0x00, 0x00, 0x00, 0x00, 0x00, 0x00, 0x00, 0x00, 0x00, 0x00, 0x00, 0x00, 0x00, 0x00, 0x00, 0x00, 0x00, 0x00, 0x00, 0x00, 0x00, 0x00, 0x00, 0x00, 0x00, 0x00, 0x00, 0x00, 0x00, 0x00, } },
  { .id = 19, .a = -1, .b = -1, .token = {0x13, 0x00, 0x00, 0x00, 0x00, 0x00, 0x00, 0x00, 0x00, 0x00, 0x00, 0x00, 0x00, 0x00, 0x00, 0x00, 0x00, 0x00, 0x00, 0x00, 0x00, 0x00, 0x00, 0x00, 0x00, 0x00, 0x00, 0x00, 0x00, 0x00, 0x00, 0x00, } },
  { .id = 20, .a = -1, .b = -1, .token = {0x14, 0x00, 0x00, 0x00, 0x00, 0x00, 0x00, 0x00, 0x00, 0x00, 0x00, 0x00, 0x00, 0x00, 0x00, 0x00, 0x00, 0x00, 0x00, 0x00, 0x00, 0x00, 0x00, 0x00, 0x00, 0x00, 0x00, 0x00, 0x00, 0x00, 0x00, 0x00, } },
  { .id = 21, .a = -1, .b = -1, .token = {0x15, 0x00, 0x00, 0x00, 0x00, 0x00, 0x00, 0x00, 0x00, 0x00, 0x00, 0x00, 0x00, 0x00, 0x00, 0x00, 0x00, 0x00, 0x00, 0x00, 0x00, 0x00, 0x00, 0x00, 0x00, 0x00, 0x00, 0x00, 0x00, 0x00, 0x00, 0x00, } },
  { .id = 22, .a = -1, .b = -1, .token = {0x16, 0x00, 0x00, 0x00, 0x00, 0x00, 0x00, 0x00, 0x00, 0x00, 0x00, 0x00, 0x00, 0x00, 0x00, 0x00, 0x00, 0x00, 0x00, 0x00, 0x00, 0x00, 0x00, 0x00, 0x00, 0x00, 0x00, 0x00, 0x00, 0x00, 0x00, 0x00, } },
  { .id = 23, .a = -1, .b = -1, .token = {0x17, 0x00, 0x00, 0x00, 0x00, 0x00, 0x00, 0x00, 0x00, 0x00, 0x00, 0x00, 0x00, 0x00, 0x00, 0x00, 0x00, 0x00, 0x00, 0x00, 0x00, 0x00, 0x00, 0x00, 0x00, 0x00, 0x00, 0x00, 0x00, 0x00, 0x00, 0x00, } },
  { .id = 24, .a = -1, .b = -1, .token = {0x18, 0x00, 0x00, 0x00, 0x00, 0x00, 0x00, 0x00, 0x00, 0x00, 0x00, 0x00, 0x00, 0x00, 0x00, 0x00, 0x00, 0x00, 0x00, 0x00, 0x00, 0x00, 0x00, 0x00, 0x00, 0x00, 0x00, 0x00, 0x00, 0x00, 0x00, 0x00, } },
  { .id = 25, .a = -1, .b = -1, .token = {0x19, 0x00, 0x00, 0x00, 0x00, 0x00, 0x00, 0x00, 0x00, 0x00, 0x00, 0x00, 0x00, 0x00, 0x00, 0x00, 0x00, 0x00, 0x00, 0x00, 0x00, 0x00, 0x00, 0x00, 0x00, 0x00, 0x00, 0x00, 0x00, 0x00, 0x00, 0x00, } },
  { .id = 26, .a = -1, .b = -1, .token = {0x1a, 0x00, 0x00, 0x00, 0x00, 0x00, 0x00, 0x00, 0x00, 0x00, 0x00, 0x00, 0x00, 0x00, 0x00, 0x00, 0x00, 0x00, 0x00, 0x00, 0x00, 0x00, 0x00, 0x00, 0x00, 0x00, 0x00, 0x00, 0x00, 0x00, 0x00, 0x00, } },
  { .id = 27, .a = -1, .b = -1, .token = {0x1b, 0x00, 0x00, 0x00, 0x00, 0x00, 0x00, 0x00, 0x00, 0x00, 0x00, 0x00, 0x00, 0x00, 0x00, 0x00, 0x00, 0x00, 0x00, 0x00, 0x00, 0x00, 0x00, 0x00, 0x00, 0x00, 0x00, 0x00, 0x00, 0x00, 0x00, 0x00, } },
  { .id = 28, .a = -1, .b = -1, .token = {0x1c, 0x00, 0x00, 0x00, 0x00, 0x00, 0x00, 0x00, 0x00, 0x00, 0x00, 0x00, 0x00, 0x00, 0x00, 0x00, 0x00, 0x00, 0x00, 0x00, 0x00, 0x00, 0x00, 0x00, 0x00, 0x00, 0x00, 0x00, 0x00, 0x00, 0x00, 0x00, } },
  { .id = 29, .a = -1, .b = -1, .token = {0x1d, 0x00, 0x00, 0x00, 0x00, 0x00, 0x00, 0x00, 0x00, 0x00, 0x00, 0x00, 0x00, 0x00, 0x00, 0x00, 0x00, 0x00, 0x00, 0x00, 0x00, 0x00, 0x00, 0x00, 0x00, 0x00, 0x00, 0x00, 0x00, 0x00, 0x00, 0x00, } },
  { .id = 30, .a = -1, .b = -1, .token = {0x1e, 0x00, 0x00, 0x00, 0x00, 0x00, 0x00, 0x00, 0x00, 0x00, 0x00, 0x00, 0x00, 0x00, 0x00, 0x00, 0x00, 0x00, 0x00, 0x00, 0x00, 0x00, 0x00, 0x00, 0x00, 0x00, 0x00, 0x00, 0x00, 0x00, 0x00, 0x00, } },
  { .id = 31, .a = -1, .b = -1, .token = {0x1f, 0x00, 0x00, 0x00, 0x00, 0x00, 0x00, 0x00, 0x00, 0x00, 0x00, 0x00, 0x00, 0x00, 0x00, 0x00, 0x00, 0x00, 0x00, 0x00, 0x00, 0x00, 0x00, 0x00, 0x00, 0x00, 0x00, 0x00, 0x00, 0x00, 0x00, 0x00, } },
  { .id = 32, .a = -1, .b = -1, .token = {' ', 0x00, 0x00, 0x00, 0x00, 0x00, 0x00, 0x00, 0x00, 0x00, 0x00, 0x00, 0x00, 0x00, 0x00, 0x00, 0x00, 0x00, 0x00, 0x00, 0x00, 0x00, 0x00, 0x00, 0x00, 0x00, 0x00, 0x00, 0x00, 0x00, 0x00, 0x00, } },
  { .id = 33, .a = -1, .b = -1, .token = {'!', 0x00, 0x00, 0x00, 0x00, 0x00, 0x00, 0x00, 0x00, 0x00, 0x00, 0x00, 0x00, 0x00, 0x00, 0x00, 0x00, 0x00, 0x00, 0x00, 0x00, 0x00, 0x00, 0x00, 0x00, 0x00, 0x00, 0x00, 0x00, 0x00, 0x00, 0x00, } },
  { .id = 34, .a = -1, .b = -1, .token = {'"', 0x00, 0x00, 0x00, 0x00, 0x00, 0x00, 0x00, 0x00, 0x00, 0x00, 0x00, 0x00, 0x00, 0x00, 0x00, 0x00, 0x00, 0x00, 0x00, 0x00, 0x00, 0x00, 0x00, 0x00, 0x00, 0x00, 0x00, 0x00, 0x00, 0x00, 0x00, } },
  { .id = 35, .a = -1, .b = -1, .token = {'#', 0x00, 0x00, 0x00, 0x00, 0x00, 0x00, 0x00, 0x00, 0x00, 0x00, 0x00, 0x00, 0x00, 0x00, 0x00, 0x00, 0x00, 0x00, 0x00, 0x00, 0x00, 0x00, 0x00, 0x00, 0x00, 0x00, 0x00, 0x00, 0x00, 0x00, 0x00, } },
  { .id = 36, .a = -1, .b = -1, .token = {'$', 0x00, 0x00, 0x00, 0x00, 0x00, 0x00, 0x00, 0x00, 0x00, 0x00, 0x00, 0x00, 0x00, 0x00, 0x00, 0x00, 0x00, 0x00, 0x00, 0x00, 0x00, 0x00, 0x00, 0x00, 0x00, 0x00, 0x00, 0x00, 0x00, 0x00, 0x00, } },
  { .id = 37, .a = -1, .b = -1, .token = {'%', 0x00, 0x00, 0x00, 0x00, 0x00, 0x00, 0x00, 0x00, 0x00, 0x00, 0x00, 0x00, 0x00, 0x00, 0x00, 0x00, 0x00, 0x00, 0x00, 0x00, 0x00, 0x00, 0x00, 0x00, 0x00, 0x00, 0x00, 0x00, 0x00, 0x00, 0x00, } },
  { .id = 38, .a = -1, .b = -1, .token = {'&', 0x00, 0x00, 0x00, 0x00, 0x00, 0x00, 0x00, 0x00, 0x00, 0x00, 0x00, 0x00, 0x00, 0x00, 0x00, 0x00, 0x00, 0x00, 0x00, 0x00, 0x00, 0x00, 0x00, 0x00, 0x00, 0x00, 0x00, 0x00, 0x00, 0x00, 0x00, } },
  { .id = 39, .a = -1, .b = -1, .token = {'\'', 0x00, 0x00, 0x00, 0x00, 0x00, 0x00, 0x00, 0x00, 0x00, 0x00, 0x00, 0x00, 0x00, 0x00, 0x00, 0x00, 0x00, 0x00, 0x00, 0x00, 0x00, 0x00, 0x00, 0x00, 0x00, 0x00, 0x00, 0x00, 0x00, 0x00, 0x00, } },
  { .id = 40, .a = -1, .b = -1, .token = {'(', 0x00, 0x00, 0x00, 0x00, 0x00, 0x00, 0x00, 0x00, 0x00, 0x00, 0x00, 0x00, 0x00, 0x00, 0x00, 0x00, 0x00, 0x00, 0x00, 0x00, 0x00, 0x00, 0x00, 0x00, 0x00, 0x00, 0x00, 0x00, 0x00, 0x00, 0x00, } },
  { .id = 41, .a = -1, .b = -1, .token = {')', 0x00, 0x00, 0x00, 0x00, 0x00, 0x00, 0x00, 0x00, 0x00, 0x00, 0x00, 0x00, 0x00, 0x00, 0x00, 0x00, 0x00, 0x00, 0x00, 0x00, 0x00, 0x00, 0x00, 0x00, 0x00, 0x00, 0x00, 0x00, 0x00, 0x00, 0x00, } },
  { .id = 42, .a = -1, .b = -1, .token = {'*', 0x00, 0x00, 0x00, 0x00, 0x00, 0x00, 0x00, 0x00, 0x00, 0x00, 0x00, 0x00, 0x00, 0x00, 0x00, 0x00, 0x00, 0x00, 0x00, 0x00, 0x00, 0x00, 0x00, 0x00, 0x00, 0x00, 0x00, 0x00, 0x00, 0x00, 0x00, } },
  { .id = 43, .a = -1, .b = -1, .token = {'+', 0x00, 0x00, 0x00, 0x00, 0x00, 0x00, 0x00, 0x00, 0x00, 0x00, 0x00, 0x00, 0x00, 0x00, 0x00, 0x00, 0x00, 0x00, 0x00, 0x00, 0x00, 0x00, 0x00, 0x00, 0x00, 0x00, 0x00, 0x00, 0x00, 0x00, 0x00, } },
  { .id = 44, .a = -1, .b = -1, .token = {',', 0x00, 0x00, 0x00, 0x00, 0x00, 0x00, 0x00, 0x00, 0x00, 0x00, 0x00, 0x00, 0x00, 0x00, 0x00, 0x00, 0x00, 0x00, 0x00, 0x00, 0x00, 0x00, 0x00, 0x00, 0x00, 0x00, 0x00, 0x00, 0x00, 0x00, 0x00, } },
  { .id = 45, .a = -1, .b = -1, .token = {'-', 0x00, 0x00, 0x00, 0x00, 0x00, 0x00, 0x00, 0x00, 0x00, 0x00, 0x00, 0x00, 0x00, 0x00, 0x00, 0x00, 0x00, 0x00, 0x00, 0x00, 0x00, 0x00, 0x00, 0x00, 0x00, 0x00, 0x00, 0x00, 0x00, 0x00, 0x00, } },
  { .id = 46, .a = -1, .b = -1, .token = {'.', 0x00, 0x00, 0x00, 0x00, 0x00, 0x00, 0x00, 0x00, 0x00, 0x00, 0x00, 0x00, 0x00, 0x00, 0x00, 0x00, 0x00, 0x00, 0x00, 0x00, 0x00, 0x00, 0x00, 0x00, 0x00, 0x00, 0x00, 0x00, 0x00, 0x00, 0x00, } },
  { .id = 47, .a = -1, .b = -1, .token = {'/', 0x00, 0x00, 0x00, 0x00, 0x00, 0x00, 0x00, 0x00, 0x00, 0x00, 0x00, 0x00, 0x00, 0x00, 0x00, 0x00, 0x00, 0x00, 0x00, 0x00, 0x00, 0x00, 0x00, 0x00, 0x00, 0x00, 0x00, 0x00, 0x00, 0x00, 0x00, } },
  { .id = 48, .a = -1, .b = -1, .token = {'0', 0x00, 0x00, 0x00, 0x00, 0x00, 0x00, 0x00, 0x00, 0x00, 0x00, 0x00, 0x00, 0x00, 0x00, 0x00, 0x00, 0x00, 0x00, 0x00, 0x00, 0x00, 0x00, 0x00, 0x00, 0x00, 0x00, 0x00, 0x00, 0x00, 0x00, 0x00, } },
  { .id = 49, .a = -1, .b = -1, .token = {'1', 0x00, 0x00, 0x00, 0x00, 0x00, 0x00, 0x00, 0x00, 0x00, 0x00, 0x00, 0x00, 0x00, 0x00, 0x00, 0x00, 0x00, 0x00, 0x00, 0x00, 0x00, 0x00, 0x00, 0x00, 0x00, 0x00, 0x00, 0x00, 0x00, 0x00, 0x00, } },
  { .id = 50, .a = -1, .b = -1, .token = {'2', 0x00, 0x00, 0x00, 0x00, 0x00, 0x00, 0x00, 0x00, 0x00, 0x00, 0x00, 0x00, 0x00, 0x00, 0x00, 0x00, 0x00, 0x00, 0x00, 0x00, 0x00, 0x00, 0x00, 0x00, 0x00, 0x00, 0x00, 0x00, 0x00, 0x00, 0x00, } },
  { .id = 51, .a = -1, .b = -1, .token = {'3', 0x00, 0x00, 0x00, 0x00, 0x00, 0x00, 0x00, 0x00, 0x00, 0x00, 0x00, 0x00, 0x00, 0x00, 0x00, 0x00, 0x00, 0x00, 0x00, 0x00, 0x00, 0x00, 0x00, 0x00, 0x00, 0x00, 0x00, 0x00, 0x00, 0x00, 0x00, } },
  { .id = 52, .a = -1, .b = -1, .token = {'4', 0x00, 0x00, 0x00, 0x00, 0x00, 0x00, 0x00, 0x00, 0x00, 0x00, 0x00, 0x00, 0x00, 0x00, 0x00, 0x00, 0x00, 0x00, 0x00, 0x00, 0x00, 0x00, 0x00, 0x00, 0x00, 0x00, 0x00, 0x00, 0x00, 0x00, 0x00, } },
  { .id = 53, .a = -1, .b = -1, .token = {'5', 0x00, 0x00, 0x00, 0x00, 0x00, 0x00, 0x00, 0x00, 0x00, 0x00, 0x00, 0x00, 0x00, 0x00, 0x00, 0x00, 0x00, 0x00, 0x00, 0x00, 0x00, 0x00, 0x00, 0x00, 0x00, 0x00, 0x00, 0x00, 0x00, 0x00, 0x00, } },
  { .id = 54, .a = -1, .b = -1, .token = {'6', 0x00, 0x00, 0x00, 0x00, 0x00, 0x00, 0x00, 0x00, 0x00, 0x00, 0x00, 0x00, 0x00, 0x00, 0x00, 0x00, 0x00, 0x00, 0x00, 0x00, 0x00, 0x00, 0x00, 0x00, 0x00, 0x00, 0x00, 0x00, 0x00, 0x00, 0x00, } },
  { .id = 55, .a = -1, .b = -1, .token = {'7', 0x00, 0x00, 0x00, 0x00, 0x00, 0x00, 0x00, 0x00, 0x00, 0x00, 0x00, 0x00, 0x00, 0x00, 0x00, 0x00, 0x00, 0x00, 0x00, 0x00, 0x00, 0x00, 0x00, 0x00, 0x00, 0x00, 0x00, 0x00, 0x00, 0x00, 0x00, } },
  { .id = 56, .a = -1, .b = -1, .token = {'8', 0x00, 0x00, 0x00, 0x00, 0x00, 0x00, 0x00, 0x00, 0x00, 0x00, 0x00, 0x00, 0x00, 0x00, 0x00, 0x00, 0x00, 0x00, 0x00, 0x00, 0x00, 0x00, 0x00, 0x00, 0x00, 0x00, 0x00, 0x00, 0x00, 0x00, 0x00, } },
  { .id = 57, .a = -1, .b = -1, .token = {'9', 0x00, 0x00, 0x00, 0x00, 0x00, 0x00, 0x00, 0x00, 0x00, 0x00, 0x00, 0x00, 0x00, 0x00, 0x00, 0x00, 0x00, 0x00, 0x00, 0x00, 0x00, 0x00, 0x00, 0x00, 0x00, 0x00, 0x00, 0x00, 0x00, 0x00, 0x00, } },
  { .id = 58, .a = -1, .b = -1, .token = {':', 0x00, 0x00, 0x00, 0x00, 0x00, 0x00, 0x00, 0x00, 0x00, 0x00, 0x00, 0x00, 0x00, 0x00, 0x00, 0x00, 0x00, 0x00, 0x00, 0x00, 0x00, 0x00, 0x00, 0x00, 0x00, 0x00, 0x00, 0x00, 0x00, 0x00, 0x00, } },
  { .id = 59, .a = -1, .b = -1, .token = {';', 0x00, 0x00, 0x00, 0x00, 0x00, 0x00, 0x00, 0x00, 0x00, 0x00, 0x00, 0x00, 0x00, 0x00, 0x00, 0x00, 0x00, 0x00, 0x00, 0x00, 0x00, 0x00, 0x00, 0x00, 0x00, 0x00, 0x00, 0x00, 0x00, 0x00, 0x00, } },
  { .id = 60, .a = -1, .b = -1, .token = {'<', 0x00, 0x00, 0x00, 0x00, 0x00, 0x00, 0x00, 0x00, 0x00, 0x00, 0x00, 0x00, 0x00, 0x00, 0x00, 0x00, 0x00, 0x00, 0x00, 0x00, 0x00, 0x00, 0x00, 0x00, 0x00, 0x00, 0x00, 0x00, 0x00, 0x00, 0x00, } },
  { .id = 61, .a = -1, .b = -1, .token = {'=', 0x00, 0x00, 0x00, 0x00, 0x00, 0x00, 0x00, 0x00, 0x00, 0x00, 0x00, 0x00, 0x00, 0x00, 0x00, 0x00, 0x00, 0x00, 0x00, 0x00, 0x00, 0x00, 0x00, 0x00, 0x00, 0x00, 0x00, 0x00, 0x00, 0x00, 0x00, } },
  { .id = 62, .a = -1, .b = -1, .token = {'>', 0x00, 0x00, 0x00, 0x00, 0x00, 0x00, 0x00, 0x00, 0x00, 0x00, 0x00, 0x00, 0x00, 0x00, 0x00, 0x00, 0x00, 0x00, 0x00, 0x00, 0x00, 0x00, 0x00, 0x00, 0x00, 0x00, 0x00, 0x00, 0x00, 0x00, 0x00, } },
  { .id = 63, .a = -1, .b = -1, .token = {'?', 0x00, 0x00, 0x00, 0x00, 0x00, 0x00, 0x00, 0x00, 0x00, 0x00, 0x00, 0x00, 0x00, 0x00, 0x00, 0x00, 0x00, 0x00, 0x00, 0x00, 0x00, 0x00, 0x00, 0x00, 0x00, 0x00, 0x00, 0x00, 0x00, 0x00, 0x00, } },
  { .id = 64, .a = -1, .b = -1, .token = {'@', 0x00, 0x00, 0x00, 0x00, 0x00, 0x00, 0x00, 0x00, 0x00, 0x00, 0x00, 0x00, 0x00, 0x00, 0x00, 0x00, 0x00, 0x00, 0x00, 0x00, 0x00, 0x00, 0x00, 0x00, 0x00, 0x00, 0x00, 0x00, 0x00, 0x00, 0x00, } },
  { .id = 65, .a = -1, .b = -1, .token = {'A', 0x00, 0x00, 0x00, 0x00, 0x00, 0x00, 0x00, 0x00, 0x00, 0x00, 0x00, 0x00, 0x00, 0x00, 0x00, 0x00, 0x00, 0x00, 0x00, 0x00, 0x00, 0x00, 0x00, 0x00, 0x00, 0x00, 0x00, 0x00, 0x00, 0x00, 0x00, } },
  { .id = 66, .a = -1, .b = -1, .token = {'B', 0x00, 0x00, 0x00, 0x00, 0x00, 0x00, 0x00, 0x00, 0x00, 0x00, 0x00, 0x00, 0x00, 0x00, 0x00, 0x00, 0x00, 0x00, 0x00, 0x00, 0x00, 0x00, 0x00, 0x00, 0x00, 0x00, 0x00, 0x00, 0x00, 0x00, 0x00, } },
  { .id = 67, .a = -1, .b = -1, .token = {'C', 0x00, 0x00, 0x00, 0x00, 0x00, 0x00, 0x00, 0x00, 0x00, 0x00, 0x00, 0x00, 0x00, 0x00, 0x00, 0x00, 0x00, 0x00, 0x00, 0x00, 0x00, 0x00, 0x00, 0x00, 0x00, 0x00, 0x00, 0x00, 0x00, 0x00, 0x00, } },
  { .id = 68, .a = -1, .b = -1, .token = {'D', 0x00, 0x00, 0x00, 0x00, 0x00, 0x00, 0x00, 0x00, 0x00, 0x00, 0x00, 0x00, 0x00, 0x00, 0x00, 0x00, 0x00, 0x00, 0x00, 0x00, 0x00, 0x00, 0x00, 0x00, 0x00, 0x00, 0x00, 0x00, 0x00, 0x00, 0x00, } },
  { .id = 69, .a = -1, .b = -1, .token = {'E', 0x00, 0x00, 0x00, 0x00, 0x00, 0x00, 0x00, 0x00, 0x00, 0x00, 0x00, 0x00, 0x00, 0x00, 0x00, 0x00, 0x00, 0x00, 0x00, 0x00, 0x00, 0x00, 0x00, 0x00, 0x00, 0x00, 0x00, 0x00, 0x00, 0x00, 0x00, } },
  { .id = 70, .a = -1, .b = -1, .token = {'F', 0x00, 0x00, 0x00, 0x00, 0x00, 0x00, 0x00, 0x00, 0x00, 0x00, 0x00, 0x00, 0x00, 0x00, 0x00, 0x00, 0x00, 0x00, 0x00, 0x00, 0x00, 0x00, 0x00, 0x00, 0x00, 0x00, 0x00, 0x00, 0x00, 0x00, 0x00, } },
  { .id = 71, .a = -1, .b = -1, .token = {'G', 0x00, 0x00, 0x00, 0x00, 0x00, 0x00, 0x00, 0x00, 0x00, 0x00, 0x00, 0x00, 0x00, 0x00, 0x00, 0x00, 0x00, 0x00, 0x00, 0x00, 0x00, 0x00, 0x00, 0x00, 0x00, 0x00, 0x00, 0x00, 0x00, 0x00, 0x00, } },
  { .id = 72, .a = -1, .b = -1, .token = {'H', 0x00, 0x00, 0x00, 0x00, 0x00, 0x00, 0x00, 0x00, 0x00, 0x00, 0x00, 0x00, 0x00, 0x00, 0x00, 0x00, 0x00, 0x00, 0x00, 0x00, 0x00, 0x00, 0x00, 0x00, 0x00, 0x00, 0x00, 0x00, 0x00, 0x00, 0x00, } },
  { .id = 73, .a = -1, .b = -1, .token = {'I', 0x00, 0x00, 0x00, 0x00, 0x00, 0x00, 0x00, 0x00, 0x00, 0x00, 0x00, 0x00, 0x00, 0x00, 0x00, 0x00, 0x00, 0x00, 0x00, 0x00, 0x00, 0x00, 0x00, 0x00, 0x00, 0x00, 0x00, 0x00, 0x00, 0x00, 0x00, } },
  { .id = 74, .a = -1, .b = -1, .token = {'J', 0x00, 0x00, 0x00, 0x00, 0x00, 0x00, 0x00, 0x00, 0x00, 0x00, 0x00, 0x00, 0x00, 0x00, 0x00, 0x00, 0x00, 0x00, 0x00, 0x00, 0x00, 0x00, 0x00, 0x00, 0x00, 0x00, 0x00, 0x00, 0x00, 0x00, 0x00, } },
  { .id = 75, .a = -1, .b = -1, .token = {'K', 0x00, 0x00, 0x00, 0x00, 0x00, 0x00, 0x00, 0x00, 0x00, 0x00, 0x00, 0x00, 0x00, 0x00, 0x00, 0x00, 0x00, 0x00, 0x00, 0x00, 0x00, 0x00, 0x00, 0x00, 0x00, 0x00, 0x00, 0x00, 0x00, 0x00, 0x00, } },
  { .id = 76, .a = -1, .b = -1, .token = {'L', 0x00, 0x00, 0x00, 0x00, 0x00, 0x00, 0x00, 0x00, 0x00, 0x00, 0x00, 0x00, 0x00, 0x00, 0x00, 0x00, 0x00, 0x00, 0x00, 0x00, 0x00, 0x00, 0x00, 0x00, 0x00, 0x00, 0x00, 0x00, 0x00, 0x00, 0x00, } },
  { .id = 77, .a = -1, .b = -1, .token = {'M', 0x00, 0x00, 0x00, 0x00, 0x00, 0x00, 0x00, 0x00, 0x00, 0x00, 0x00, 0x00, 0x00, 0x00, 0x00, 0x00, 0x00, 0x00, 0x00, 0x00, 0x00, 0x00, 0x00, 0x00, 0x00, 0x00, 0x00, 0x00, 0x00, 0x00, 0x00, } },
  { .id = 78, .a = -1, .b = -1, .token = {'N', 0x00, 0x00, 0x00, 0x00, 0x00, 0x00, 0x00, 0x00, 0x00, 0x00, 0x00, 0x00, 0x00, 0x00, 0x00, 0x00, 0x00, 0x00, 0x00, 0x00, 0x00, 0x00, 0x00, 0x00, 0x00, 0x00, 0x00, 0x00, 0x00, 0x00, 0x00, } },
  { .id = 79, .a = -1, .b = -1, .token = {'O', 0x00, 0x00, 0x00, 0x00, 0x00, 0x00, 0x00, 0x00, 0x00, 0x00, 0x00, 0x00, 0x00, 0x00, 0x00, 0x00, 0x00, 0x00, 0x00, 0x00, 0x00, 0x00, 0x00, 0x00, 0x00, 0x00, 0x00, 0x00, 0x00, 0x00, 0x00, } },
  { .id = 80, .a = -1, .b = -1, .token = {'P', 0x00, 0x00, 0x00, 0x00, 0x00, 0x00, 0x00, 0x00, 0x00, 0x00, 0x00, 0x00, 0x00, 0x00, 0x00, 0x00, 0x00, 0x00, 0x00, 0x00, 0x00, 0x00, 0x00, 0x00, 0x00, 0x00, 0x00, 0x00, 0x00, 0x00, 0x00, } },
  { .id = 81, .a = -1, .b = -1, .token = {'Q', 0x00, 0x00, 0x00, 0x00, 0x00, 0x00, 0x00, 0x00, 0x00, 0x00, 0x00, 0x00, 0x00, 0x00, 0x00, 0x00, 0x00, 0x00, 0x00, 0x00, 0x00, 0x00, 0x00, 0x00, 0x00, 0x00, 0x00, 0x00, 0x00, 0x00, 0x00, } },
  { .id = 82, .a = -1, .b = -1, .token = {'R', 0x00, 0x00, 0x00, 0x00, 0x00, 0x00, 0x00, 0x00, 0x00, 0x00, 0x00, 0x00, 0x00, 0x00, 0x00, 0x00, 0x00, 0x00, 0x00, 0x00, 0x00, 0x00, 0x00, 0x00, 0x00, 0x00, 0x00, 0x00, 0x00, 0x00, 0x00, } },
  { .id = 83, .a = -1, .b = -1, .token = {'S', 0x00, 0x00, 0x00, 0x00, 0x00, 0x00, 0x00, 0x00, 0x00, 0x00, 0x00, 0x00, 0x00, 0x00, 0x00, 0x00, 0x00, 0x00, 0x00, 0x00, 0x00, 0x00, 0x00, 0x00, 0x00, 0x00, 0x00, 0x00, 0x00, 0x00, 0x00, } },
  { .id = 84, .a = -1, .b = -1, .token = {'T', 0x00, 0x00, 0x00, 0x00, 0x00, 0x00, 0x00, 0x00, 0x00, 0x00, 0x00, 0x00, 0x00, 0x00, 0x00, 0x00, 0x00, 0x00, 0x00, 0x00, 0x00, 0x00, 0x00, 0x00, 0x00, 0x00, 0x00, 0x00, 0x00, 0x00, 0x00, } },
  { .id = 85, .a = -1, .b = -1, .token = {'U', 0x00, 0x00, 0x00, 0x00, 0x00, 0x00, 0x00, 0x00, 0x00, 0x00, 0x00, 0x00, 0x00, 0x00, 0x00, 0x00, 0x00, 0x00, 0x00, 0x00, 0x00, 0x00, 0x00, 0x00, 0x00, 0x00, 0x00, 0x00, 0x00, 0x00, 0x00, } },
  { .id = 86, .a = -1, .b = -1, .token = {'V', 0x00, 0x00, 0x00, 0x00, 0x00, 0x00, 0x00, 0x00, 0x00, 0x00, 0x00, 0x00, 0x00, 0x00, 0x00, 0x00, 0x00, 0x00, 0x00, 0x00, 0x00, 0x00, 0x00, 0x00, 0x00, 0x00, 0x00, 0x00, 0x00, 0x00, 0x00, } },
  { .id = 87, .a = -1, .b = -1, .token = {'W', 0x00, 0x00, 0x00, 0x00, 0x00, 0x00, 0x00, 0x00, 0x00, 0x00, 0x00, 0x00, 0x00, 0x00, 0x00, 0x00, 0x00, 0x00, 0x00, 0x00, 0x00, 0x00, 0x00, 0x00, 0x00, 0x00, 0x00, 0x00, 0x00, 0x00, 0x00, } },
  { .id = 88, .a = -1, .b = -1, .token = {'X', 0x00, 0x00, 0x00, 0x00, 0x00, 0x00, 0x00, 0x00, 0x00, 0x00, 0x00, 0x00, 0x00, 0x00, 0x00, 0x00, 0x00, 0x00, 0x00, 0x00, 0x00, 0x00, 0x00, 0x00, 0x00, 0x00, 0x00, 0x00, 0x00, 0x00, 0x00, } },
  { .id = 89, .a = -1, .b = -1, .token = {'Y', 0x00, 0x00, 0x00, 0x00, 0x00, 0x00, 0x00, 0x00, 0x00, 0x00, 0x00, 0x00, 0x00, 0x00, 0x00, 0x00, 0x00, 0x00, 0x00, 0x00, 0x00, 0x00, 0x00, 0x00, 0x00, 0x00, 0x00, 0x00, 0x00, 0x00, 0x00, } },
  { .id = 90, .a = -1, .b = -1, .token = {'Z', 0x00, 0x00, 0x00, 0x00, 0x00, 0x00, 0x00, 0x00, 0x00, 0x00, 0x00, 0x00, 0x00, 0x00, 0x00, 0x00, 0x00, 0x00, 0x00, 0x00, 0x00, 0x00, 0x00, 0x00, 0x00, 0x00, 0x00, 0x00, 0x00, 0x00, 0x00, } },
  { .id = 91, .a = -1, .b = -1, .token = {'[', 0x00, 0x00, 0x00, 0x00, 0x00, 0x00, 0x00, 0x00, 0x00, 0x00, 0x00, 0x00, 0x00, 0x00, 0x00, 0x00, 0x00, 0x00, 0x00, 0x00, 0x00, 0x00, 0x00, 0x00, 0x00, 0x00, 0x00, 0x00, 0x00, 0x00, 0x00, } },
  { .id = 92, .a = -1, .b = -1, .token = {'\\', 0x00, 0x00, 0x00, 0x00, 0x00, 0x00, 0x00, 0x00, 0x00, 0x00, 0x00, 0x00, 0x00, 0x00, 0x00, 0x00, 0x00, 0x00, 0x00, 0x00, 0x00, 0x00, 0x00, 0x00, 0x00, 0x00, 0x00, 0x00, 0x00, 0x00, 0x00, } },
  { .id = 93, .a = -1, .b = -1, .token = {']', 0x00, 0x00, 0x00, 0x00, 0x00, 0x00, 0x00, 0x00, 0x00, 0x00, 0x00, 0x00, 0x00, 0x00, 0x00, 0x00, 0x00, 0x00, 0x00, 0x00, 0x00, 0x00, 0x00, 0x00, 0x00, 0x00, 0x00, 0x00, 0x00, 0x00, 0x00, } },
  { .id = 94, .a = -1, .b = -1, .token = {'^', 0x00, 0x00, 0x00, 0x00, 0x00, 0x00, 0x00, 0x00, 0x00, 0x00, 0x00, 0x00, 0x00, 0x00, 0x00, 0x00, 0x00, 0x00, 0x00, 0x00, 0x00, 0x00, 0x00, 0x00, 0x00, 0x00, 0x00, 0x00, 0x00, 0x00, 0x00, } },
  { .id = 95, .a = -1, .b = -1, .token = {'_', 0x00, 0x00, 0x00, 0x00, 0x00, 0x00, 0x00, 0x00, 0x00, 0x00, 0x00, 0x00, 0x00, 0x00, 0x00, 0x00, 0x00, 0x00, 0x00, 0x00, 0x00, 0x00, 0x00, 0x00, 0x00, 0x00, 0x00, 0x00, 0x00, 0x00, 0x00, } },
  { .id = 96, .a = -1, .b = -1, .token = {'`', 0x00, 0x00, 0x00, 0x00, 0x00, 0x00, 0x00, 0x00, 0x00, 0x00, 0x00, 0x00, 0x00, 0x00, 0x00, 0x00, 0x00, 0x00, 0x00, 0x00, 0x00, 0x00, 0x00, 0x00, 0x00, 0x00, 0x00, 0x00, 0x00, 0x00, 0x00, } },
  { .id = 97, .a = -1, .b = -1, .token = {'a', 0x00, 0x00, 0x00, 0x00, 0x00, 0x00, 0x00, 0x00, 0x00, 0x00, 0x00, 0x00, 0x00, 0x00, 0x00, 0x00, 0x00, 0x00, 0x00, 0x00, 0x00, 0x00, 0x00, 0x00, 0x00, 0x00, 0x00, 0x00, 0x00, 0x00, 0x00, } },
  { .id = 98, .a = -1, .b = -1, .token = {'b', 0x00, 0x00, 0x00, 0x00, 0x00, 0x00, 0x00, 0x00, 0x00, 0x00, 0x00, 0x00, 0x00, 0x00, 0x00, 0x00, 0x00, 0x00, 0x00, 0x00, 0x00, 0x00, 0x00, 0x00, 0x00, 0x00, 0x00, 0x00, 0x00, 0x00, 0x00, } },
  { .id = 99, .a = -1, .b = -1, .token = {'c', 0x00, 0x00, 0x00, 0x00, 0x00, 0x00, 0x00, 0x00, 0x00, 0x00, 0x00, 0x00, 0x00, 0x00, 0x00, 0x00, 0x00, 0x00, 0x00, 0x00, 0x00, 0x00, 0x00, 0x00, 0x00, 0x00, 0x00, 0x00, 0x00, 0x00, 0x00, } },
  { .id = 100, .a = -1, .b = -1, .token = {'d', 0x00, 0x00, 0x00, 0x00, 0x00, 0x00, 0x00, 0x00, 0x00, 0x00, 0x00, 0x00, 0x00, 0x00, 0x00, 0x00, 0x00, 0x00, 0x00, 0x00, 0x00, 0x00, 0x00, 0x00, 0x00, 0x00, 0x00, 0x00, 0x00, 0x00, 0x00, } },
  { .id = 101, .a = -1, .b = -1, .token = {'e', 0x00, 0x00, 0x00, 0x00, 0x00, 0x00, 0x00, 0x00, 0x00, 0x00, 0x00, 0x00, 0x00, 0x00, 0x00, 0x00, 0x00, 0x00, 0x00, 0x00, 0x00, 0x00, 0x00, 0x00, 0x00, 0x00, 0x00, 0x00, 0x00, 0x00, 0x00, } },
  { .id = 102, .a = -1, .b = -1, .token = {'f', 0x00, 0x00, 0x00, 0x00, 0x00, 0x00, 0x00, 0x00, 0x00, 0x00, 0x00, 0x00, 0x00, 0x00, 0x00, 0x00, 0x00, 0x00, 0x00, 0x00, 0x00, 0x00, 0x00, 0x00, 0x00, 0x00, 0x00, 0x00, 0x00, 0x00, 0x00, } },
  { .id = 103, .a = -1, .b = -1, .token = {'g', 0x00, 0x00, 0x00, 0x00, 0x00, 0x00, 0x00, 0x00, 0x00, 0x00, 0x00, 0x00, 0x00, 0x00, 0x00, 0x00, 0x00, 0x00, 0x00, 0x00, 0x00, 0x00, 0x00, 0x00, 0x00, 0x00, 0x00, 0x00, 0x00, 0x00, 0x00, } },
  { .id = 104, .a = -1, .b = -1, .token = {'h', 0x00, 0x00, 0x00, 0x00, 0x00, 0x00, 0x00, 0x00, 0x00, 0x00, 0x00, 0x00, 0x00, 0x00, 0x00, 0x00, 0x00, 0x00, 0x00, 0x00, 0x00, 0x00, 0x00, 0x00, 0x00, 0x00, 0x00, 0x00, 0x00, 0x00, 0x00, } },
  { .id = 105, .a = -1, .b = -1, .token = {'i', 0x00, 0x00, 0x00, 0x00, 0x00, 0x00, 0x00, 0x00, 0x00, 0x00, 0x00, 0x00, 0x00, 0x00, 0x00, 0x00, 0x00, 0x00, 0x00, 0x00, 0x00, 0x00, 0x00, 0x00, 0x00, 0x00, 0x00, 0x00, 0x00, 0x00, 0x00, } },
  { .id = 106, .a = -1, .b = -1, .token = {'j', 0x00, 0x00, 0x00, 0x00, 0x00, 0x00, 0x00, 0x00, 0x00, 0x00, 0x00, 0x00, 0x00, 0x00, 0x00, 0x00, 0x00, 0x00, 0x00, 0x00, 0x00, 0x00, 0x00, 0x00, 0x00, 0x00, 0x00, 0x00, 0x00, 0x00, 0x00, } },
  { .id = 107, .a = -1, .b = -1, .token = {'k', 0x00, 0x00, 0x00, 0x00, 0x00, 0x00, 0x00, 0x00, 0x00, 0x00, 0x00, 0x00, 0x00, 0x00, 0x00, 0x00, 0x00, 0x00, 0x00, 0x00, 0x00, 0x00, 0x00, 0x00, 0x00, 0x00, 0x00, 0x00, 0x00, 0x00, 0x00, } },
  { .id = 108, .a = -1, .b = -1, .token = {'l', 0x00, 0x00, 0x00, 0x00, 0x00, 0x00, 0x00, 0x00, 0x00, 0x00, 0x00, 0x00, 0x00, 0x00, 0x00, 0x00, 0x00, 0x00, 0x00, 0x00, 0x00, 0x00, 0x00, 0x00, 0x00, 0x00, 0x00, 0x00, 0x00, 0x00, 0x00, } },
  { .id = 109, .a = -1, .b = -1, .token = {'m', 0x00, 0x00, 0x00, 0x00, 0x00, 0x00, 0x00, 0x00, 0x00, 0x00, 0x00, 0x00, 0x00, 0x00, 0x00, 0x00, 0x00, 0x00, 0x00, 0x00, 0x00, 0x00, 0x00, 0x00, 0x00, 0x00, 0x00, 0x00, 0x00, 0x00, 0x00, } },
  { .id = 110, .a = -1, .b = -1, .token = {'n', 0x00, 0x00, 0x00, 0x00, 0x00, 0x00, 0x00, 0x00, 0x00, 0x00, 0x00, 0x00, 0x00, 0x00, 0x00, 0x00, 0x00, 0x00, 0x00, 0x00, 0x00, 0x00, 0x00, 0x00, 0x00, 0x00, 0x00, 0x00, 0x00, 0x00, 0x00, } },
  { .id = 111, .a = -1, .b = -1, .token = {'o', 0x00, 0x00, 0x00, 0x00, 0x00, 0x00, 0x00, 0x00, 0x00, 0x00, 0x00, 0x00, 0x00, 0x00, 0x00, 0x00, 0x00, 0x00, 0x00, 0x00, 0x00, 0x00, 0x00, 0x00, 0x00, 0x00, 0x00, 0x00, 0x00, 0x00, 0x00, } },
  { .id = 112, .a = -1, .b = -1, .token = {'p', 0x00, 0x00, 0x00, 0x00, 0x00, 0x00, 0x00, 0x00, 0x00, 0x00, 0x00, 0x00, 0x00, 0x00, 0x00, 0x00, 0x00, 0x00, 0x00, 0x00, 0x00, 0x00, 0x00, 0x00, 0x00, 0x00, 0x00, 0x00, 0x00, 0x00, 0x00, } },
  { .id = 113, .a = -1, .b = -1, .token = {'q', 0x00, 0x00, 0x00, 0x00, 0x00, 0x00, 0x00, 0x00, 0x00, 0x00, 0x00, 0x00, 0x00, 0x00, 0x00, 0x00, 0x00, 0x00, 0x00, 0x00, 0x00, 0x00, 0x00, 0x00, 0x00, 0x00, 0x00, 0x00, 0x00, 0x00, 0x00, } },
  { .id = 114, .a = -1, .b = -1, .token = {'r', 0x00, 0x00, 0x00, 0x00, 0x00, 0x00, 0x00, 0x00, 0x00, 0x00, 0x00, 0x00, 0x00, 0x00, 0x00, 0x00, 0x00, 0x00, 0x00, 0x00, 0x00, 0x00, 0x00, 0x00, 0x00, 0x00, 0x00, 0x00, 0x00, 0x00, 0x00, } },
  { .id = 115, .a = -1, .b = -1, .token = {'s', 0x00, 0x00, 0x00, 0x00, 0x00, 0x00, 0x00, 0x00, 0x00, 0x00, 0x00, 0x00, 0x00, 0x00, 0x00, 0x00, 0x00, 0x00, 0x00, 0x00, 0x00, 0x00, 0x00, 0x00, 0x00, 0x00, 0x00, 0x00, 0x00, 0x00, 0x00, } },
  { .id = 116, .a = -1, .b = -1, .token = {'t', 0x00, 0x00, 0x00, 0x00, 0x00, 0x00, 0x00, 0x00, 0x00, 0x00, 0x00, 0x00, 0x00, 0x00, 0x00, 0x00, 0x00, 0x00, 0x00, 0x00, 0x00, 0x00, 0x00, 0x00, 0x00, 0x00, 0x00, 0x00, 0x00, 0x00, 0x00, } },
  { .id = 117, .a = -1, .b = -1, .token = {'u', 0x00, 0x00, 0x00, 0x00, 0x00, 0x00, 0x00, 0x00, 0x00, 0x00, 0x00, 0x00, 0x00, 0x00, 0x00, 0x00, 0x00, 0x00, 0x00, 0x00, 0x00, 0x00, 0x00, 0x00, 0x00, 0x00, 0x00, 0x00, 0x00, 0x00, 0x00, } },
  { .id = 118, .a = -1, .b = -1, .token = {'v', 0x00, 0x00, 0x00, 0x00, 0x00, 0x00, 0x00, 0x00, 0x00, 0x00, 0x00, 0x00, 0x00, 0x00, 0x00, 0x00, 0x00, 0x00, 0x00, 0x00, 0x00, 0x00, 0x00, 0x00, 0x00, 0x00, 0x00, 0x00, 0x00, 0x00, 0x00, } },
  { .id = 119, .a = -1, .b = -1, .token = {'w', 0x00, 0x00, 0x00, 0x00, 0x00, 0x00, 0x00, 0x00, 0x00, 0x00, 0x00, 0x00, 0x00, 0x00, 0x00, 0x00, 0x00, 0x00, 0x00, 0x00, 0x00, 0x00, 0x00, 0x00, 0x00, 0x00, 0x00, 0x00, 0x00, 0x00, 0x00, } },
  { .id = 120, .a = -1, .b = -1, .token = {'x', 0x00, 0x00, 0x00, 0x00, 0x00, 0x00, 0x00, 0x00, 0x00, 0x00, 0x00, 0x00, 0x00, 0x00, 0x00, 0x00, 0x00, 0x00, 0x00, 0x00, 0x00, 0x00, 0x00, 0x00, 0x00, 0x00, 0x00, 0x00, 0x00, 0x00, 0x00, } },
  { .id = 121, .a = -1, .b = -1, .token = {'y', 0x00, 0x00, 0x00, 0x00, 0x00, 0x00, 0x00, 0x00, 0x00, 0x00, 0x00, 0x00, 0x00, 0x00, 0x00, 0x00, 0x00, 0x00, 0x00, 0x00, 0x00, 0x00, 0x00, 0x00, 0x00, 0x00, 0x00, 0x00, 0x00, 0x00, 0x00, } },
  { .id = 122, .a = -1, .b = -1, .token = {'z', 0x00, 0x00, 0x00, 0x00, 0x00, 0x00, 0x00, 0x00, 0x00, 0x00, 0x00, 0x00, 0x00, 0x00, 0x00, 0x00, 0x00, 0x00, 0x00, 0x00, 0x00, 0x00, 0x00, 0x00, 0x00, 0x00, 0x00, 0x00, 0x00, 0x00, 0x00, } },
  { .id = 123, .a = -1, .b = -1, .token = {'{', 0x00, 0x00, 0x00, 0x00, 0x00, 0x00, 0x00, 0x00, 0x00, 0x00, 0x00, 0x00, 0x00, 0x00, 0x00, 0x00, 0x00, 0x00, 0x00, 0x00, 0x00, 0x00, 0x00, 0x00, 0x00, 0x00, 0x00, 0x00, 0x00, 0x00, 0x00, } },
  { .id = 124, .a = -1, .b = -1, .token = {'|', 0x00, 0x00, 0x00, 0x00, 0x00, 0x00, 0x00, 0x00, 0x00, 0x00, 0x00, 0x00, 0x00, 0x00, 0x00, 0x00, 0x00, 0x00, 0x00, 0x00, 0x00, 0x00, 0x00, 0x00, 0x00, 0x00, 0x00, 0x00, 0x00, 0x00, 0x00, } },
  { .id = 125, .a = -1, .b = -1, .token = {'}', 0x00, 0x00, 0x00, 0x00, 0x00, 0x00, 0x00, 0x00, 0x00, 0x00, 0x00, 0x00, 0x00, 0x00, 0x00, 0x00, 0x00, 0x00, 0x00, 0x00, 0x00, 0x00, 0x00, 0x00, 0x00, 0x00, 0x00, 0x00, 0x00, 0x00, 0x00, } },
  { .id = 126, .a = -1, .b = -1, .token = {'~', 0x00, 0x00, 0x00, 0x00, 0x00, 0x00, 0x00, 0x00, 0x00, 0x00, 0x00, 0x00, 0x00, 0x00, 0x00, 0x00, 0x00, 0x00, 0x00, 0x00, 0x00, 0x00, 0x00, 0x00, 0x00, 0x00, 0x00, 0x00, 0x00, 0x00, 0x00, } },
  { .id = 127, .a = -1, .b = -1, .token = {0x7f, 0x00, 0x00, 0x00, 0x00, 0x00, 0x00, 0x00, 0x00, 0x00, 0x00, 0x00, 0x00, 0x00, 0x00, 0x00, 0x00, 0x00, 0x00, 0x00, 0x00, 0x00, 0x00, 0x00, 0x00, 0x00, 0x00, 0x00, 0x00, 0x00, 0x00, 0x00, } },
  { .id = 128, .a = -1, .b = -1, .token = {0x80, 0x00, 0x00, 0x00, 0x00, 0x00, 0x00, 0x00, 0x00, 0x00, 0x00, 0x00, 0x00, 0x00, 0x00, 0x00, 0x00, 0x00, 0x00, 0x00, 0x00, 0x00, 0x00, 0x00, 0x00, 0x00, 0x00, 0x00, 0x00, 0x00, 0x00, 0x00, } },
  { .id = 129, .a = -1, .b = -1, .token = {0x81, 0x00, 0x00, 0x00, 0x00, 0x00, 0x00, 0x00, 0x00, 0x00, 0x00, 0x00, 0x00, 0x00, 0x00, 0x00, 0x00, 0x00, 0x00, 0x00, 0x00, 0x00, 0x00, 0x00, 0x00, 0x00, 0x00, 0x00, 0x00, 0x00, 0x00, 0x00, } },
  { .id = 130, .a = -1, .b = -1, .token = {0x82, 0x00, 0x00, 0x00, 0x00, 0x00, 0x00, 0x00, 0x00, 0x00, 0x00, 0x00, 0x00, 0x00, 0x00, 0x00, 0x00, 0x00, 0x00, 0x00, 0x00, 0x00, 0x00, 0x00, 0x00, 0x00, 0x00, 0x00, 0x00, 0x00, 0x00, 0x00, } },
  { .id = 131, .a = -1, .b = -1, .token = {0x83, 0x00, 0x00, 0x00, 0x00, 0x00, 0x00, 0x00, 0x00, 0x00, 0x00, 0x00, 0x00, 0x00, 0x00, 0x00, 0x00, 0x00, 0x00, 0x00, 0x00, 0x00, 0x00, 0x00, 0x00, 0x00, 0x00, 0x00, 0x00, 0x00, 0x00, 0x00, } },
  { .id = 132, .a = -1, .b = -1, .token = {0x84, 0x00, 0x00, 0x00, 0x00, 0x00, 0x00, 0x00, 0x00, 0x00, 0x00, 0x00, 0x00, 0x00, 0x00, 0x00, 0x00, 0x00, 0x00, 0x00, 0x00, 0x00, 0x00, 0x00, 0x00, 0x00, 0x00, 0x00, 0x00, 0x00, 0x00, 0x00, } },
  { .id = 133, .a = -1, .b = -1, .token = {0x85, 0x00, 0x00, 0x00, 0x00, 0x00, 0x00, 0x00, 0x00, 0x00, 0x00, 0x00, 0x00, 0x00, 0x00, 0x00, 0x00, 0x00, 0x00, 0x00, 0x00, 0x00, 0x00, 0x00, 0x00, 0x00, 0x00, 0x00, 0x00, 0x00, 0x00, 0x00, } },
  { .id = 134, .a = -1, .b = -1, .token = {0x86, 0x00, 0x00, 0x00, 0x00, 0x00, 0x00, 0x00, 0x00, 0x00, 0x00, 0x00, 0x00, 0x00, 0x00, 0x00, 0x00, 0x00, 0x00, 0x00, 0x00, 0x00, 0x00, 0x00, 0x00, 0x00, 0x00, 0x00, 0x00, 0x00, 0x00, 0x00, } },
  { .id = 135, .a = -1, .b = -1, .token = {0x87, 0x00, 0x00, 0x00, 0x00, 0x00, 0x00, 0x00, 0x00, 0x00, 0x00, 0x00, 0x00, 0x00, 0x00, 0x00, 0x00, 0x00, 0x00, 0x00, 0x00, 0x00, 0x00, 0x00, 0x00, 0x00, 0x00, 0x00, 0x00, 0x00, 0x00, 0x00, } },
  { .id = 136, .a = -1, .b = -1, .token = {0x88, 0x00, 0x00, 0x00, 0x00, 0x00, 0x00, 0x00, 0x00, 0x00, 0x00, 0x00, 0x00, 0x00, 0x00, 0x00, 0x00, 0x00, 0x00, 0x00, 0x00, 0x00, 0x00, 0x00, 0x00, 0x00, 0x00, 0x00, 0x00, 0x00, 0x00, 0x00, } },
  { .id = 137, .a = -1, .b = -1, .token = {0x89, 0x00, 0x00, 0x00, 0x00, 0x00, 0x00, 0x00, 0x00, 0x00, 0x00, 0x00, 0x00, 0x00, 0x00, 0x00, 0x00, 0x00, 0x00, 0x00, 0x00, 0x00, 0x00, 0x00, 0x00, 0x00, 0x00, 0x00, 0x00, 0x00, 0x00, 0x00, } },
  { .id = 138, .a = -1, .b = -1, .token = {0x8a, 0x00, 0x00, 0x00, 0x00, 0x00, 0x00, 0x00, 0x00, 0x00, 0x00, 0x00, 0x00, 0x00, 0x00, 0x00, 0x00, 0x00, 0x00, 0x00, 0x00, 0x00, 0x00, 0x00, 0x00, 0x00, 0x00, 0x00, 0x00, 0x00, 0x00, 0x00, } },
  { .id = 139, .a = -1, .b = -1, .token = {0x8b, 0x00, 0x00, 0x00, 0x00, 0x00, 0x00, 0x00, 0x00, 0x00, 0x00, 0x00, 0x00, 0x00, 0x00, 0x00, 0x00, 0x00, 0x00, 0x00, 0x00, 0x00, 0x00, 0x00, 0x00, 0x00, 0x00, 0x00, 0x00, 0x00, 0x00, 0x00, } },
  { .id = 140, .a = -1, .b = -1, .token = {0x8c, 0x00, 0x00, 0x00, 0x00, 0x00, 0x00, 0x00, 0x00, 0x00, 0x00, 0x00, 0x00, 0x00, 0x00, 0x00, 0x00, 0x00, 0x00, 0x00, 0x00, 0x00, 0x00, 0x00, 0x00, 0x00, 0x00, 0x00, 0x00, 0x00, 0x00, 0x00, } },
  { .id = 141, .a = -1, .b = -1, .token = {0x8d, 0x00, 0x00, 0x00, 0x00, 0x00, 0x00, 0x00, 0x00, 0x00, 0x00, 0x00, 0x00, 0x00, 0x00, 0x00, 0x00, 0x00, 0x00, 0x00, 0x00, 0x00, 0x00, 0x00, 0x00, 0x00, 0x00, 0x00, 0x00, 0x00, 0x00, 0x00, } },
  { .id = 142, .a = -1, .b = -1, .token = {0x8e, 0x00, 0x00, 0x00, 0x00, 0x00, 0x00, 0x00, 0x00, 0x00, 0x00, 0x00, 0x00, 0x00, 0x00, 0x00, 0x00, 0x00, 0x00, 0x00, 0x00, 0x00, 0x00, 0x00, 0x00, 0x00, 0x00, 0x00, 0x00, 0x00, 0x00, 0x00, } },
  { .id = 143, .a = -1, .b = -1, .token = {0x8f, 0x00, 0x00, 0x00, 0x00, 0x00, 0x00, 0x00, 0x00, 0x00, 0x00, 0x00, 0x00, 0x00, 0x00, 0x00, 0x00, 0x00, 0x00, 0x00, 0x00, 0x00, 0x00, 0x00, 0x00, 0x00, 0x00, 0x00, 0x00, 0x00, 0x00, 0x00, } },
  { .id = 144, .a = -1, .b = -1, .token = {0x90, 0x00, 0x00, 0x00, 0x00, 0x00, 0x00, 0x00, 0x00, 0x00, 0x00, 0x00, 0x00, 0x00, 0x00, 0x00, 0x00, 0x00, 0x00, 0x00, 0x00, 0x00, 0x00, 0x00, 0x00, 0x00, 0x00, 0x00, 0x00, 0x00, 0x00, 0x00, } },
  { .id = 145, .a = -1, .b = -1, .token = {0x91, 0x00, 0x00, 0x00, 0x00, 0x00, 0x00, 0x00, 0x00, 0x00, 0x00, 0x00, 0x00, 0x00, 0x00, 0x00, 0x00, 0x00, 0x00, 0x00, 0x00, 0x00, 0x00, 0x00, 0x00, 0x00, 0x00, 0x00, 0x00, 0x00, 0x00, 0x00, } },
  { .id = 146, .a = -1, .b = -1, .token = {0x92, 0x00, 0x00, 0x00, 0x00, 0x00, 0x00, 0x00, 0x00, 0x00, 0x00, 0x00, 0x00, 0x00, 0x00, 0x00, 0x00, 0x00, 0x00, 0x00, 0x00, 0x00, 0x00, 0x00, 0x00, 0x00, 0x00, 0x00, 0x00, 0x00, 0x00, 0x00, } },
  { .id = 147, .a = -1, .b = -1, .token = {0x93, 0x00, 0x00, 0x00, 0x00, 0x00, 0x00, 0x00, 0x00, 0x00, 0x00, 0x00, 0x00, 0x00, 0x00, 0x00, 0x00, 0x00, 0x00, 0x00, 0x00, 0x00, 0x00, 0x00, 0x00, 0x00, 0x00, 0x00, 0x00, 0x00, 0x00, 0x00, } },
  { .id = 148, .a = -1, .b = -1, .token = {0x94, 0x00, 0x00, 0x00, 0x00, 0x00, 0x00, 0x00, 0x00, 0x00, 0x00, 0x00, 0x00, 0x00, 0x00, 0x00, 0x00, 0x00, 0x00, 0x00, 0x00, 0x00, 0x00, 0x00, 0x00, 0x00, 0x00, 0x00, 0x00, 0x00, 0x00, 0x00, } },
  { .id = 149, .a = -1, .b = -1, .token = {0x95, 0x00, 0x00, 0x00, 0x00, 0x00, 0x00, 0x00, 0x00, 0x00, 0x00, 0x00, 0x00, 0x00, 0x00, 0x00, 0x00, 0x00, 0x00, 0x00, 0x00, 0x00, 0x00, 0x00, 0x00, 0x00, 0x00, 0x00, 0x00, 0x00, 0x00, 0x00, } },
  { .id = 150, .a = -1, .b = -1, .token = {0x96, 0x00, 0x00, 0x00, 0x00, 0x00, 0x00, 0x00, 0x00, 0x00, 0x00, 0x00, 0x00, 0x00, 0x00, 0x00, 0x00, 0x00, 0x00, 0x00, 0x00, 0x00, 0x00, 0x00, 0x00, 0x00, 0x00, 0x00, 0x00, 0x00, 0x00, 0x00, } },
  { .id = 151, .a = -1, .b = -1, .token = {0x97, 0x00, 0x00, 0x00, 0x00, 0x00, 0x00, 0x00, 0x00, 0x00, 0x00, 0x00, 0x00, 0x00, 0x00, 0x00, 0x00, 0x00, 0x00, 0x00, 0x00, 0x00, 0x00, 0x00, 0x00, 0x00, 0x00, 0x00, 0x00, 0x00, 0x00, 0x00, } },
  { .id = 152, .a = -1, .b = -1, .token = {0x98, 0x00, 0x00, 0x00, 0x00, 0x00, 0x00, 0x00, 0x00, 0x00, 0x00, 0x00, 0x00, 0x00, 0x00, 0x00, 0x00, 0x00, 0x00, 0x00, 0x00, 0x00, 0x00, 0x00, 0x00, 0x00, 0x00, 0x00, 0x00, 0x00, 0x00, 0x00, } },
  { .id = 153, .a = -1, .b = -1, .token = {0x99, 0x00, 0x00, 0x00, 0x00, 0x00, 0x00, 0x00, 0x00, 0x00, 0x00, 0x00, 0x00, 0x00, 0x00, 0x00, 0x00, 0x00, 0x00, 0x00, 0x00, 0x00, 0x00, 0x00, 0x00, 0x00, 0x00, 0x00, 0x00, 0x00, 0x00, 0x00, } },
  { .id = 154, .a = -1, .b = -1, .token = {0x9a, 0x00, 0x00, 0x00, 0x00, 0x00, 0x00, 0x00, 0x00, 0x00, 0x00, 0x00, 0x00, 0x00, 0x00, 0x00, 0x00, 0x00, 0x00, 0x00, 0x00, 0x00, 0x00, 0x00, 0x00, 0x00, 0x00, 0x00, 0x00, 0x00, 0x00, 0x00, } },
  { .id = 155, .a = -1, .b = -1, .token = {0x9b, 0x00, 0x00, 0x00, 0x00, 0x00, 0x00, 0x00, 0x00, 0x00, 0x00, 0x00, 0x00, 0x00, 0x00, 0x00, 0x00, 0x00, 0x00, 0x00, 0x00, 0x00, 0x00, 0x00, 0x00, 0x00, 0x00, 0x00, 0x00, 0x00, 0x00, 0x00, } },
  { .id = 156, .a = -1, .b = -1, .token = {0x9c, 0x00, 0x00, 0x00, 0x00, 0x00, 0x00, 0x00, 0x00, 0x00, 0x00, 0x00, 0x00, 0x00, 0x00, 0x00, 0x00, 0x00, 0x00, 0x00, 0x00, 0x00, 0x00, 0x00, 0x00, 0x00, 0x00, 0x00, 0x00, 0x00, 0x00, 0x00, } },
  { .id = 157, .a = -1, .b = -1, .token = {0x9d, 0x00, 0x00, 0x00, 0x00, 0x00, 0x00, 0x00, 0x00, 0x00, 0x00, 0x00, 0x00, 0x00, 0x00, 0x00, 0x00, 0x00, 0x00, 0x00, 0x00, 0x00, 0x00, 0x00, 0x00, 0x00, 0x00, 0x00, 0x00, 0x00, 0x00, 0x00, } },
  { .id = 158, .a = -1, .b = -1, .token = {0x9e, 0x00, 0x00, 0x00, 0x00, 0x00, 0x00, 0x00, 0x00, 0x00, 0x00, 0x00, 0x00, 0x00, 0x00, 0x00, 0x00, 0x00, 0x00, 0x00, 0x00, 0x00, 0x00, 0x00, 0x00, 0x00, 0x00, 0x00, 0x00, 0x00, 0x00, 0x00, } },
  { .id = 159, .a = -1, .b = -1, .token = {0x9f, 0x00, 0x00, 0x00, 0x00, 0x00, 0x00, 0x00, 0x00, 0x00, 0x00, 0x00, 0x00, 0x00, 0x00, 0x00, 0x00, 0x00, 0x00, 0x00, 0x00, 0x00, 0x00, 0x00, 0x00, 0x00, 0x00, 0x00, 0x00, 0x00, 0x00, 0x00, } },
  { .id = 160, .a = -1, .b = -1, .token = {0xa0, 0x00, 0x00, 0x00, 0x00, 0x00, 0x00, 0x00, 0x00, 0x00, 0x00, 0x00, 0x00, 0x00, 0x00, 0x00, 0x00, 0x00, 0x00, 0x00, 0x00, 0x00, 0x00, 0x00, 0x00, 0x00, 0x00, 0x00, 0x00, 0x00, 0x00, 0x00, } },
  { .id = 161, .a = -1, .b = -1, .token = {0xa1, 0x00, 0x00, 0x00, 0x00, 0x00, 0x00, 0x00, 0x00, 0x00, 0x00, 0x00, 0x00, 0x00, 0x00, 0x00, 0x00, 0x00, 0x00, 0x00, 0x00, 0x00, 0x00, 0x00, 0x00, 0x00, 0x00, 0x00, 0x00, 0x00, 0x00, 0x00, } },
  { .id = 162, .a = -1, .b = -1, .token = {0xa2, 0x00, 0x00, 0x00, 0x00, 0x00, 0x00, 0x00, 0x00, 0x00, 0x00, 0x00, 0x00, 0x00, 0x00, 0x00, 0x00, 0x00, 0x00, 0x00, 0x00, 0x00, 0x00, 0x00, 0x00, 0x00, 0x00, 0x00, 0x00, 0x00, 0x00, 0x00, } },
  { .id = 163, .a = -1, .b = -1, .token = {0xa3, 0x00, 0x00, 0x00, 0x00, 0x00, 0x00, 0x00, 0x00, 0x00, 0x00, 0x00, 0x00, 0x00, 0x00, 0x00, 0x00, 0x00, 0x00, 0x00, 0x00, 0x00, 0x00, 0x00, 0x00, 0x00, 0x00, 0x00, 0x00, 0x00, 0x00, 0x00, } },
  { .id = 164, .a = -1, .b = -1, .token = {0xa4, 0x00, 0x00, 0x00, 0x00, 0x00, 0x00, 0x00, 0x00, 0x00, 0x00, 0x00, 0x00, 0x00, 0x00, 0x00, 0x00, 0x00, 0x00, 0x00, 0x00, 0x00, 0x00, 0x00, 0x00, 0x00, 0x00, 0x00, 0x00, 0x00, 0x00, 0x00, } },
  { .id = 165, .a = -1, .b = -1, .token = {0xa5, 0x00, 0x00, 0x00, 0x00, 0x00, 0x00, 0x00, 0x00, 0x00, 0x00, 0x00, 0x00, 0x00, 0x00, 0x00, 0x00, 0x00, 0x00, 0x00, 0x00, 0x00, 0x00, 0x00, 0x00, 0x00, 0x00, 0x00, 0x00, 0x00, 0x00, 0x00, } },
  { .id = 166, .a = -1, .b = -1, .token = {0xa6, 0x00, 0x00, 0x00, 0x00, 0x00, 0x00, 0x00, 0x00, 0x00, 0x00, 0x00, 0x00, 0x00, 0x00, 0x00, 0x00, 0x00, 0x00, 0x00, 0x00, 0x00, 0x00, 0x00, 0x00, 0x00, 0x00, 0x00, 0x00, 0x00, 0x00, 0x00, } },
  { .id = 167, .a = -1, .b = -1, .token = {0xa7, 0x00, 0x00, 0x00, 0x00, 0x00, 0x00, 0x00, 0x00, 0x00, 0x00, 0x00, 0x00, 0x00, 0x00, 0x00, 0x00, 0x00, 0x00, 0x00, 0x00, 0x00, 0x00, 0x00, 0x00, 0x00, 0x00, 0x00, 0x00, 0x00, 0x00, 0x00, } },
  { .id = 168, .a = -1, .b = -1, .token = {0xa8, 0x00, 0x00, 0x00, 0x00, 0x00, 0x00, 0x00, 0x00, 0x00, 0x00, 0x00, 0x00, 0x00, 0x00, 0x00, 0x00, 0x00, 0x00, 0x00, 0x00, 0x00, 0x00, 0x00, 0x00, 0x00, 0x00, 0x00, 0x00, 0x00, 0x00, 0x00, } },
  { .id = 169, .a = -1, .b = -1, .token = {0xa9, 0x00, 0x00, 0x00, 0x00, 0x00, 0x00, 0x00, 0x00, 0x00, 0x00, 0x00, 0x00, 0x00, 0x00, 0x00, 0x00, 0x00, 0x00, 0x00, 0x00, 0x00, 0x00, 0x00, 0x00, 0x00, 0x00, 0x00, 0x00, 0x00, 0x00, 0x00, } },
  { .id = 170, .a = -1, .b = -1, .token = {0xaa, 0x00, 0x00, 0x00, 0x00, 0x00, 0x00, 0x00, 0x00, 0x00, 0x00, 0x00, 0x00, 0x00, 0x00, 0x00, 0x00, 0x00, 0x00, 0x00, 0x00, 0x00, 0x00, 0x00, 0x00, 0x00, 0x00, 0x00, 0x00, 0x00, 0x00, 0x00, } },
  { .id = 171, .a = -1, .b = -1, .token = {0xab, 0x00, 0x00, 0x00, 0x00, 0x00, 0x00, 0x00, 0x00, 0x00, 0x00, 0x00, 0x00, 0x00, 0x00, 0x00, 0x00, 0x00, 0x00, 0x00, 0x00, 0x00, 0x00, 0x00, 0x00, 0x00, 0x00, 0x00, 0x00, 0x00, 0x00, 0x00, } },
  { .id = 172, .a = -1, .b = -1, .token = {0xac, 0x00, 0x00, 0x00, 0x00, 0x00, 0x00, 0x00, 0x00, 0x00, 0x00, 0x00, 0x00, 0x00, 0x00, 0x00, 0x00, 0x00, 0x00, 0x00, 0x00, 0x00, 0x00, 0x00, 0x00, 0x00, 0x00, 0x00, 0x00, 0x00, 0x00, 0x00, } },
  { .id = 173, .a = -1, .b = -1, .token = {0xad, 0x00, 0x00, 0x00, 0x00, 0x00, 0x00, 0x00, 0x00, 0x00, 0x00, 0x00, 0x00, 0x00, 0x00, 0x00, 0x00, 0x00, 0x00, 0x00, 0x00, 0x00, 0x00, 0x00, 0x00, 0x00, 0x00, 0x00, 0x00, 0x00, 0x00, 0x00, } },
  { .id = 174, .a = -1, .b = -1, .token = {0xae, 0x00, 0x00, 0x00, 0x00, 0x00, 0x00, 0x00, 0x00, 0x00, 0x00, 0x00, 0x00, 0x00, 0x00, 0x00, 0x00, 0x00, 0x00, 0x00, 0x00, 0x00, 0x00, 0x00, 0x00, 0x00, 0x00, 0x00, 0x00, 0x00, 0x00, 0x00, } },
  { .id = 175, .a = -1, .b = -1, .token = {0xaf, 0x00, 0x00, 0x00, 0x00, 0x00, 0x00, 0x00, 0x00, 0x00, 0x00, 0x00, 0x00, 0x00, 0x00, 0x00, 0x00, 0x00, 0x00, 0x00, 0x00, 0x00, 0x00, 0x00, 0x00, 0x00, 0x00, 0x00, 0x00, 0x00, 0x00, 0x00, } },
  { .id = 176, .a = -1, .b = -1, .token = {0xb0, 0x00, 0x00, 0x00, 0x00, 0x00, 0x00, 0x00, 0x00, 0x00, 0x00, 0x00, 0x00, 0x00, 0x00, 0x00, 0x00, 0x00, 0x00, 0x00, 0x00, 0x00, 0x00, 0x00, 0x00, 0x00, 0x00, 0x00, 0x00, 0x00, 0x00, 0x00, } },
  { .id = 177, .a = -1, .b = -1, .token = {0xb1, 0x00, 0x00, 0x00, 0x00, 0x00, 0x00, 0x00, 0x00, 0x00, 0x00, 0x00, 0x00, 0x00, 0x00, 0x00, 0x00, 0x00, 0x00, 0x00, 0x00, 0x00, 0x00, 0x00, 0x00, 0x00, 0x00, 0x00, 0x00, 0x00, 0x00, 0x00, } },
  { .id = 178, .a = -1, .b = -1, .token = {0xb2, 0x00, 0x00, 0x00, 0x00, 0x00, 0x00, 0x00, 0x00, 0x00, 0x00, 0x00, 0x00, 0x00, 0x00, 0x00, 0x00, 0x00, 0x00, 0x00, 0x00, 0x00, 0x00, 0x00, 0x00, 0x00, 0x00, 0x00, 0x00, 0x00, 0x00, 0x00, } },
  { .id = 179, .a = -1, .b = -1, .token = {0xb3, 0x00, 0x00, 0x00, 0x00, 0x00, 0x00, 0x00, 0x00, 0x00, 0x00, 0x00, 0x00, 0x00, 0x00, 0x00, 0x00, 0x00, 0x00, 0x00, 0x00, 0x00, 0x00, 0x00, 0x00, 0x00, 0x00, 0x00, 0x00, 0x00, 0x00, 0x00, } },
  { .id = 180, .a = -1, .b = -1, .token = {0xb4, 0x00, 0x00, 0x00, 0x00, 0x00, 0x00, 0x00, 0x00, 0x00, 0x00, 0x00, 0x00, 0x00, 0x00, 0x00, 0x00, 0x00, 0x00, 0x00, 0x00, 0x00, 0x00, 0x00, 0x00, 0x00, 0x00, 0x00, 0x00, 0x00, 0x00, 0x00, } },
  { .id = 181, .a = -1, .b = -1, .token = {0xb5, 0x00, 0x00, 0x00, 0x00, 0x00, 0x00, 0x00, 0x00, 0x00, 0x00, 0x00, 0x00, 0x00, 0x00, 0x00, 0x00, 0x00, 0x00, 0x00, 0x00, 0x00, 0x00, 0x00, 0x00, 0x00, 0x00, 0x00, 0x00, 0x00, 0x00, 0x00, } },
  { .id = 182, .a = -1, .b = -1, .token = {0xb6, 0x00, 0x00, 0x00, 0x00, 0x00, 0x00, 0x00, 0x00, 0x00, 0x00, 0x00, 0x00, 0x00, 0x00, 0x00, 0x00, 0x00, 0x00, 0x00, 0x00, 0x00, 0x00, 0x00, 0x00, 0x00, 0x00, 0x00, 0x00, 0x00, 0x00, 0x00, } },
  { .id = 183, .a = -1, .b = -1, .token = {0xb7, 0x00, 0x00, 0x00, 0x00, 0x00, 0x00, 0x00, 0x00, 0x00, 0x00, 0x00, 0x00, 0x00, 0x00, 0x00, 0x00, 0x00, 0x00, 0x00, 0x00, 0x00, 0x00, 0x00, 0x00, 0x00, 0x00, 0x00, 0x00, 0x00, 0x00, 0x00, } },
  { .id = 184, .a = -1, .b = -1, .token = {0xb8, 0x00, 0x00, 0x00, 0x00, 0x00, 0x00, 0x00, 0x00, 0x00, 0x00, 0x00, 0x00, 0x00, 0x00, 0x00, 0x00, 0x00, 0x00, 0x00, 0x00, 0x00, 0x00, 0x00, 0x00, 0x00, 0x00, 0x00, 0x00, 0x00, 0x00, 0x00, } },
  { .id = 185, .a = -1, .b = -1, .token = {0xb9, 0x00, 0x00, 0x00, 0x00, 0x00, 0x00, 0x00, 0x00, 0x00, 0x00, 0x00, 0x00, 0x00, 0x00, 0x00, 0x00, 0x00, 0x00, 0x00, 0x00, 0x00, 0x00, 0x00, 0x00, 0x00, 0x00, 0x00, 0x00, 0x00, 0x00, 0x00, } },
  { .id = 186, .a = -1, .b = -1, .token = {0xba, 0x00, 0x00, 0x00, 0x00, 0x00, 0x00, 0x00, 0x00, 0x00, 0x00, 0x00, 0x00, 0x00, 0x00, 0x00, 0x00, 0x00, 0x00, 0x00, 0x00, 0x00, 0x00, 0x00, 0x00, 0x00, 0x00, 0x00, 0x00, 0x00, 0x00, 0x00, } },
  { .id = 187, .a = -1, .b = -1, .token = {0xbb, 0x00, 0x00, 0x00, 0x00, 0x00, 0x00, 0x00, 0x00, 0x00, 0x00, 0x00, 0x00, 0x00, 0x00, 0x00, 0x00, 0x00, 0x00, 0x00, 0x00, 0x00, 0x00, 0x00, 0x00, 0x00, 0x00, 0x00, 0x00, 0x00, 0x00, 0x00, } },
  { .id = 188, .a = -1, .b = -1, .token = {0xbc, 0x00, 0x00, 0x00, 0x00, 0x00, 0x00, 0x00, 0x00, 0x00, 0x00, 0x00, 0x00, 0x00, 0x00, 0x00, 0x00, 0x00, 0x00, 0x00, 0x00, 0x00, 0x00, 0x00, 0x00, 0x00, 0x00, 0x00, 0x00, 0x00, 0x00, 0x00, } },
  { .id = 189, .a = -1, .b = -1, .token = {0xbd, 0x00, 0x00, 0x00, 0x00, 0x00, 0x00, 0x00, 0x00, 0x00, 0x00, 0x00, 0x00, 0x00, 0x00, 0x00, 0x00, 0x00, 0x00, 0x00, 0x00, 0x00, 0x00, 0x00, 0x00, 0x00, 0x00, 0x00, 0x00, 0x00, 0x00, 0x00, } },
  { .id = 190, .a = -1, .b = -1, .token = {0xbe, 0x00, 0x00, 0x00, 0x00, 0x00, 0x00, 0x00, 0x00, 0x00, 0x00, 0x00, 0x00, 0x00, 0x00, 0x00, 0x00, 0x00, 0x00, 0x00, 0x00, 0x00, 0x00, 0x00, 0x00, 0x00, 0x00, 0x00, 0x00, 0x00, 0x00, 0x00, } },
  { .id = 191, .a = -1, .b = -1, .token = {0xbf, 0x00, 0x00, 0x00, 0x00, 0x00, 0x00, 0x00, 0x00, 0x00, 0x00, 0x00, 0x00, 0x00, 0x00, 0x00, 0x00, 0x00, 0x00, 0x00, 0x00, 0x00, 0x00, 0x00, 0x00, 0x00, 0x00, 0x00, 0x00, 0x00, 0x00, 0x00, } },
  { .id = 192, .a = -1, .b = -1, .token = {0xc0, 0x00, 0x00, 0x00, 0x00, 0x00, 0x00, 0x00, 0x00, 0x00, 0x00, 0x00, 0x00, 0x00, 0x00, 0x00, 0x00, 0x00, 0x00, 0x00, 0x00, 0x00, 0x00, 0x00, 0x00, 0x00, 0x00, 0x00, 0x00, 0x00, 0x00, 0x00, } },
  { .id = 193, .a = -1, .b = -1, .token = {0xc1, 0x00, 0x00, 0x00, 0x00, 0x00, 0x00, 0x00, 0x00, 0x00, 0x00, 0x00, 0x00, 0x00, 0x00, 0x00, 0x00, 0x00, 0x00, 0x00, 0x00, 0x00, 0x00, 0x00, 0x00, 0x00, 0x00, 0x00, 0x00, 0x00, 0x00, 0x00, } },
  { .id = 194, .a = -1, .b = -1, .token = {0xc2, 0x00, 0x00, 0x00, 0x00, 0x00, 0x00, 0x00, 0x00, 0x00, 0x00, 0x00, 0x00, 0x00, 0x00, 0x00, 0x00, 0x00, 0x00, 0x00, 0x00, 0x00, 0x00, 0x00, 0x00, 0x00, 0x00, 0x00, 0x00, 0x00, 0x00, 0x00, } },
  { .id = 195, .a = -1, .b = -1, .token = {0xc3, 0x00, 0x00, 0x00, 0x00, 0x00, 0x00, 0x00, 0x00, 0x00, 0x00, 0x00, 0x00, 0x00, 0x00, 0x00, 0x00, 0x00, 0x00, 0x00, 0x00, 0x00, 0x00, 0x00, 0x00, 0x00, 0x00, 0x00, 0x00, 0x00, 0x00, 0x00, } },
  { .id = 196, .a = -1, .b = -1, .token = {0xc4, 0x00, 0x00, 0x00, 0x00, 0x00, 0x00, 0x00, 0x00, 0x00, 0x00, 0x00, 0x00, 0x00, 0x00, 0x00, 0x00, 0x00, 0x00, 0x00, 0x00, 0x00, 0x00, 0x00, 0x00, 0x00, 0x00, 0x00, 0x00, 0x00, 0x00, 0x00, } },
  { .id = 197, .a = -1, .b = -1, .token = {0xc5, 0x00, 0x00, 0x00, 0x00, 0x00, 0x00, 0x00, 0x00, 0x00, 0x00, 0x00, 0x00, 0x00, 0x00, 0x00, 0x00, 0x00, 0x00, 0x00, 0x00, 0x00, 0x00, 0x00, 0x00, 0x00, 0x00, 0x00, 0x00, 0x00, 0x00, 0x00, } },
  { .id = 198, .a = -1, .b = -1, .token = {0xc6, 0x00, 0x00, 0x00, 0x00, 0x00, 0x00, 0x00, 0x00, 0x00, 0x00, 0x00, 0x00, 0x00, 0x00, 0x00, 0x00, 0x00, 0x00, 0x00, 0x00, 0x00, 0x00, 0x00, 0x00, 0x00, 0x00, 0x00, 0x00, 0x00, 0x00, 0x00, } },
  { .id = 199, .a = -1, .b = -1, .token = {0xc7, 0x00, 0x00, 0x00, 0x00, 0x00, 0x00, 0x00, 0x00, 0x00, 0x00, 0x00, 0x00, 0x00, 0x00, 0x00, 0x00, 0x00, 0x00, 0x00, 0x00, 0x00, 0x00, 0x00, 0x00, 0x00, 0x00, 0x00, 0x00, 0x00, 0x00, 0x00, } },
  { .id = 200, .a = -1, .b = -1, .token = {0xc8, 0x00, 0x00, 0x00, 0x00, 0x00, 0x00, 0x00, 0x00, 0x00, 0x00, 0x00, 0x00, 0x00, 0x00, 0x00, 0x00, 0x00, 0x00, 0x00, 0x00, 0x00, 0x00, 0x00, 0x00, 0x00, 0x00, 0x00, 0x00, 0x00, 0x00, 0x00, } },
  { .id = 201, .a = -1, .b = -1, .token = {0xc9, 0x00, 0x00, 0x00, 0x00, 0x00, 0x00, 0x00, 0x00, 0x00, 0x00, 0x00, 0x00, 0x00, 0x00, 0x00, 0x00, 0x00, 0x00, 0x00, 0x00, 0x00, 0x00, 0x00, 0x00, 0x00, 0x00, 0x00, 0x00, 0x00, 0x00, 0x00, } },
  { .id = 202, .a = -1, .b = -1, .token = {0xca, 0x00, 0x00, 0x00, 0x00, 0x00, 0x00, 0x00, 0x00, 0x00, 0x00, 0x00, 0x00, 0x00, 0x00, 0x00, 0x00, 0x00, 0x00, 0x00, 0x00, 0x00, 0x00, 0x00, 0x00, 0x00, 0x00, 0x00, 0x00, 0x00, 0x00, 0x00, } },
  { .id = 203, .a = -1, .b = -1, .token = {0xcb, 0x00, 0x00, 0x00, 0x00, 0x00, 0x00, 0x00, 0x00, 0x00, 0x00, 0x00, 0x00, 0x00, 0x00, 0x00, 0x00, 0x00, 0x00, 0x00, 0x00, 0x00, 0x00, 0x00, 0x00, 0x00, 0x00, 0x00, 0x00, 0x00, 0x00, 0x00, } },
  { .id = 204, .a = -1, .b = -1, .token = {0xcc, 0x00, 0x00, 0x00, 0x00, 0x00, 0x00, 0x00, 0x00, 0x00, 0x00, 0x00, 0x00, 0x00, 0x00, 0x00, 0x00, 0x00, 0x00, 0x00, 0x00, 0x00, 0x00, 0x00, 0x00, 0x00, 0x00, 0x00, 0x00, 0x00, 0x00, 0x00, } },
  { .id = 205, .a = -1, .b = -1, .token = {0xcd, 0x00, 0x00, 0x00, 0x00, 0x00, 0x00, 0x00, 0x00, 0x00, 0x00, 0x00, 0x00, 0x00, 0x00, 0x00, 0x00, 0x00, 0x00, 0x00, 0x00, 0x00, 0x00, 0x00, 0x00, 0x00, 0x00, 0x00, 0x00, 0x00, 0x00, 0x00, } },
  { .id = 206, .a = -1, .b = -1, .token = {0xce, 0x00, 0x00, 0x00, 0x00, 0x00, 0x00, 0x00, 0x00, 0x00, 0x00, 0x00, 0x00, 0x00, 0x00, 0x00, 0x00, 0x00, 0x00, 0x00, 0x00, 0x00, 0x00, 0x00, 0x00, 0x00, 0x00, 0x00, 0x00, 0x00, 0x00, 0x00, } },
  { .id = 207, .a = -1, .b = -1, .token = {0xcf, 0x00, 0x00, 0x00, 0x00, 0x00, 0x00, 0x00, 0x00, 0x00, 0x00, 0x00, 0x00, 0x00, 0x00, 0x00, 0x00, 0x00, 0x00, 0x00, 0x00, 0x00, 0x00, 0x00, 0x00, 0x00, 0x00, 0x00, 0x00, 0x00, 0x00, 0x00, } },
  { .id = 208, .a = -1, .b = -1, .token = {0xd0, 0x00, 0x00, 0x00, 0x00, 0x00, 0x00, 0x00, 0x00, 0x00, 0x00, 0x00, 0x00, 0x00, 0x00, 0x00, 0x00, 0x00, 0x00, 0x00, 0x00, 0x00, 0x00, 0x00, 0x00, 0x00, 0x00, 0x00, 0x00, 0x00, 0x00, 0x00, } },
  { .id = 209, .a = -1, .b = -1, .token = {0xd1, 0x00, 0x00, 0x00, 0x00, 0x00, 0x00, 0x00, 0x00, 0x00, 0x00, 0x00, 0x00, 0x00, 0x00, 0x00, 0x00, 0x00, 0x00, 0x00, 0x00, 0x00, 0x00, 0x00, 0x00, 0x00, 0x00, 0x00, 0x00, 0x00, 0x00, 0x00, } },
  { .id = 210, .a = -1, .b = -1, .token = {0xd2, 0x00, 0x00, 0x00, 0x00, 0x00, 0x00, 0x00, 0x00, 0x00, 0x00, 0x00, 0x00, 0x00, 0x00, 0x00, 0x00, 0x00, 0x00, 0x00, 0x00, 0x00, 0x00, 0x00, 0x00, 0x00, 0x00, 0x00, 0x00, 0x00, 0x00, 0x00, } },
  { .id = 211, .a = -1, .b = -1, .token = {0xd3, 0x00, 0x00, 0x00, 0x00, 0x00, 0x00, 0x00, 0x00, 0x00, 0x00, 0x00, 0x00, 0x00, 0x00, 0x00, 0x00, 0x00, 0x00, 0x00, 0x00, 0x00, 0x00, 0x00, 0x00, 0x00, 0x00, 0x00, 0x00, 0x00, 0x00, 0x00, } },
  { .id = 212, .a = -1, .b = -1, .token = {0xd4, 0x00, 0x00, 0x00, 0x00, 0x00, 0x00, 0x00, 0x00, 0x00, 0x00, 0x00, 0x00, 0x00, 0x00, 0x00, 0x00, 0x00, 0x00, 0x00, 0x00, 0x00, 0x00, 0x00, 0x00, 0x00, 0x00, 0x00, 0x00, 0x00, 0x00, 0x00, } },
  { .id = 213, .a = -1, .b = -1, .token = {0xd5, 0x00, 0x00, 0x00, 0x00, 0x00, 0x00, 0x00, 0x00, 0x00, 0x00, 0x00, 0x00, 0x00, 0x00, 0x00, 0x00, 0x00, 0x00, 0x00, 0x00, 0x00, 0x00, 0x00, 0x00, 0x00, 0x00, 0x00, 0x00, 0x00, 0x00, 0x00, } },
  { .id = 214, .a = -1, .b = -1, .token = {0xd6, 0x00, 0x00, 0x00, 0x00, 0x00, 0x00, 0x00, 0x00, 0x00, 0x00, 0x00, 0x00, 0x00, 0x00, 0x00, 0x00, 0x00, 0x00, 0x00, 0x00, 0x00, 0x00, 0x00, 0x00, 0x00, 0x00, 0x00, 0x00, 0x00, 0x00, 0x00, } },
  { .id = 215, .a = -1, .b = -1, .token = {0xd7, 0x00, 0x00, 0x00, 0x00, 0x00, 0x00, 0x00, 0x00, 0x00, 0x00, 0x00, 0x00, 0x00, 0x00, 0x00, 0x00, 0x00, 0x00, 0x00, 0x00, 0x00, 0x00, 0x00, 0x00, 0x00, 0x00, 0x00, 0x00, 0x00, 0x00, 0x00, } },
  { .id = 216, .a = -1, .b = -1, .token = {0xd8, 0x00, 0x00, 0x00, 0x00, 0x00, 0x00, 0x00, 0x00, 0x00, 0x00, 0x00, 0x00, 0x00, 0x00, 0x00, 0x00, 0x00, 0x00, 0x00, 0x00, 0x00, 0x00, 0x00, 0x00, 0x00, 0x00, 0x00, 0x00, 0x00, 0x00, 0x00, } },
  { .id = 217, .a = -1, .b = -1, .token = {0xd9, 0x00, 0x00, 0x00, 0x00, 0x00, 0x00, 0x00, 0x00, 0x00, 0x00, 0x00, 0x00, 0x00, 0x00, 0x00, 0x00, 0x00, 0x00, 0x00, 0x00, 0x00, 0x00, 0x00, 0x00, 0x00, 0x00, 0x00, 0x00, 0x00, 0x00, 0x00, } },
  { .id = 218, .a = -1, .b = -1, .token = {0xda, 0x00, 0x00, 0x00, 0x00, 0x00, 0x00, 0x00, 0x00, 0x00, 0x00, 0x00, 0x00, 0x00, 0x00, 0x00, 0x00, 0x00, 0x00, 0x00, 0x00, 0x00, 0x00, 0x00, 0x00, 0x00, 0x00, 0x00, 0x00, 0x00, 0x00, 0x00, } },
  { .id = 219, .a = -1, .b = -1, .token = {0xdb, 0x00, 0x00, 0x00, 0x00, 0x00, 0x00, 0x00, 0x00, 0x00, 0x00, 0x00, 0x00, 0x00, 0x00, 0x00, 0x00, 0x00, 0x00, 0x00, 0x00, 0x00, 0x00, 0x00, 0x00, 0x00, 0x00, 0x00, 0x00, 0x00, 0x00, 0x00, } },
  { .id = 220, .a = -1, .b = -1, .token = {0xdc, 0x00, 0x00, 0x00, 0x00, 0x00, 0x00, 0x00, 0x00, 0x00, 0x00, 0x00, 0x00, 0x00, 0x00, 0x00, 0x00, 0x00, 0x00, 0x00, 0x00, 0x00, 0x00, 0x00, 0x00, 0x00, 0x00, 0x00, 0x00, 0x00, 0x00, 0x00, } },
  { .id = 221, .a = -1, .b = -1, .token = {0xdd, 0x00, 0x00, 0x00, 0x00, 0x00, 0x00, 0x00, 0x00, 0x00, 0x00, 0x00, 0x00, 0x00, 0x00, 0x00, 0x00, 0x00, 0x00, 0x00, 0x00, 0x00, 0x00, 0x00, 0x00, 0x00, 0x00, 0x00, 0x00, 0x00, 0x00, 0x00, } },
  { .id = 222, .a = -1, .b = -1, .token = {0xde, 0x00, 0x00, 0x00, 0x00, 0x00, 0x00, 0x00, 0x00, 0x00, 0x00, 0x00, 0x00, 0x00, 0x00, 0x00, 0x00, 0x00, 0x00, 0x00, 0x00, 0x00, 0x00, 0x00, 0x00, 0x00, 0x00, 0x00, 0x00, 0x00, 0x00, 0x00, } },
  { .id = 223, .a = -1, .b = -1, .token = {0xdf, 0x00, 0x00, 0x00, 0x00, 0x00, 0x00, 0x00, 0x00, 0x00, 0x00, 0x00, 0x00, 0x00, 0x00, 0x00, 0x00, 0x00, 0x00, 0x00, 0x00, 0x00, 0x00, 0x00, 0x00, 0x00, 0x00, 0x00, 0x00, 0x00, 0x00, 0x00, } },
  { .id = 224, .a = -1, .b = -1, .token = {0xe0, 0x00, 0x00, 0x00, 0x00, 0x00, 0x00, 0x00, 0x00, 0x00, 0x00, 0x00, 0x00, 0x00, 0x00, 0x00, 0x00, 0x00, 0x00, 0x00, 0x00, 0x00, 0x00, 0x00, 0x00, 0x00, 0x00, 0x00, 0x00, 0x00, 0x00, 0x00, } },
  { .id = 225, .a = -1, .b = -1, .token = {0xe1, 0x00, 0x00, 0x00, 0x00, 0x00, 0x00, 0x00, 0x00, 0x00, 0x00, 0x00, 0x00, 0x00, 0x00, 0x00, 0x00, 0x00, 0x00, 0x00, 0x00, 0x00, 0x00, 0x00, 0x00, 0x00, 0x00, 0x00, 0x00, 0x00, 0x00, 0x00, } },
  { .id = 226, .a = -1, .b = -1, .token = {0xe2, 0x00, 0x00, 0x00, 0x00, 0x00, 0x00, 0x00, 0x00, 0x00, 0x00, 0x00, 0x00, 0x00, 0x00, 0x00, 0x00, 0x00, 0x00, 0x00, 0x00, 0x00, 0x00, 0x00, 0x00, 0x00, 0x00, 0x00, 0x00, 0x00, 0x00, 0x00, } },
  { .id = 227, .a = -1, .b = -1, .token = {0xe3, 0x00, 0x00, 0x00, 0x00, 0x00, 0x00, 0x00, 0x00, 0x00, 0x00, 0x00, 0x00, 0x00, 0x00, 0x00, 0x00, 0x00, 0x00, 0x00, 0x00, 0x00, 0x00, 0x00, 0x00, 0x00, 0x00, 0x00, 0x00, 0x00, 0x00, 0x00, } },
  { .id = 228, .a = -1, .b = -1, .token = {0xe4, 0x00, 0x00, 0x00, 0x00, 0x00, 0x00, 0x00, 0x00, 0x00, 0x00, 0x00, 0x00, 0x00, 0x00, 0x00, 0x00, 0x00, 0x00, 0x00, 0x00, 0x00, 0x00, 0x00, 0x00, 0x00, 0x00, 0x00, 0x00, 0x00, 0x00, 0x00, } },
  { .id = 229, .a = -1, .b = -1, .token = {0xe5, 0x00, 0x00, 0x00, 0x00, 0x00, 0x00, 0x00, 0x00, 0x00, 0x00, 0x00, 0x00, 0x00, 0x00, 0x00, 0x00, 0x00, 0x00, 0x00, 0x00, 0x00, 0x00, 0x00, 0x00, 0x00, 0x00, 0x00, 0x00, 0x00, 0x00, 0x00, } },
  { .id = 230, .a = -1, .b = -1, .token = {0xe6, 0x00, 0x00, 0x00, 0x00, 0x00, 0x00, 0x00, 0x00, 0x00, 0x00, 0x00, 0x00, 0x00, 0x00, 0x00, 0x00, 0x00, 0x00, 0x00, 0x00, 0x00, 0x00, 0x00, 0x00, 0x00, 0x00, 0x00, 0x00, 0x00, 0x00, 0x00, } },
  { .id = 231, .a = -1, .b = -1, .token = {0xe7, 0x00, 0x00, 0x00, 0x00, 0x00, 0x00, 0x00, 0x00, 0x00, 0x00, 0x00, 0x00, 0x00, 0x00, 0x00, 0x00, 0x00, 0x00, 0x00, 0x00, 0x00, 0x00, 0x00, 0x00, 0x00, 0x00, 0x00, 0x00, 0x00, 0x00, 0x00, } },
  { .id = 232, .a = -1, .b = -1, .token = {0xe8, 0x00, 0x00, 0x00, 0x00, 0x00, 0x00, 0x00, 0x00, 0x00, 0x00, 0x00, 0x00, 0x00, 0x00, 0x00, 0x00, 0x00, 0x00, 0x00, 0x00, 0x00, 0x00, 0x00, 0x00, 0x00, 0x00, 0x00, 0x00, 0x00, 0x00, 0x00, } },
  { .id = 233, .a = -1, .b = -1, .token = {0xe9, 0x00, 0x00, 0x00, 0x00, 0x00, 0x00, 0x00, 0x00, 0x00, 0x00, 0x00, 0x00, 0x00, 0x00, 0x00, 0x00, 0x00, 0x00, 0x00, 0x00, 0x00, 0x00, 0x00, 0x00, 0x00, 0x00, 0x00, 0x00, 0x00, 0x00, 0x00, } },
  { .id = 234, .a = -1, .b = -1, .token = {0xea, 0x00, 0x00, 0x00, 0x00, 0x00, 0x00, 0x00, 0x00, 0x00, 0x00, 0x00, 0x00, 0x00, 0x00, 0x00, 0x00, 0x00, 0x00, 0x00, 0x00, 0x00, 0x00, 0x00, 0x00, 0x00, 0x00, 0x00, 0x00, 0x00, 0x00, 0x00, } },
  { .id = 235, .a = -1, .b = -1, .token = {0xeb, 0x00, 0x00, 0x00, 0x00, 0x00, 0x00, 0x00, 0x00, 0x00, 0x00, 0x00, 0x00, 0x00, 0x00, 0x00, 0x00, 0x00, 0x00, 0x00, 0x00, 0x00, 0x00, 0x00, 0x00, 0x00, 0x00, 0x00, 0x00, 0x00, 0x00, 0x00, } },
  { .id = 236, .a = -1, .b = -1, .token = {0xec, 0x00, 0x00, 0x00, 0x00, 0x00, 0x00, 0x00, 0x00, 0x00, 0x00, 0x00, 0x00, 0x00, 0x00, 0x00, 0x00, 0x00, 0x00, 0x00, 0x00, 0x00, 0x00, 0x00, 0x00, 0x00, 0x00, 0x00, 0x00, 0x00, 0x00, 0x00, } },
  { .id = 237, .a = -1, .b = -1, .token = {0xed, 0x00, 0x00, 0x00, 0x00, 0x00, 0x00, 0x00, 0x00, 0x00, 0x00, 0x00, 0x00, 0x00, 0x00, 0x00, 0x00, 0x00, 0x00, 0x00, 0x00, 0x00, 0x00, 0x00, 0x00, 0x00, 0x00, 0x00, 0x00, 0x00, 0x00, 0x00, } },
  { .id = 238, .a = -1, .b = -1, .token = {0xee, 0x00, 0x00, 0x00, 0x00, 0x00, 0x00, 0x00, 0x00, 0x00, 0x00, 0x00, 0x00, 0x00, 0x00, 0x00, 0x00, 0x00, 0x00, 0x00, 0x00, 0x00, 0x00, 0x00, 0x00, 0x00, 0x00, 0x00, 0x00, 0x00, 0x00, 0x00, } },
  { .id = 239, .a = -1, .b = -1, .token = {0xef, 0x00, 0x00, 0x00, 0x00, 0x00, 0x00, 0x00, 0x00, 0x00, 0x00, 0x00, 0x00, 0x00, 0x00, 0x00, 0x00, 0x00, 0x00, 0x00, 0x00, 0x00, 0x00, 0x00, 0x00, 0x00, 0x00, 0x00, 0x00, 0x00, 0x00, 0x00, } },
  { .id = 240, .a = -1, .b = -1, .token = {0xf0, 0x00, 0x00, 0x00, 0x00, 0x00, 0x00, 0x00, 0x00, 0x00, 0x00, 0x00, 0x00, 0x00, 0x00, 0x00, 0x00, 0x00, 0x00, 0x00, 0x00, 0x00, 0x00, 0x00, 0x00, 0x00, 0x00, 0x00, 0x00, 0x00, 0x00, 0x00, } },
  { .id = 241, .a = -1, .b = -1, .token = {0xf1, 0x00, 0x00, 0x00, 0x00, 0x00, 0x00, 0x00, 0x00, 0x00, 0x00, 0x00, 0x00, 0x00, 0x00, 0x00, 0x00, 0x00, 0x00, 0x00, 0x00, 0x00, 0x00, 0x00, 0x00, 0x00, 0x00, 0x00, 0x00, 0x00, 0x00, 0x00, } },
  { .id = 242, .a = -1, .b = -1, .token = {0xf2, 0x00, 0x00, 0x00, 0x00, 0x00, 0x00, 0x00, 0x00, 0x00, 0x00, 0x00, 0x00, 0x00, 0x00, 0x00, 0x00, 0x00, 0x00, 0x00, 0x00, 0x00, 0x00, 0x00, 0x00, 0x00, 0x00, 0x00, 0x00, 0x00, 0x00, 0x00, } },
  { .id = 243, .a = -1, .b = -1, .token = {0xf3, 0x00, 0x00, 0x00, 0x00, 0x00, 0x00, 0x00, 0x00, 0x00, 0x00, 0x00, 0x00, 0x00, 0x00, 0x00, 0x00, 0x00, 0x00, 0x00, 0x00, 0x00, 0x00, 0x00, 0x00, 0x00, 0x00, 0x00, 0x00, 0x00, 0x00, 0x00, } },
  { .id = 244, .a = -1, .b = -1, .token = {0xf4, 0x00, 0x00, 0x00, 0x00, 0x00, 0x00, 0x00, 0x00, 0x00, 0x00, 0x00, 0x00, 0x00, 0x00, 0x00, 0x00, 0x00, 0x00, 0x00, 0x00, 0x00, 0x00, 0x00, 0x00, 0x00, 0x00, 0x00, 0x00, 0x00, 0x00, 0x00, } },
  { .id = 245, .a = -1, .b = -1, .token = {0xf5, 0x00, 0x00, 0x00, 0x00, 0x00, 0x00, 0x00, 0x00, 0x00, 0x00, 0x00, 0x00, 0x00, 0x00, 0x00, 0x00, 0x00, 0x00, 0x00, 0x00, 0x00, 0x00, 0x00, 0x00, 0x00, 0x00, 0x00, 0x00, 0x00, 0x00, 0x00, } },
  { .id = 246, .a = -1, .b = -1, .token = {0xf6, 0x00, 0x00, 0x00, 0x00, 0x00, 0x00, 0x00, 0x00, 0x00, 0x00, 0x00, 0x00, 0x00, 0x00, 0x00, 0x00, 0x00, 0x00, 0x00, 0x00, 0x00, 0x00, 0x00, 0x00, 0x00, 0x00, 0x00, 0x00, 0x00, 0x00, 0x00, } },
  { .id = 247, .a = -1, .b = -1, .token = {0xf7, 0x00, 0x00, 0x00, 0x00, 0x00, 0x00, 0x00, 0x00, 0x00, 0x00, 0x00, 0x00, 0x00, 0x00, 0x00, 0x00, 0x00, 0x00, 0x00, 0x00, 0x00, 0x00, 0x00, 0x00, 0x00, 0x00, 0x00, 0x00, 0x00, 0x00, 0x00, } },
  { .id = 248, .a = -1, .b = -1, .token = {0xf8, 0x00, 0x00, 0x00, 0x00, 0x00, 0x00, 0x00, 0x00, 0x00, 0x00, 0x00, 0x00, 0x00, 0x00, 0x00, 0x00, 0x00, 0x00, 0x00, 0x00, 0x00, 0x00, 0x00, 0x00, 0x00, 0x00, 0x00, 0x00, 0x00, 0x00, 0x00, } },
  { .id = 249, .a = -1, .b = -1, .token = {0xf9, 0x00, 0x00, 0x00, 0x00, 0x00, 0x00, 0x00, 0x00, 0x00, 0x00, 0x00, 0x00, 0x00, 0x00, 0x00, 0x00, 0x00, 0x00, 0x00, 0x00, 0x00, 0x00, 0x00, 0x00, 0x00, 0x00, 0x00, 0x00, 0x00, 0x00, 0x00, } },
  { .id = 250, .a = -1, .b = -1, .token = {0xfa, 0x00, 0x00, 0x00, 0x00, 0x00, 0x00, 0x00, 0x00, 0x00, 0x00, 0x00, 0x00, 0x00, 0x00, 0x00, 0x00, 0x00, 0x00, 0x00, 0x00, 0x00, 0x00, 0x00, 0x00, 0x00, 0x00, 0x00, 0x00, 0x00, 0x00, 0x00, } },
  { .id = 251, .a = -1, .b = -1, .token = {0xfb, 0x00, 0x00, 0x00, 0x00, 0x00, 0x00, 0x00, 0x00, 0x00, 0x00, 0x00, 0x00, 0x00, 0x00, 0x00, 0x00, 0x00, 0x00, 0x00, 0x00, 0x00, 0x00, 0x00, 0x00, 0x00, 0x00, 0x00, 0x00, 0x00, 0x00, 0x00, } },
  { .id = 252, .a = -1, .b = -1, .token = {0xfc, 0x00, 0x00, 0x00, 0x00, 0x00, 0x00, 0x00, 0x00, 0x00, 0x00, 0x00, 0x00, 0x00, 0x00, 0x00, 0x00, 0x00, 0x00, 0x00, 0x00, 0x00, 0x00, 0x00, 0x00, 0x00, 0x00, 0x00, 0x00, 0x00, 0x00, 0x00, } },
  { .id = 253, .a = -1, .b = -1, .token = {0xfd, 0x00, 0x00, 0x00, 0x00, 0x00, 0x00, 0x00, 0x00, 0x00, 0x00, 0x00, 0x00, 0x00, 0x00, 0x00, 0x00, 0x00, 0x00, 0x00, 0x00, 0x00, 0x00, 0x00, 0x00, 0x00, 0x00, 0x00, 0x00, 0x00, 0x00, 0x00, } },
  { .id = 254, .a = -1, .b = -1, .token = {0xfe, 0x00, 0x00, 0x00, 0x00, 0x00, 0x00, 0x00, 0x00, 0x00, 0x00, 0x00, 0x00, 0x00, 0x00, 0x00, 0x00, 0x00, 0x00, 0x00, 0x00, 0x00, 0x00, 0x00, 0x00, 0x00, 0x00, 0x00, 0x00, 0x00, 0x00, 0x00, } },
  { .id = 255, .a = -1, .b = -1, .token = {0xff, 0x00, 0x00, 0x00, 0x00, 0x00, 0x00, 0x00, 0x00, 0x00, 0x00, 0x00, 0x00, 0x00, 0x00, 0x00, 0x00, 0x00, 0x00, 0x00, 0x00, 0x00, 0x00, 0x00, 0x00, 0x00, 0x00, 0x00, 0x00, 0x00, 0x00, 0x00, } },
  { .id = 256, .a = -1, .b = -1, .token = {'<', 'E', 'O', 'S', '>', 0x00, 0x00, 0x00, 0x00, 0x00, 0x00, 0x00, 0x00, 0x00, 0x00, 0x00, 0x00, 0x00, 0x00, 0x00, 0x00, 0x00, 0x00, 0x00, 0x00, 0x00, 0x00, 0x00, 0x00, 0x00, 0x00, 0x00, } },
  { .id = 257, .a = 32, .b = 116, .token = {' ', 't', 0x00, 0x00, 0x00, 0x00, 0x00, 0x00, 0x00, 0x00, 0x00, 0x00, 0x00, 0x00, 0x00, 0x00, 0x00, 0x00, 0x00, 0x00, 0x00, 0x00, 0x00, 0x00, 0x00, 0x00, 0x00, 0x00, 0x00, 0x00, 0x00, 0x00, } },
  { .id = 258, .a = 104, .b = 101, .token = {'h', 'e', 0x00, 0x00, 0x00, 0x00, 0x00, 0x00, 0x00, 0x00, 0x00, 0x00, 0x00, 0x00, 0x00, 0x00, 0x00, 0x00, 0x00, 0x00, 0x00, 0x00, 0x00, 0x00, 0x00, 0x00, 0x00, 0x00, 0x00, 0x00, 0x00, 0x00, } },
  { .id = 259, .a = 32, .b = 97, .token = {' ', 'a', 0x00, 0x00, 0x00, 0x00, 0x00, 0x00, 0x00, 0x00, 0x00, 0x00, 0x00, 0x00, 0x00, 0x00, 0x00, 0x00, 0x00, 0x00, 0x00, 0x00, 0x00, 0x00, 0x00, 0x00, 0x00, 0x00, 0x00, 0x00, 0x00, 0x00, } },
  { .id = 260, .a = 105, .b = 110, .token = {'i', 'n', 0x00, 0x00, 0x00, 0x00, 0x00, 0x00, 0x00, 0x00, 0x00, 0x00, 0x00, 0x00, 0x00, 0x00, 0x00, 0x00, 0x00, 0x00, 0x00, 0x00, 0x00, 0x00, 0x00, 0x00, 0x00, 0x00, 0x00, 0x00, 0x00, 0x00, } },
  { .id = 261, .a = 257, .b = 258, .token = {' ', 't', 'h', 'e', 0x00, 0x00, 0x00, 0x00, 0x00, 0x00, 0x00, 0x00, 0x00, 0x00, 0x00, 0x00, 0x00, 0x00, 0x00, 0x00, 0x00, 0x00, 0x00, 0x00, 0x00, 0x00, 0x00, 0x00, 0x00, 0x00, 0x00, 0x00, } },
  { .id = 262, .a = 111, .b = 110, .token = {'o', 'n', 0x00, 0x00, 0x00, 0x00, 0x00, 0x00, 0x00, 0x00, 0x00, 0x00, 0x00, 0x00, 0x00, 0x00, 0x00, 0x00, 0x00, 0x00, 0x00, 0x00, 0x00, 0x00, 0x00, 0x00, 0x00, 0x00, 0x00, 0x00, 0x00, 0x00, } },
  { .id = 263, .a = 101, .b = 114, .token = {'e', 'r', 0x00, 0x00, 0x00, 0x00, 0x00, 0x00, 0x00, 0x00, 0x00, 0x00, 0x00, 0x00, 0x00, 0x00, 0x00, 0x00, 0x00, 0x00, 0x00, 0x00, 0x00, 0x00, 0x00, 0x00, 0x00, 0x00, 0x00, 0x00, 0x00, 0x00, } },
  { .id = 264, .a = 101, .b = 110, .token = {'e', 'n', 0x00, 0x00, 0x00, 0x00, 0x00, 0x00, 0x00, 0x00, 0x00, 0x00, 0x00, 0x00, 0x00, 0x00, 0x00, 0x00, 0x00, 0x00, 0x00, 0x00, 0x00, 0x00, 0x00, 0x00, 0x00, 0x00, 0x00, 0x00, 0x00, 0x00, } },
  { .id = 265, .a = 32, .b = 115, .token = {' ', 's', 0x00, 0x00, 0x00, 0x00, 0x00, 0x00, 0x00, 0x00, 0x00, 0x00, 0x00, 0x00, 0x00, 0x00, 0x00, 0x00, 0x00, 0x00, 0x00, 0x00, 0x00, 0x00, 0x00, 0x00, 0x00, 0x00, 0x00, 0x00, 0x00, 0x00, } },
  { .id = 266, .a = 114, .b = 101, .token = {'r', 'e', 0x00, 0x00, 0x00, 0x00, 0x00, 0x00, 0x00, 0x00, 0x00, 0x00, 0x00, 0x00, 0x00, 0x00, 0x00, 0x00, 0x00, 0x00, 0x00, 0x00, 0x00, 0x00, 0x00, 0x00, 0x00, 0x00, 0x00, 0x00, 0x00, 0x00, } },
  { .id = 267, .a = 105, .b = 115, .token = {'i', 's', 0x00, 0x00, 0x00, 0x00, 0x00, 0x00, 0x00, 0x00, 0x00, 0x00, 0x00, 0x00, 0x00, 0x00, 0x00, 0x00, 0x00, 0x00, 0x00, 0x00, 0x00, 0x00, 0x00, 0x00, 0x00, 0x00, 0x00, 0x00, 0x00, 0x00, } },
  { .id = 268, .a = 97, .b = 116, .token = {'a', 't', 0x00, 0x00, 0x00, 0x00, 0x00, 0x00, 0x00, 0x00, 0x00, 0x00, 0x00, 0x00, 0x00, 0x00, 0x00, 0x00, 0x00, 0x00, 0x00, 0x00, 0x00, 0x00, 0x00, 0x00, 0x00, 0x00, 0x00, 0x00, 0x00, 0x00, } },
  { .id = 269, .a = 32, .b = 99, .token = {' ', 'c', 0x00, 0x00, 0x00, 0x00, 0x00, 0x00, 0x00, 0x00, 0x00, 0x00, 0x00, 0x00, 0x00, 0x00, 0x00, 0x00, 0x00, 0x00, 0x00, 0x00, 0x00, 0x00, 0x00, 0x00, 0x00, 0x00, 0x00, 0x00, 0x00, 0x00, } },
  { .id = 270, .a = 101, .b = 115, .token = {'e', 's', 0x00, 0x00, 0x00, 0x00, 0x00, 0x00, 0x00, 0x00, 0x00, 0x00, 0x00, 0x00, 0x00, 0x00, 0x00, 0x00, 0x00, 0x00, 0x00, 0x00, 0x00, 0x00, 0x00, 0x00, 0x00, 0x00, 0x00, 0x00, 0x00, 0x00, } },
  { .id = 271, .a = 97, .b = 110, .token = {'a', 'n', 0x00, 0x00, 0x00, 0x00, 0x00, 0x00, 0x00, 0x00, 0x00, 0x00, 0x00, 0x00, 0x00, 0x00, 0x00, 0x00, 0x00, 0x00, 0x00, 0x00, 0x00, 0x00, 0x00, 0x00, 0x00, 0x00, 0x00, 0x00, 0x00, 0x00, } },
  { .id = 272, .a = 32, .b = 111, .token = {' ', 'o', 0x00, 0x00, 0x00, 0x00, 0x00, 0x00, 0x00, 0x00, 0x00, 0x00, 0x00, 0x00, 0x00, 0x00, 0x00, 0x00, 0x00, 0x00, 0x00, 0x00, 0x00, 0x00, 0x00, 0x00, 0x00, 0x00, 0x00, 0x00, 0x00, 0x00, } },
  { .id = 273, .a = 32, .b = 119, .token = {' ', 'w', 0x00, 0x00, 0x00, 0x00, 0x00, 0x00, 0x00, 0x00, 0x00, 0x00, 0x00, 0x00, 0x00, 0x00, 0x00, 0x00, 0x00, 0x00, 0x00, 0x00, 0x00, 0x00, 0x00, 0x00, 0x00, 0x00, 0x00, 0x00, 0x00, 0x00, } },
  { .id = 274, .a = 32, .b = 112, .token = {' ', 'p', 0x00, 0x00, 0x00, 0x00, 0x00, 0x00, 0x00, 0x00, 0x00, 0x00, 0x00, 0x00, 0x00, 0x00, 0x00, 0x00, 0x00, 0x00, 0x00, 0x00, 0x00, 0x00, 0x00, 0x00, 0x00, 0x00, 0x00, 0x00, 0x00, 0x00, } },
  { .id = 275, .a = 260, .b = 103, .token = {'i', 'n', 'g', 0x00, 0x00, 0x00, 0x00, 0x00, 0x00, 0x00, 0x00, 0x00, 0x00, 0x00, 0x00, 0x00, 0x00, 0x00, 0x00, 0x00, 0x00, 0x00, 0x00, 0x00, 0x00, 0x00, 0x00, 0x00, 0x00, 0x00, 0x00, 0x00, } },
  { .id = 276, .a = 105, .b = 116, .token = {'i', 't', 0x00, 0x00, 0x00, 0x00, 0x00, 0x00, 0x00, 0x00, 0x00, 0x00, 0x00, 0x00, 0x00, 0x00, 0x00, 0x00, 0x00, 0x00, 0x00, 0x00, 0x00, 0x00, 0x00, 0x00, 0x00, 0x00, 0x00, 0x00, 0x00, 0x00, } },
  { .id = 277, .a = 259, .b = 110, .token = {' ', 'a', 'n', 0x00, 0x00, 0x00, 0x00, 0x00, 0x00, 0x00, 0x00, 0x00, 0x00, 0x00, 0x00, 0x00, 0x00, 0x00, 0x00, 0x00, 0x00, 0x00, 0x00, 0x00, 0x00, 0x00, 0x00, 0x00, 0x00, 0x00, 0x00, 0x00, } },
  { .id = 278, .a = 111, .b = 114, .token = {'o', 'r', 0x00, 0x00, 0x00, 0x00, 0x00, 0x00, 0x00, 0x00, 0x00, 0x00, 0x00, 0x00, 0x00, 0x00, 0x00, 0x00, 0x00, 0x00, 0x00, 0x00, 0x00, 0x00, 0x00, 0x00, 0x00, 0x00, 0x00, 0x00, 0x00, 0x00, } },
  { .id = 279, .a = 32, .b = 102, .token = {' ', 'f', 0x00, 0x00, 0x00, 0x00, 0x00, 0x00, 0x00, 0x00, 0x00, 0x00, 0x00, 0x00, 0x00, 0x00, 0x00, 0x00, 0x00, 0x00, 0x00, 0x00, 0x00, 0x00, 0x00, 0x00, 0x00, 0x00, 0x00, 0x00, 0x00, 0x00, } },
  { .id = 280, .a = 32, .b = 98, .token = {' ', 'b', 0x00, 0x00, 0x00, 0x00, 0x00, 0x00, 0x00, 0x00, 0x00, 0x00, 0x00, 0x00, 0x00, 0x00, 0x00, 0x00, 0x00, 0x00, 0x00, 0x00, 0x00, 0x00, 0x00, 0x00, 0x00, 0x00, 0x00, 0x00, 0x00, 0x00, } },
  { .id = 281, .a = 105, .b = 262, .token = {'i', 'o', 'n', 0x00, 0x00, 0x00, 0x00, 0x00, 0x00, 0x00, 0x00, 0x00, 0x00, 0x00, 0x00, 0x00, 0x00, 0x00, 0x00, 0x00, 0x00, 0x00, 0x00, 0x00, 0x00, 0x00, 0x00, 0x00, 0x00, 0x00, 0x00, 0x00, } },
  { .id = 282, .a = 97, .b = 108, .token = {'a', 'l', 0x00, 0x00, 0x00, 0x00, 0x00, 0x00, 0x00, 0x00, 0x00, 0x00, 0x00, 0x00, 0x00, 0x00, 0x00, 0x00, 0x00, 0x00, 0x00, 0x00, 0x00, 0x00, 0x00, 0x00, 0x00, 0x00, 0x00, 0x00, 0x00, 0x00, } },
  { .id = 283, .a = 101, .b = 100, .token = {'e', 'd', 0x00, 0x00, 0x00, 0x00, 0x00, 0x00, 0x00, 0x00, 0x00, 0x00, 0x00, 0x00, 0x00, 0x00, 0x00, 0x00, 0x00, 0x00, 0x00, 0x00, 0x00, 0x00, 0x00, 0x00, 0x00, 0x00, 0x00, 0x00, 0x00, 0x00, } },
  { .id = 284, .a = 32, .b = 260, .token = {' ', 'i', 'n', 0x00, 0x00, 0x00, 0x00, 0x00, 0x00, 0x00, 0x00, 0x00, 0x00, 0x00, 0x00, 0x00, 0x00, 0x00, 0x00, 0x00, 0x00, 0x00, 0x00, 0x00, 0x00, 0x00, 0x00, 0x00, 0x00, 0x00, 0x00, 0x00, } },
  { .id = 285, .a = 111, .b = 117, .token = {'o', 'u', 0x00, 0x00, 0x00, 0x00, 0x00, 0x00, 0x00, 0x00, 0x00, 0x00, 0x00, 0x00, 0x00, 0x00, 0x00, 0x00, 0x00, 0x00, 0x00, 0x00, 0x00, 0x00, 0x00, 0x00, 0x00, 0x00, 0x00, 0x00, 0x00, 0x00, } },
  { .id = 286, .a = 264, .b = 116, .token = {'e', 'n', 't', 0x00, 0x00, 0x00, 0x00, 0x00, 0x00, 0x00, 0x00, 0x00, 0x00, 0x00, 0x00, 0x00, 0x00, 0x00, 0x00, 0x00, 0x00, 0x00, 0x00, 0x00, 0x00, 0x00, 0x00, 0x00, 0x00, 0x00, 0x00, 0x00, } },
  { .id = 287, .a = 32, .b = 109, .token = {' ', 'm', 0x00, 0x00, 0x00, 0x00, 0x00, 0x00, 0x00, 0x00, 0x00, 0x00, 0x00, 0x00, 0x00, 0x00, 0x00, 0x00, 0x00, 0x00, 0x00, 0x00, 0x00, 0x00, 0x00, 0x00, 0x00, 0x00, 0x00, 0x00, 0x00, 0x00, } },
  { .id = 288, .a = 257, .b = 111, .token = {' ', 't', 'o', 0x00, 0x00, 0x00, 0x00, 0x00, 0x00, 0x00, 0x00, 0x00, 0x00, 0x00, 0x00, 0x00, 0x00, 0x00, 0x00, 0x00, 0x00, 0x00, 0x00, 0x00, 0x00, 0x00, 0x00, 0x00, 0x00, 0x00, 0x00, 0x00, } },
  { .id = 289, .a = 277, .b = 100, .token = {' ', 'a', 'n', 'd', 0x00, 0x00, 0x00, 0x00, 0x00, 0x00, 0x00, 0x00, 0x00, 0x00, 0x00, 0x00, 0x00, 0x00, 0x00, 0x00, 0x00, 0x00, 0x00, 0x00, 0x00, 0x00, 0x00, 0x00, 0x00, 0x00, 0x00, 0x00, } },
  { .id = 290, .a = 97, .b = 114, .token = {'a', 'r', 0x00, 0x00, 0x00, 0x00, 0x00, 0x00, 0x00, 0x00, 0x00, 0x00, 0x00, 0x00, 0x00, 0x00, 0x00, 0x00, 0x00, 0x00, 0x00, 0x00, 0x00, 0x00, 0x00, 0x00, 0x00, 0x00, 0x00, 0x00, 0x00, 0x00, } },
  { .id = 291, .a = 32, .b = 100, .token = {' ', 'd', 0x00, 0x00, 0x00, 0x00, 0x00, 0x00, 0x00, 0x00, 0x00, 0x00, 0x00, 0x00, 0x00, 0x00, 0x00, 0x00, 0x00, 0x00, 0x00, 0x00, 0x00, 0x00, 0x00, 0x00, 0x00, 0x00, 0x00, 0x00, 0x00, 0x00, } },
  { .id = 292, .a = 272, .b = 102, .token = {' ', 'o', 'f', 0x00, 0x00, 0x00, 0x00, 0x00, 0x00, 0x00, 0x00, 0x00, 0x00, 0x00, 0x00, 0x00, 0x00, 0x00, 0x00, 0x00, 0x00, 0x00, 0x00, 0x00, 0x00, 0x00, 0x00, 0x00, 0x00, 0x00, 0x00, 0x00, } },
  { .id = 293, .a = 108, .b = 101, .token = {'l', 'e', 0x00, 0x00, 0x00, 0x00, 0x00, 0x00, 0x00, 0x00, 0x00, 0x00, 0x00, 0x00, 0x00, 0x00, 0x00, 0x00, 0x00, 0x00, 0x00, 0x00, 0x00, 0x00, 0x00, 0x00, 0x00, 0x00, 0x00, 0x00, 0x00, 0x00, } },
  { .id = 294, .a = 105, .b = 99, .token = {'i', 'c', 0x00, 0x00, 0x00, 0x00, 0x00, 0x00, 0x00, 0x00, 0x00, 0x00, 0x00, 0x00, 0x00, 0x00, 0x00, 0x00, 0x00, 0x00, 0x00, 0x00, 0x00, 0x00, 0x00, 0x00, 0x00, 0x00, 0x00, 0x00, 0x00, 0x00, } },
  { .id = 295, .a = 97, .b = 115, .token = {'a', 's', 0x00, 0x00, 0x00, 0x00, 0x00, 0x00, 0x00, 0x00, 0x00, 0x00, 0x00, 0x00, 0x00, 0x00, 0x00, 0x00, 0x00, 0x00, 0x00, 0x00, 0x00, 0x00, 0x00, 0x00, 0x00, 0x00, 0x00, 0x00, 0x00, 0x00, } },
  { .id = 296, .a = 32, .b = 267, .token = {' ', 'i', 's', 0x00, 0x00, 0x00, 0x00, 0x00, 0x00, 0x00, 0x00, 0x00, 0x00, 0x00, 0x00, 0x00, 0x00, 0x00, 0x00, 0x00, 0x00, 0x00, 0x00, 0x00, 0x00, 0x00, 0x00, 0x00, 0x00, 0x00, 0x00, 0x00, } },
  { .id = 297, .a = 257, .b = 104, .token = {' ', 't', 'h', 0x00, 0x00, 0x00, 0x00, 0x00, 0x00, 0x00, 0x00, 0x00, 0x00, 0x00, 0x00, 0x00, 0x00, 0x00, 0x00, 0x00, 0x00, 0x00, 0x00, 0x00, 0x00, 0x00, 0x00, 0x00, 0x00, 0x00, 0x00, 0x00, } },
  { .id = 298, .a = 114, .b = 111, .token = {'r', 'o', 0x00, 0x00, 0x00, 0x00, 0x00, 0x00, 0x00, 0x00, 0x00, 0x00, 0x00, 0x00, 0x00, 0x00, 0x00, 0x00, 0x00, 0x00, 0x00, 0x00, 0x00, 0x00, 0x00, 0x00, 0x00, 0x00, 0x00, 0x00, 0x00, 0x00, } },
  { .id = 299, .a = 32, .b = 104, .token = {' ', 'h', 0x00, 0x00, 0x00, 0x00, 0x00, 0x00, 0x00, 0x00, 0x00, 0x00, 0x00, 0x00, 0x00, 0x00, 0x00, 0x00, 0x00, 0x00, 0x00, 0x00, 0x00, 0x00, 0x00, 0x00, 0x00, 0x00, 0x00, 0x00, 0x00, 0x00, } },
  { .id = 300, .a = 32, .b = 110, .token = {' ', 'n', 0x00, 0x00, 0x00, 0x00, 0x00, 0x00, 0x00, 0x00, 0x00, 0x00, 0x00, 0x00, 0x00, 0x00, 0x00, 0x00, 0x00, 0x00, 0x00, 0x00, 0x00, 0x00, 0x00, 0x00, 0x00, 0x00, 0x00, 0x00, 0x00, 0x00, } },
  { .id = 301, .a = 99, .b = 116, .token = {'c', 't', 0x00, 0x00, 0x00, 0x00, 0x00, 0x00, 0x00, 0x00, 0x00, 0x00, 0x00, 0x00, 0x00, 0x00, 0x00, 0x00, 0x00, 0x00, 0x00, 0x00, 0x00, 0x00, 0x00, 0x00, 0x00, 0x00, 0x00, 0x00, 0x00, 0x00, } },
  { .id = 302, .a = 32, .b = 84, .token = {' ', 'T', 0x00, 0x00, 0x00, 0x00, 0x00, 0x00, 0x00, 0x00, 0x00, 0x00, 0x00, 0x00, 0x00, 0x00, 0x00, 0x00, 0x00, 0x00, 0x00, 0x00, 0x00, 0x00, 0x00, 0x00, 0x00, 0x00, 0x00, 0x00, 0x00, 0x00, } },
  { .id = 303, .a = 111, .b = 116, .token = {'o', 't', 0x00, 0x00, 0x00, 0x00, 0x00, 0x00, 0x00, 0x00, 0x00, 0x00, 0x00, 0x00, 0x00, 0x00, 0x00, 0x00, 0x00, 0x00, 0x00, 0x00, 0x00, 0x00, 0x00, 0x00, 0x00, 0x00, 0x00, 0x00, 0x00, 0x00, } },
  { .id = 304, .a = 32, .b = 266, .token = {' ', 'r', 'e', 0x00, 0x00, 0x00, 0x00, 0x00, 0x00, 0x00, 0x00, 0x00, 0x00, 0x00, 0x00, 0x00, 0x00, 0x00, 0x00, 0x00, 0x00, 0x00, 0x00, 0x00, 0x00, 0x00, 0x00, 0x00, 0x00, 0x00, 0x00, 0x00, } },
  { .id = 305, .a = 99, .b = 101, .token = {'c', 'e', 0x00, 0x00, 0x00, 0x00, 0x00, 0x00, 0x00, 0x00, 0x00, 0x00, 0x00, 0x00, 0x00, 0x00, 0x00, 0x00, 0x00, 0x00, 0x00, 0x00, 0x00, 0x00, 0x00, 0x00, 0x00, 0x00, 0x00, 0x00, 0x00, 0x00, } },
  { .id = 306, .a = 32, .b = 101, .token = {' ', 'e', 0x00, 0x00, 0x00, 0x00, 0x00, 0x00, 0x00, 0x00, 0x00, 0x00, 0x00, 0x00, 0x00, 0x00, 0x00, 0x00, 0x00, 0x00, 0x00, 0x00, 0x00, 0x00, 0x00, 0x00, 0x00, 0x00, 0x00, 0x00, 0x00, 0x00, } },
  { .id = 307, .a = 111, .b = 109, .token = {'o', 'm', 0x00, 0x00, 0x00, 0x00, 0x00, 0x00, 0x00, 0x00, 0x00, 0x00, 0x00, 0x00, 0x00, 0x00, 0x00, 0x00, 0x00, 0x00, 0x00, 0x00, 0x00, 0x00, 0x00, 0x00, 0x00, 0x00, 0x00, 0x00, 0x00, 0x00, } },
  { .id = 308, .a = 32, .b = 108, .token = {' ', 'l', 0x00, 0x00, 0x00, 0x00, 0x00, 0x00, 0x00, 0x00, 0x00, 0x00, 0x00, 0x00, 0x00, 0x00, 0x00, 0x00, 0x00, 0x00, 0x00, 0x00, 0x00, 0x00, 0x00, 0x00, 0x00, 0x00, 0x00, 0x00, 0x00, 0x00, } },
  { .id = 309, .a = 118, .b = 101, .token = {'v', 'e', 0x00, 0x00, 0x00, 0x00, 0x00, 0x00, 0x00, 0x00, 0x00, 0x00, 0x00, 0x00, 0x00, 0x00, 0x00, 0x00, 0x00, 0x00, 0x00, 0x00, 0x00, 0x00, 0x00, 0x00, 0x00, 0x00, 0x00, 0x00, 0x00, 0x00, } },
  { .id = 310, .a = 105, .b = 108, .token = {'i', 'l', 0x00, 0x00, 0x00, 0x00, 0x00, 0x00, 0x00, 0x00, 0x00, 0x00, 0x00, 0x00, 0x00, 0x00, 0x00, 0x00, 0x00, 0x00, 0x00, 0x00, 0x00, 0x00, 0x00, 0x00, 0x00, 0x00, 0x00, 0x00, 0x00, 0x00, } },
  { .id = 311, .a = 117, .b = 115, .token = {'u', 's', 0x00, 0x00, 0x00, 0x00, 0x00, 0x00, 0x00, 0x00, 0x00, 0x00, 0x00, 0x00, 0x00, 0x00, 0x00, 0x00, 0x00, 0x00, 0x00, 0x00, 0x00, 0x00, 0x00, 0x00, 0x00, 0x00, 0x00, 0x00, 0x00, 0x00, } },
  { .id = 312, .a = 32, .b = 103, .token = {' ', 'g', 0x00, 0x00, 0x00, 0x00, 0x00, 0x00, 0x00, 0x00, 0x00, 0x00, 0x00, 0x00, 0x00, 0x00, 0x00, 0x00, 0x00, 0x00, 0x00, 0x00, 0x00, 0x00, 0x00, 0x00, 0x00, 0x00, 0x00, 0x00, 0x00, 0x00, } },
  { .id = 313, .a = 101, .b = 116, .token = {'e', 't', 0x00, 0x00, 0x00, 0x00, 0x00, 0x00, 0x00, 0x00, 0x00, 0x00, 0x00, 0x00, 0x00, 0x00, 0x00, 0x00, 0x00, 0x00, 0x00, 0x00, 0x00, 0x00, 0x00, 0x00, 0x00, 0x00, 0x00, 0x00, 0x00, 0x00, } },
  { .id = 314, .a = 268, .b = 281, .token = {'a', 't', 'i', 'o', 'n', 0x00, 0x00, 0x00, 0x00, 0x00, 0x00, 0x00, 0x00, 0x00, 0x00, 0x00, 0x00, 0x00, 0x00, 0x00, 0x00, 0x00, 0x00, 0x00, 0x00, 0x00, 0x00, 0x00, 0x00, 0x00, 0x00, 0x00, } },
  { .id = 315, .a = 105, .b = 100, .token = {'i', 'd', 0x00, 0x00, 0x00, 0x00, 0x00, 0x00, 0x00, 0x00, 0x00, 0x00, 0x00, 0x00, 0x00, 0x00, 0x00, 0x00, 0x00, 0x00, 0x00, 0x00, 0x00, 0x00, 0x00, 0x00, 0x00, 0x00, 0x00, 0x00, 0x00, 0x00, } },
  { .id = 316, .a = 108, .b = 121, .token = {'l', 'y', 0x00, 0x00, 0x00, 0x00, 0x00, 0x00, 0x00, 0x00, 0x00, 0x00, 0x00, 0x00, 0x00, 0x00, 0x00, 0x00, 0x00, 0x00, 0x00, 0x00, 0x00, 0x00, 0x00, 0x00, 0x00, 0x00, 0x00, 0x00, 0x00, 0x00, } },
  { .id = 317, .a = 111, .b = 119, .token = {'o', 'w', 0x00, 0x00, 0x00, 0x00, 0x00, 0x00, 0x00, 0x00, 0x00, 0x00, 0x00, 0x00, 0x00, 0x00, 0x00, 0x00, 0x00, 0x00, 0x00, 0x00, 0x00, 0x00, 0x00, 0x00, 0x00, 0x00, 0x00, 0x00, 0x00, 0x00, } },
  { .id = 318, .a = 115, .b = 115, .token = {'s', 's', 0x00, 0x00, 0x00, 0x00, 0x00, 0x00, 0x00, 0x00, 0x00, 0x00, 0x00, 0x00, 0x00, 0x00, 0x00, 0x00, 0x00, 0x00, 0x00, 0x00, 0x00, 0x00, 0x00, 0x00, 0x00, 0x00, 0x00, 0x00, 0x00, 0x00, } },
  { .id = 319, .a = 265, .b = 116, .token = {' ', 's', 't', 0x00, 0x00, 0x00, 0x00, 0x00, 0x00, 0x00, 0x00, 0x00, 0x00, 0x00, 0x00, 0x00, 0x00, 0x00, 0x00, 0x00, 0x00, 0x00, 0x00, 0x00, 0x00, 0x00, 0x00, 0x00, 0x00, 0x00, 0x00, 0x00, } },
  { .id = 320, .a = 111, .b = 108, .token = {'o', 'l', 0x00, 0x00, 0x00, 0x00, 0x00, 0x00, 0x00, 0x00, 0x00, 0x00, 0x00, 0x00, 0x00, 0x00, 0x00, 0x00, 0x00, 0x00, 0x00, 0x00, 0x00, 0x00, 0x00, 0x00, 0x00, 0x00, 0x00, 0x00, 0x00, 0x00, } },
  { .id = 321, .a = 267, .b = 116, .token = {'i', 's', 't', 0x00, 0x00, 0x00, 0x00, 0x00, 0x00, 0x00, 0x00, 0x00, 0x00, 0x00, 0x00, 0x00, 0x00, 0x00, 0x00, 0x00, 0x00, 0x00, 0x00, 0x00, 0x00, 0x00, 0x00, 0x00, 0x00, 0x00, 0x00, 0x00, } },
  { .id = 322, .a = 271, .b = 116, .token = {'a', 'n', 't', 0x00, 0x00, 0x00, 0x00, 0x00, 0x00, 0x00, 0x00, 0x00, 0x00, 0x00, 0x00, 0x00, 0x00, 0x00, 0x00, 0x00, 0x00, 0x00, 0x00, 0x00, 0x00, 0x00, 0x00, 0x00, 0x00, 0x00, 0x00, 0x00, } },
  { .id = 323, .a = 115, .b = 116, .token = {'s', 't', 0x00, 0x00, 0x00, 0x00, 0x00, 0x00, 0x00, 0x00, 0x00, 0x00, 0x00, 0x00, 0x00, 0x00, 0x00, 0x00, 0x00, 0x00, 0x00, 0x00, 0x00, 0x00, 0x00, 0x00, 0x00, 0x00, 0x00, 0x00, 0x00, 0x00, } },
  { .id = 324, .a = 105, .b = 109, .token = {'i', 'm', 0x00, 0x00, 0x00, 0x00, 0x00, 0x00, 0x00, 0x00, 0x00, 0x00, 0x00, 0x00, 0x00, 0x00, 0x00, 0x00, 0x00, 0x00, 0x00, 0x00, 0x00, 0x00, 0x00, 0x00, 0x00, 0x00, 0x00, 0x00, 0x00, 0x00, } },
  { .id = 325, .a = 297, .b = 268, .token = {' ', 't', 'h', 'a', 't', 0x00, 0x00, 0x00, 0x00, 0x00, 0x00, 0x00, 0x00, 0x00, 0x00, 0x00, 0x00, 0x00, 0x00, 0x00, 0x00, 0x00, 0x00, 0x00, 0x00, 0x00, 0x00, 0x00, 0x00, 0x00, 0x00, 0x00, } },
  { .id = 326, .a = 280, .b = 101, .token = {' ', 'b', 'e', 0x00, 0x00, 0x00, 0x00, 0x00, 0x00, 0x00, 0x00, 0x00, 0x00, 0x00, 0x00, 0x00, 0x00, 0x00, 0x00, 0x00, 0x00, 0x00, 0x00, 0x00, 0x00, 0x00, 0x00, 0x00, 0x00, 0x00, 0x00, 0x00, } },
  { .id = 327, .a = 105, .b = 114, .token = {'i', 'r', 0x00, 0x00, 0x00, 0x00, 0x00, 0x00, 0x00, 0x00, 0x00, 0x00, 0x00, 0x00, 0x00, 0x00, 0x00, 0x00, 0x00, 0x00, 0x00, 0x00, 0x00, 0x00, 0x00, 0x00, 0x00, 0x00, 0x00, 0x00, 0x00, 0x00, } },
  { .id = 328, .a = 32, .b = 262, .token = {' ', 'o', 'n', 0x00, 0x00, 0x00, 0x00, 0x00, 0x00, 0x00, 0x00, 0x00, 0x00, 0x00, 0x00, 0x00, 0x00, 0x00, 0x00, 0x00, 0x00, 0x00, 0x00, 0x00, 0x00, 0x00, 0x00, 0x00, 0x00, 0x00, 0x00, 0x00, } },
  { .id = 329, .a = 117, .b = 116, .token = {'u', 't', 0x00, 0x00, 0x00, 0x00, 0x00, 0x00, 0x00, 0x00, 0x00, 0x00, 0x00, 0x00, 0x00, 0x00, 0x00, 0x00, 0x00, 0x00, 0x00, 0x00, 0x00, 0x00, 0x00, 0x00, 0x00, 0x00, 0x00, 0x00, 0x00, 0x00, } },
  { .id = 330, .a = 32, .b = 73, .token = {' ', 'I', 0x00, 0x00, 0x00, 0x00, 0x00, 0x00, 0x00, 0x00, 0x00, 0x00, 0x00, 0x00, 0x00, 0x00, 0x00, 0x00, 0x00, 0x00, 0x00, 0x00, 0x00, 0x00, 0x00, 0x00, 0x00, 0x00, 0x00, 0x00, 0x00, 0x00, } },
  { .id = 331, .a = 32, .b = 65, .token = {' ', 'A', 0x00, 0x00, 0x00, 0x00, 0x00, 0x00, 0x00, 0x00, 0x00, 0x00, 0x00, 0x00, 0x00, 0x00, 0x00, 0x00, 0x00, 0x00, 0x00, 0x00, 0x00, 0x00, 0x00, 0x00, 0x00, 0x00, 0x00, 0x00, 0x00, 0x00, } },
  { .id = 332, .a = 32, .b = 83, .token = {' ', 'S', 0x00, 0x00, 0x00, 0x00, 0x00, 0x00, 0x00, 0x00, 0x00, 0x00, 0x00, 0x00, 0x00, 0x00, 0x00, 0x00, 0x00, 0x00, 0x00, 0x00, 0x00, 0x00, 0x00, 0x00, 0x00, 0x00, 0x00, 0x00, 0x00, 0x00, } },
  { .id = 333, .a = 269, .b = 262, .token = {' ', 'c', 'o', 'n', 0x00, 0x00, 0x00, 0x00, 0x00, 0x00, 0x00, 0x00, 0x00, 0x00, 0x00, 0x00, 0x00, 0x00, 0x00, 0x00, 0x00, 0x00, 0x00, 0x00, 0x00, 0x00, 0x00, 0x00, 0x00, 0x00, 0x00, 0x00, } },
  { .id = 334, .a = 279, .b = 278, .token = {' ', 'f', 'o', 'r', 0x00, 0x00, 0x00, 0x00, 0x00, 0x00, 0x00, 0x00, 0x00, 0x00, 0x00, 0x00, 0x00, 0x00, 0x00, 0x00, 0x00, 0x00, 0x00, 0x00, 0x00, 0x00, 0x00, 0x00, 0x00, 0x00, 0x00, 0x00, } },
  { .id = 335, .a = 32, .b = 276, .token = {' ', 'i', 't', 0x00, 0x00, 0x00, 0x00, 0x00, 0x00, 0x00, 0x00, 0x00, 0x00, 0x00, 0x00, 0x00, 0x00, 0x00, 0x00, 0x00, 0x00, 0x00, 0x00, 0x00, 0x00, 0x00, 0x00, 0x00, 0x00, 0x00, 0x00, 0x00, } },
  { .id = 336, .a = 105, .b = 102, .token = {'i', 'f', 0x00, 0x00, 0x00, 0x00, 0x00, 0x00, 0x00, 0x00, 0x00, 0x00, 0x00, 0x00, 0x00, 0x00, 0x00, 0x00, 0x00, 0x00, 0x00, 0x00, 0x00, 0x00, 0x00, 0x00, 0x00, 0x00, 0x00, 0x00, 0x00, 0x00, } },
  { .id = 337, .a = 97, .b = 109, .token = {'a', 'm', 0x00, 0x00, 0x00, 0x00, 0x00, 0x00, 0x00, 0x00, 0x00, 0x00, 0x00, 0x00, 0x00, 0x00, 0x00, 0x00, 0x00, 0x00, 0x00, 0x00, 0x00, 0x00, 0x00, 0x00, 0x00, 0x00, 0x00, 0x00, 0x00, 0x00, } },
  { .id = 338, .a = 302, .b = 258, .token = {' ', 'T', 'h', 'e', 0x00, 0x00, 0x00, 0x00, 0x00, 0x00, 0x00, 0x00, 0x00, 0x00, 0x00, 0x00, 0x00, 0x00, 0x00, 0x00, 0x00, 0x00, 0x00, 0x00, 0x00, 0x00, 0x00, 0x00, 0x00, 0x00, 0x00, 0x00, } },
  { .id = 339, .a = 105, .b = 103, .token = {'i', 'g', 0x00, 0x00, 0x00, 0x00, 0x00, 0x00, 0x00, 0x00, 0x00, 0x00, 0x00, 0x00, 0x00, 0x00, 0x00, 0x00, 0x00, 0x00, 0x00, 0x00, 0x00, 0x00, 0x00, 0x00, 0x00, 0x00, 0x00, 0x00, 0x00, 0x00, } },
  { .id = 340, .a = 117, .b = 114, .token = {'u', 'r', 0x00, 0x00, 0x00, 0x00, 0x00, 0x00, 0x00, 0x00, 0x00, 0x00, 0x00, 0x00, 0x00, 0x00, 0x00, 0x00, 0x00, 0x00, 0x00, 0x00, 0x00, 0x00, 0x00, 0x00, 0x00, 0x00, 0x00, 0x00, 0x00, 0x00, } },
  { .id = 341, .a = 270, .b = 116, .token = {'e', 's', 't', 0x00, 0x00, 0x00, 0x00, 0x00, 0x00, 0x00, 0x00, 0x00, 0x00, 0x00, 0x00, 0x00, 0x00, 0x00, 0x00, 0x00, 0x00, 0x00, 0x00, 0x00, 0x00, 0x00, 0x00, 0x00, 0x00, 0x00, 0x00, 0x00, } },
  { .id = 342, .a = 268, .b = 101, .token = {'a', 't', 'e', 0x00, 0x00, 0x00, 0x00, 0x00, 0x00, 0x00, 0x00, 0x00, 0x00, 0x00, 0x00, 0x00, 0x00, 0x00, 0x00, 0x00, 0x00, 0x00, 0x00, 0x00, 0x00, 0x00, 0x00, 0x00, 0x00, 0x00, 0x00, 0x00, } },
  { .id = 343, .a = 99, .b = 104, .token = {'c', 'h', 0x00, 0x00, 0x00, 0x00, 0x00, 0x00, 0x00, 0x00, 0x00, 0x00, 0x00, 0x00, 0x00, 0x00, 0x00, 0x00, 0x00, 0x00, 0x00, 0x00, 0x00, 0x00, 0x00, 0x00, 0x00, 0x00, 0x00, 0x00, 0x00, 0x00, } },
  { .id = 344, .a = 101, .b = 112, .token = {'e', 'p', 0x00, 0x00, 0x00, 0x00, 0x00, 0x00, 0x00, 0x00, 0x00, 0x00, 0x00, 0x00, 0x00, 0x00, 0x00, 0x00, 0x00, 0x00, 0x00, 0x00, 0x00, 0x00, 0x00, 0x00, 0x00, 0x00, 0x00, 0x00, 0x00, 0x00, } },
  { .id = 345, .a = 97, .b = 121, .token = {'a', 'y', 0x00, 0x00, 0x00, 0x00, 0x00, 0x00, 0x00, 0x00, 0x00, 0x00, 0x00, 0x00, 0x00, 0x00, 0x00, 0x00, 0x00, 0x00, 0x00, 0x00, 0x00, 0x00, 0x00, 0x00, 0x00, 0x00, 0x00, 0x00, 0x00, 0x00, } },
  { .id = 346, .a = 32, .b = 121, .token = {' ', 'y', 0x00, 0x00, 0x00, 0x00, 0x00, 0x00, 0x00, 0x00, 0x00, 0x00, 0x00, 0x00, 0x00, 0x00, 0x00, 0x00, 0x00, 0x00, 0x00, 0x00, 0x00, 0x00, 0x00, 0x00, 0x00, 0x00, 0x00, 0x00, 0x00, 0x00, } },
  { .id = 347, .a = 101, .b = 108, .token = {'e', 'l', 0x00, 0x00, 0x00, 0x00, 0x00, 0x00, 0x00, 0x00, 0x00, 0x00, 0x00, 0x00, 0x00, 0x00, 0x00, 0x00, 0x00, 0x00, 0x00, 0x00, 0x00, 0x00, 0x00, 0x00, 0x00, 0x00, 0x00, 0x00, 0x00, 0x00, } },
  { .id = 348, .a = 263, .b = 115, .token = {'e', 'r', 's', 0x00, 0x00, 0x00, 0x00, 0x00, 0x00, 0x00, 0x00, 0x00, 0x00, 0x00, 0x00, 0x00, 0x00, 0x00, 0x00, 0x00, 0x00, 0x00, 0x00, 0x00, 0x00, 0x00, 0x00, 0x00, 0x00, 0x00, 0x00, 0x00, } },
  { .id = 349, .a = 105, .b = 118, .token = {'i', 'v', 0x00, 0x00, 0x00, 0x00, 0x00, 0x00, 0x00, 0x00, 0x00, 0x00, 0x00, 0x00, 0x00, 0x00, 0x00, 0x00, 0x00, 0x00, 0x00, 0x00, 0x00, 0x00, 0x00, 0x00, 0x00, 0x00, 0x00, 0x00, 0x00, 0x00, } },
  { .id = 350, .a = 274, .b = 298, .token = {' ', 'p', 'r', 'o', 0x00, 0x00, 0x00, 0x00, 0x00, 0x00, 0x00, 0x00, 0x00, 0x00, 0x00, 0x00, 0x00, 0x00, 0x00, 0x00, 0x00, 0x00, 0x00, 0x00, 0x00, 0x00, 0x00, 0x00, 0x00, 0x00, 0x00, 0x00, } },
  { .id = 351, .a = 258, .b = 114, .token = {'h', 'e', 'r', 0x00, 0x00, 0x00, 0x00, 0x00, 0x00, 0x00, 0x00, 0x00, 0x00, 0x00, 0x00, 0x00, 0x00, 0x00, 0x00, 0x00, 0x00, 0x00, 0x00, 0x00, 0x00, 0x00, 0x00, 0x00, 0x00, 0x00, 0x00, 0x00, } },
  { .id = 352, .a = 264, .b = 305, .token = {'e', 'n', 'c', 'e', 0x00, 0x00, 0x00, 0x00, 0x00, 0x00, 0x00, 0x00, 0x00, 0x00, 0x00, 0x00, 0x00, 0x00, 0x00, 0x00, 0x00, 0x00, 0x00, 0x00, 0x00, 0x00, 0x00, 0x00, 0x00, 0x00, 0x00, 0x00, } },
  { .id = 353, .a = 272, .b = 114, .token = {' ', 'o', 'r', 0x00, 0x00, 0x00, 0x00, 0x00, 0x00, 0x00, 0x00, 0x00, 0x00, 0x00, 0x00, 0x00, 0x00, 0x00, 0x00, 0x00, 0x00, 0x00, 0x00, 0x00, 0x00, 0x00, 0x00, 0x00, 0x00, 0x00, 0x00, 0x00, } },
  { .id = 354, .a = 32, .b = 67, .token = {' ', 'C', 0x00, 0x00, 0x00, 0x00, 0x00, 0x00, 0x00, 0x00, 0x00, 0x00, 0x00, 0x00, 0x00, 0x00, 0x00, 0x00, 0x00, 0x00, 0x00, 0x00, 0x00, 0x00, 0x00, 0x00, 0x00, 0x00, 0x00, 0x00, 0x00, 0x00, } },
  { .id = 355, .a = 113, .b = 117, .token = {'q', 'u', 0x00, 0x00, 0x00, 0x00, 0x00, 0x00, 0x00, 0x00, 0x00, 0x00, 0x00, 0x00, 0x00, 0x00, 0x00, 0x00, 0x00, 0x00, 0x00, 0x00, 0x00, 0x00, 0x00, 0x00, 0x00, 0x00, 0x00, 0x00, 0x00, 0x00, } },
  { .id = 356, .a = 276, .b = 104, .token = {'i', 't', 'h', 0x00, 0x00, 0x00, 0x00, 0x00, 0x00, 0x00, 0x00, 0x00, 0x00, 0x00, 0x00, 0x00, 0x00, 0x00, 0x00, 0x00, 0x00, 0x00, 0x00, 0x00, 0x00, 0x00, 0x00, 0x00, 0x00, 0x00, 0x00, 0x00, } },
  { .id = 357, .a = 117, .b = 110, .token = {'u', 'n', 0x00, 0x00, 0x00, 0x00, 0x00, 0x00, 0x00, 0x00, 0x00, 0x00, 0x00, 0x00, 0x00, 0x00, 0x00, 0x00, 0x00, 0x00, 0x00, 0x00, 0x00, 0x00, 0x00, 0x00, 0x00, 0x00, 0x00, 0x00, 0x00, 0x00, } },
  { .id = 358, .a = 97, .b = 100, .token = {'a', 'd', 0x00, 0x00, 0x00, 0x00, 0x00, 0x00, 0x00, 0x00, 0x00, 0x00, 0x00, 0x00, 0x00, 0x00, 0x00, 0x00, 0x00, 0x00, 0x00, 0x00, 0x00, 0x00, 0x00, 0x00, 0x00, 0x00, 0x00, 0x00, 0x00, 0x00, } },
  { .id = 359, .a = 115, .b = 101, .token = {'s', 'e', 0x00, 0x00, 0x00, 0x00, 0x00, 0x00, 0x00, 0x00, 0x00, 0x00, 0x00, 0x00, 0x00, 0x00, 0x00, 0x00, 0x00, 0x00, 0x00, 0x00, 0x00, 0x00, 0x00, 0x00, 0x00, 0x00, 0x00, 0x00, 0x00, 0x00, } },
  { .id = 360, .a = 115, .b = 263, .token = {'s', 'e', 'r', 0x00, 0x00, 0x00, 0x00, 0x00, 0x00, 0x00, 0x00, 0x00, 0x00, 0x00, 0x00, 0x00, 0x00, 0x00, 0x00, 0x00, 0x00, 0x00, 0x00, 0x00, 0x00, 0x00, 0x00, 0x00, 0x00, 0x00, 0x00, 0x00, } },
  { .id = 361, .a = 259, .b = 115, .token = {' ', 'a', 's', 0x00, 0x00, 0x00, 0x00, 0x00, 0x00, 0x00, 0x00, 0x00, 0x00, 0x00, 0x00, 0x00, 0x00, 0x00, 0x00, 0x00, 0x00, 0x00, 0x00, 0x00, 0x00, 0x00, 0x00, 0x00, 0x00, 0x00, 0x00, 0x00, } },
  { .id = 362, .a = 273, .b = 356, .token = {' ', 'w', 'i', 't', 'h', 0x00, 0x00, 0x00, 0x00, 0x00, 0x00, 0x00, 0x00, 0x00, 0x00, 0x00, 0x00, 0x00, 0x00, 0x00, 0x00, 0x00, 0x00, 0x00, 0x00, 0x00, 0x00, 0x00, 0x00, 0x00, 0x00, 0x00, } },
  { .id = 363, .a = 117, .b = 108, .token = {'u', 'l', 0x00, 0x00, 0x00, 0x00, 0x00, 0x00, 0x00, 0x00, 0x00, 0x00, 0x00, 0x00, 0x00, 0x00, 0x00, 0x00, 0x00, 0x00, 0x00, 0x00, 0x00, 0x00, 0x00, 0x00, 0x00, 0x00, 0x00, 0x00, 0x00, 0x00, } },
  { .id = 364, .a = 273, .b = 104, .token = {' ', 'w', 'h', 0x00, 0x00, 0x00, 0x00, 0x00, 0x00, 0x00, 0x00, 0x00, 0x00, 0x00, 0x00, 0x00, 0x00, 0x00, 0x00, 0x00, 0x00, 0x00, 0x00, 0x00, 0x00, 0x00, 0x00, 0x00, 0x00, 0x00, 0x00, 0x00, } },
  { .id = 365, .a = 259, .b = 266, .token = {' ', 'a', 'r', 'e', 0x00, 0x00, 0x00, 0x00, 0x00, 0x00, 0x00, 0x00, 0x00, 0x00, 0x00, 0x00, 0x00, 0x00, 0x00, 0x00, 0x00, 0x00, 0x00, 0x00, 0x00, 0x00, 0x00, 0x00, 0x00, 0x00, 0x00, 0x00, } },
  { .id = 366, .a = 318, .b = 321, .token = {'s', 's', 'i', 's', 't', 0x00, 0x00, 0x00, 0x00, 0x00, 0x00, 0x00, 0x00, 0x00, 0x00, 0x00, 0x00, 0x00, 0x00, 0x00, 0x00, 0x00, 0x00, 0x00, 0x00, 0x00, 0x00, 0x00, 0x00, 0x00, 0x00, 0x00, } },
  { .id = 367, .a = 366, .b = 322, .token = {'s', 's', 'i', 's', 't', 'a', 'n', 't', 0x00, 0x00, 0x00, 0x00, 0x00, 0x00, 0x00, 0x00, 0x00, 0x00, 0x00, 0x00, 0x00, 0x00, 0x00, 0x00, 0x00, 0x00, 0x00, 0x00, 0x00, 0x00, 0x00, 0x00, } },
  { .id = 368, .a = 85, .b = 360, .token = {'U', 's', 'e', 'r', 0x00, 0x00, 0x00, 0x00, 0x00, 0x00, 0x00, 0x00, 0x00, 0x00, 0x00, 0x00, 0x00, 0x00, 0x00, 0x00, 0x00, 0x00, 0x00, 0x00, 0x00, 0x00, 0x00, 0x00, 0x00, 0x00, 0x00, 0x00, } },
  { .id = 369, .a = 65, .b = 367, .token = {'A', 's', 's', 'i', 's', 't', 'a', 'n', 't', 0x00, 0x00, 0x00, 0x00, 0x00, 0x00, 0x00, 0x00, 0x00, 0x00, 0x00, 0x00, 0x00, 0x00, 0x00, 0x00, 0x00, 0x00, 0x00, 0x00, 0x00, 0x00, 0x00, } },
  { .id = 370, .a = 109, .b = 286, .token = {'m', 'e', 'n', 't', 0x00, 0x00, 0x00, 0x00, 0x00, 0x00, 0x00, 0x00, 0x00, 0x00, 0x00, 0x00, 0x00, 0x00, 0x00, 0x00, 0x00, 0x00, 0x00, 0x00, 0x00, 0x00, 0x00, 0x00, 0x00, 0x00, 0x00, 0x00, } },
  { .id = 371, .a = 114, .b = 97, .token = {'r', 'a', 0x00, 0x00, 0x00, 0x00, 0x00, 0x00, 0x00, 0x00, 0x00, 0x00, 0x00, 0x00, 0x00, 0x00, 0x00, 0x00, 0x00, 0x00, 0x00, 0x00, 0x00, 0x00, 0x00, 0x00, 0x00, 0x00, 0x00, 0x00, 0x00, 0x00, } },
  { .id = 372, .a = 118, .b = 263, .token = {'v', 'e', 'r', 0x00, 0x00, 0x00, 0x00, 0x00, 0x00, 0x00, 0x00, 0x00, 0x00, 0x00, 0x00, 0x00, 0x00, 0x00, 0x00, 0x00, 0x00, 0x00, 0x00, 0x00, 0x00, 0x00, 0x00, 0x00, 0x00, 0x00, 0x00, 0x00, } },
  { .id = 373, .a = 105, .b = 309, .token = {'i', 'v', 'e', 0x00, 0x00, 0x00, 0x00, 0x00, 0x00, 0x00, 0x00, 0x00, 0x00, 0x00, 0x00, 0x00, 0x00, 0x00, 0x00, 0x00, 0x00, 0x00, 0x00, 0x00, 0x00, 0x00, 0x00, 0x00, 0x00, 0x00, 0x00, 0x00, } },
  { .id = 374, .a = 107, .b = 101, .token = {'k', 'e', 0x00, 0x00, 0x00, 0x00, 0x00, 0x00, 0x00, 0x00, 0x00, 0x00, 0x00, 0x00, 0x00, 0x00, 0x00, 0x00, 0x00, 0x00, 0x00, 0x00, 0x00, 0x00, 0x00, 0x00, 0x00, 0x00, 0x00, 0x00, 0x00, 0x00, } },
  { .id = 375, .a = 346, .b = 285, .token = {' ', 'y', 'o', 'u', 0x00, 0x00, 0x00, 0x00, 0x00, 0x00, 0x00, 0x00, 0x00, 0x00, 0x00, 0x00, 0x00, 0x00, 0x00, 0x00, 0x00, 0x00, 0x00, 0x00, 0x00, 0x00, 0x00, 0x00, 0x00, 0x00, 0x00, 0x00, } },
  { .id = 376, .a = 98, .b = 293, .token = {'b', 'l', 'e', 0x00, 0x00, 0x00, 0x00, 0x00, 0x00, 0x00, 0x00, 0x00, 0x00, 0x00, 0x00, 0x00, 0x00, 0x00, 0x00, 0x00, 0x00, 0x00, 0x00, 0x00, 0x00, 0x00, 0x00, 0x00, 0x00, 0x00, 0x00, 0x00, } },
  { .id = 377, .a = 270, .b = 115, .token = {'e', 's', 's', 0x00, 0x00, 0x00, 0x00, 0x00, 0x00, 0x00, 0x00, 0x00, 0x00, 0x00, 0x00, 0x00, 0x00, 0x00, 0x00, 0x00, 0x00, 0x00, 0x00, 0x00, 0x00, 0x00, 0x00, 0x00, 0x00, 0x00, 0x00, 0x00, } },
  { .id = 378, .a = 300, .b = 303, .token = {' ', 'n', 'o', 't', 0x00, 0x00, 0x00, 0x00, 0x00, 0x00, 0x00, 0x00, 0x00, 0x00, 0x00, 0x00, 0x00, 0x00, 0x00, 0x00, 0x00, 0x00, 0x00, 0x00, 0x00, 0x00, 0x00, 0x00, 0x00, 0x00, 0x00, 0x00, } },
  { .id = 379, .a = 265, .b = 286, .token = {' ', 's', 'e', 'n', 't', 0x00, 0x00, 0x00, 0x00, 0x00, 0x00, 0x00, 0x00, 0x00, 0x00, 0x00, 0x00, 0x00, 0x00, 0x00, 0x00, 0x00, 0x00, 0x00, 0x00, 0x00, 0x00, 0x00, 0x00, 0x00, 0x00, 0x00, } },
  { .id = 380, .a = 97, .b = 103, .token = {'a', 'g', 0x00, 0x00, 0x00, 0x00, 0x00, 0x00, 0x00, 0x00, 0x00, 0x00, 0x00, 0x00, 0x00, 0x00, 0x00, 0x00, 0x00, 0x00, 0x00, 0x00, 0x00, 0x00, 0x00, 0x00, 0x00, 0x00, 0x00, 0x00, 0x00, 0x00, } },
  { .id = 381, .a = 265, .b = 117, .token = {' ', 's', 'u', 0x00, 0x00, 0x00, 0x00, 0x00, 0x00, 0x00, 0x00, 0x00, 0x00, 0x00, 0x00, 0x00, 0x00, 0x00, 0x00, 0x00, 0x00, 0x00, 0x00, 0x00, 0x00, 0x00, 0x00, 0x00, 0x00, 0x00, 0x00, 0x00, } },
  { .id = 382, .a = 119, .b = 263, .token = {'w', 'e', 'r', 0x00, 0x00, 0x00, 0x00, 0x00, 0x00, 0x00, 0x00, 0x00, 0x00, 0x00, 0x00, 0x00, 0x00, 0x00, 0x00, 0x00, 0x00, 0x00, 0x00, 0x00, 0x00, 0x00, 0x00, 0x00, 0x00, 0x00, 0x00, 0x00, } },
  { .id = 383, .a = 269, .b = 271, .token = {' ', 'c', 'a', 'n', 0x00, 0x00, 0x00, 0x00, 0x00, 0x00, 0x00, 0x00, 0x00, 0x00, 0x00, 0x00, 0x00, 0x00, 0x00, 0x00, 0x00, 0x00, 0x00, 0x00, 0x00, 0x00, 0x00, 0x00, 0x00, 0x00, 0x00, 0x00, } },
  { .id = 384, .a = 111, .b = 111, .token = {'o', 'o', 0x00, 0x00, 0x00, 0x00, 0x00, 0x00, 0x00, 0x00, 0x00, 0x00, 0x00, 0x00, 0x00, 0x00, 0x00, 0x00, 0x00, 0x00, 0x00, 0x00, 0x00, 0x00, 0x00, 0x00, 0x00, 0x00, 0x00, 0x00, 0x00, 0x00, } },
  { .id = 385, .a = 269, .b = 307, .token = {' ', 'c', 'o', 'm', 0x00, 0x00, 0x00, 0x00, 0x00, 0x00, 0x00, 0x00, 0x00, 0x00, 0x00, 0x00, 0x00, 0x00, 0x00, 0x00, 0x00, 0x00, 0x00, 0x00, 0x00, 0x00, 0x00, 0x00, 0x00, 0x00, 0x00, 0x00, } },
  { .id = 386, .a = 32, .b = 66, .token = {' ', 'B', 0x00, 0x00, 0x00, 0x00, 0x00, 0x00, 0x00, 0x00, 0x00, 0x00, 0x00, 0x00, 0x00, 0x00, 0x00, 0x00, 0x00, 0x00, 0x00, 0x00, 0x00, 0x00, 0x00, 0x00, 0x00, 0x00, 0x00, 0x00, 0x00, 0x00, } },
  { .id = 387, .a = 114, .b = 105, .token = {'r', 'i', 0x00, 0x00, 0x00, 0x00, 0x00, 0x00, 0x00, 0x00, 0x00, 0x00, 0x00, 0x00, 0x00, 0x00, 0x00, 0x00, 0x00, 0x00, 0x00, 0x00, 0x00, 0x00, 0x00, 0x00, 0x00, 0x00, 0x00, 0x00, 0x00, 0x00, } },
  { .id = 388, .a = 112, .b = 101, .token = {'p', 'e', 0x00, 0x00, 0x00, 0x00, 0x00, 0x00, 0x00, 0x00, 0x00, 0x00, 0x00, 0x00, 0x00, 0x00, 0x00, 0x00, 0x00, 0x00, 0x00, 0x00, 0x00, 0x00, 0x00, 0x00, 0x00, 0x00, 0x00, 0x00, 0x00, 0x00, } },
  { .id = 389, .a = 108, .b = 100, .token = {'l', 'd', 0x00, 0x00, 0x00, 0x00, 0x00, 0x00, 0x00, 0x00, 0x00, 0x00, 0x00, 0x00, 0x00, 0x00, 0x00, 0x00, 0x00, 0x00, 0x00, 0x00, 0x00, 0x00, 0x00, 0x00, 0x00, 0x00, 0x00, 0x00, 0x00, 0x00, } },
  { .id = 390, .a = 297, .b = 267, .token = {' ', 't', 'h', 'i', 's', 0x00, 0x00, 0x00, 0x00, 0x00, 0x00, 0x00, 0x00, 0x00, 0x00, 0x00, 0x00, 0x00, 0x00, 0x00, 0x00, 0x00, 0x00, 0x00, 0x00, 0x00, 0x00, 0x00, 0x00, 0x00, 0x00, 0x00, } },
  { .id = 391, .a = 300, .b = 101, .token = {' ', 'n', 'e', 0x00, 0x00, 0x00, 0x00, 0x00, 0x00, 0x00, 0x00, 0x00, 0x00, 0x00, 0x00, 0x00, 0x00, 0x00, 0x00, 0x00, 0x00, 0x00, 0x00, 0x00, 0x00, 0x00, 0x00, 0x00, 0x00, 0x00, 0x00, 0x00, } },
  { .id = 392, .a = 115, .b = 382, .token = {'s', 'w', 'e', 'r', 0x00, 0x00, 0x00, 0x00, 0x00, 0x00, 0x00, 0x00, 0x00, 0x00, 0x00, 0x00, 0x00, 0x00, 0x00, 0x00, 0x00, 0x00, 0x00, 0x00, 0x00, 0x00, 0x00, 0x00, 0x00, 0x00, 0x00, 0x00, } },
  { .id = 393, .a = 259, .b = 108, .token = {' ', 'a', 'l', 0x00, 0x00, 0x00, 0x00, 0x00, 0x00, 0x00, 0x00, 0x00, 0x00, 0x00, 0x00, 0x00, 0x00, 0x00, 0x00, 0x00, 0x00, 0x00, 0x00, 0x00, 0x00, 0x00, 0x00, 0x00, 0x00, 0x00, 0x00, 0x00, } },
  { .id = 394, .a = 306, .b = 120, .token = {' ', 'e', 'x', 0x00, 0x00, 0x00, 0x00, 0x00, 0x00, 0x00, 0x00, 0x00, 0x00, 0x00, 0x00, 0x00, 0x00, 0x00, 0x00, 0x00, 0x00, 0x00, 0x00, 0x00, 0x00, 0x00, 0x00, 0x00, 0x00, 0x00, 0x00, 0x00, } },
  { .id = 395, .a = 32, .b = 87, .token = {' ', 'W', 0x00, 0x00, 0x00, 0x00, 0x00, 0x00, 0x00, 0x00, 0x00, 0x00, 0x00, 0x00, 0x00, 0x00, 0x00, 0x00, 0x00, 0x00, 0x00, 0x00, 0x00, 0x00, 0x00, 0x00, 0x00, 0x00, 0x00, 0x00, 0x00, 0x00, } },
  { .id = 396, .a = 116, .b = 263, .token = {'t', 'e', 'r', 0x00, 0x00, 0x00, 0x00, 0x00, 0x00, 0x00, 0x00, 0x00, 0x00, 0x00, 0x00, 0x00, 0x00, 0x00, 0x00, 0x00, 0x00, 0x00, 0x00, 0x00, 0x00, 0x00, 0x00, 0x00, 0x00, 0x00, 0x00, 0x00, } },
  { .id = 397, .a = 117, .b = 109, .token = {'u', 'm', 0x00, 0x00, 0x00, 0x00, 0x00, 0x00, 0x00, 0x00, 0x00, 0x00, 0x00, 0x00, 0x00, 0x00, 0x00, 0x00, 0x00, 0x00, 0x00, 0x00, 0x00, 0x00, 0x00, 0x00, 0x00, 0x00, 0x00, 0x00, 0x00, 0x00, } },
  { .id = 398, .a = 287, .b = 111, .token = {' ', 'm', 'o', 0x00, 0x00, 0x00, 0x00, 0x00, 0x00, 0x00, 0x00, 0x00, 0x00, 0x00, 0x00, 0x00, 0x00, 0x00, 0x00, 0x00, 0x00, 0x00, 0x00, 0x00, 0x00, 0x00, 0x00, 0x00, 0x00, 0x00, 0x00, 0x00, } },
  { .id = 399, .a = 112, .b = 116, .token = {'p', 't', 0x00, 0x00, 0x00, 0x00, 0x00, 0x00, 0x00, 0x00, 0x00, 0x00, 0x00, 0x00, 0x00, 0x00, 0x00, 0x00, 0x00, 0x00, 0x00, 0x00, 0x00, 0x00, 0x00, 0x00, 0x00, 0x00, 0x00, 0x00, 0x00, 0x00, } },
  { .id = 400, .a = 281, .b = 115, .token = {'i', 'o', 'n', 's', 0x00, 0x00, 0x00, 0x00, 0x00, 0x00, 0x00, 0x00, 0x00, 0x00, 0x00, 0x00, 0x00, 0x00, 0x00, 0x00, 0x00, 0x00, 0x00, 0x00, 0x00, 0x00, 0x00, 0x00, 0x00, 0x00, 0x00, 0x00, } },
  { .id = 401, .a = 274, .b = 111, .token = {' ', 'p', 'o', 0x00, 0x00, 0x00, 0x00, 0x00, 0x00, 0x00, 0x00, 0x00, 0x00, 0x00, 0x00, 0x00, 0x00, 0x00, 0x00, 0x00, 0x00, 0x00, 0x00, 0x00, 0x00, 0x00, 0x00, 0x00, 0x00, 0x00, 0x00, 0x00, } },
  { .id = 402, .a = 97, .b = 260, .token = {'a', 'i', 'n', 0x00, 0x00, 0x00, 0x00, 0x00, 0x00, 0x00, 0x00, 0x00, 0x00, 0x00, 0x00, 0x00, 0x00, 0x00, 0x00, 0x00, 0x00, 0x00, 0x00, 0x00, 0x00, 0x00, 0x00, 0x00, 0x00, 0x00, 0x00, 0x00, } },
  { .id = 403, .a = 32, .b = 258, .token = {' ', 'h', 'e', 0x00, 0x00, 0x00, 0x00, 0x00, 0x00, 0x00, 0x00, 0x00, 0x00, 0x00, 0x00, 0x00, 0x00, 0x00, 0x00, 0x00, 0x00, 0x00, 0x00, 0x00, 0x00, 0x00, 0x00, 0x00, 0x00, 0x00, 0x00, 0x00, } },
  { .id = 404, .a = 102, .b = 278, .token = {'f', 'o', 'r', 0x00, 0x00, 0x00, 0x00, 0x00, 0x00, 0x00, 0x00, 0x00, 0x00, 0x00, 0x00, 0x00, 0x00, 0x00, 0x00, 0x00, 0x00, 0x00, 0x00, 0x00, 0x00, 0x00, 0x00, 0x00, 0x00, 0x00, 0x00, 0x00, } },
  { .id = 405, .a = 280, .b = 121, .token = {' ', 'b', 'y', 0x00, 0x00, 0x00, 0x00, 0x00, 0x00, 0x00, 0x00, 0x00, 0x00, 0x00, 0x00, 0x00, 0x00, 0x00, 0x00, 0x00, 0x00, 0x00, 0x00, 0x00, 0x00, 0x00, 0x00, 0x00, 0x00, 0x00, 0x00, 0x00, } },
  { .id = 406, .a = 32, .b = 118, .token = {' ', 'v', 0x00, 0x00, 0x00, 0x00, 0x00, 0x00, 0x00, 0x00, 0x00, 0x00, 0x00, 0x00, 0x00, 0x00, 0x00, 0x00, 0x00, 0x00, 0x00, 0x00, 0x00, 0x00, 0x00, 0x00, 0x00, 0x00, 0x00, 0x00, 0x00, 0x00, } },
  { .id = 407, .a = 32, .b = 80, .token = {' ', 'P', 0x00, 0x00, 0x00, 0x00, 0x00, 0x00, 0x00, 0x00, 0x00, 0x00, 0x00, 0x00, 0x00, 0x00, 0x00, 0x00, 0x00, 0x00, 0x00, 0x00, 0x00, 0x00, 0x00, 0x00, 0x00, 0x00, 0x00, 0x00, 0x00, 0x00, } },
  { .id = 408, .a = 271, .b = 100, .token = {'a', 'n', 'd', 0x00, 0x00, 0x00, 0x00, 0x00, 0x00, 0x00, 0x00, 0x00, 0x00, 0x00, 0x00, 0x00, 0x00, 0x00, 0x00, 0x00, 0x00, 0x00, 0x00, 0x00, 0x00, 0x00, 0x00, 0x00, 0x00, 0x00, 0x00, 0x00, } },
  { .id = 409, .a = 274, .b = 266, .token = {' ', 'p', 'r', 'e', 0x00, 0x00, 0x00, 0x00, 0x00, 0x00, 0x00, 0x00, 0x00, 0x00, 0x00, 0x00, 0x00, 0x00, 0x00, 0x00, 0x00, 0x00, 0x00, 0x00, 0x00, 0x00, 0x00, 0x00, 0x00, 0x00, 0x00, 0x00, } },
  { .id = 410, .a = 273, .b = 101, .token = {' ', 'w', 'e', 0x00, 0x00, 0x00, 0x00, 0x00, 0x00, 0x00, 0x00, 0x00, 0x00, 0x00, 0x00, 0x00, 0x00, 0x00, 0x00, 0x00, 0x00, 0x00, 0x00, 0x00, 0x00, 0x00, 0x00, 0x00, 0x00, 0x00, 0x00, 0x00, } },
  { .id = 411, .a = 339, .b = 104, .token = {'i', 'g', 'h', 0x00, 0x00, 0x00, 0x00, 0x00, 0x00, 0x00, 0x00, 0x00, 0x00, 0x00, 0x00, 0x00, 0x00, 0x00, 0x00, 0x00, 0x00, 0x00, 0x00, 0x00, 0x00, 0x00, 0x00, 0x00, 0x00, 0x00, 0x00, 0x00, } },
  { .id = 412, .a = 285, .b = 110, .token = {'o', 'u', 'n', 0x00, 0x00, 0x00, 0x00, 0x00, 0x00, 0x00, 0x00, 0x00, 0x00, 0x00, 0x00, 0x00, 0x00, 0x00, 0x00, 0x00, 0x00, 0x00, 0x00, 0x00, 0x00, 0x00, 0x00, 0x00, 0x00, 0x00, 0x00, 0x00, } },
  { .id = 413, .a = 112, .b = 112, .token = {'p', 'p', 0x00, 0x00, 0x00, 0x00, 0x00, 0x00, 0x00, 0x00, 0x00, 0x00, 0x00, 0x00, 0x00, 0x00, 0x00, 0x00, 0x00, 0x00, 0x00, 0x00, 0x00, 0x00, 0x00, 0x00, 0x00, 0x00, 0x00, 0x00, 0x00, 0x00, } },
  { .id = 414, .a = 32, .b = 77, .token = {' ', 'M', 0x00, 0x00, 0x00, 0x00, 0x00, 0x00, 0x00, 0x00, 0x00, 0x00, 0x00, 0x00, 0x00, 0x00, 0x00, 0x00, 0x00, 0x00, 0x00, 0x00, 0x00, 0x00, 0x00, 0x00, 0x00, 0x00, 0x00, 0x00, 0x00, 0x00, } },
  { .id = 415, .a = 32, .b = 355, .token = {' ', 'q', 'u', 0x00, 0x00, 0x00, 0x00, 0x00, 0x00, 0x00, 0x00, 0x00, 0x00, 0x00, 0x00, 0x00, 0x00, 0x00, 0x00, 0x00, 0x00, 0x00, 0x00, 0x00, 0x00, 0x00, 0x00, 0x00, 0x00, 0x00, 0x00, 0x00, } },
  { .id = 416, .a = 298, .b = 109, .token = {'r', 'o', 'm', 0x00, 0x00, 0x00, 0x00, 0x00, 0x00, 0x00, 0x00, 0x00, 0x00, 0x00, 0x00, 0x00, 0x00, 0x00, 0x00, 0x00, 0x00, 0x00, 0x00, 0x00, 0x00, 0x00, 0x00, 0x00, 0x00, 0x00, 0x00, 0x00, } },
  { .id = 417, .a = 116, .b = 104, .token = {'t', 'h', 0x00, 0x00, 0x00, 0x00, 0x00, 0x00, 0x00, 0x00, 0x00, 0x00, 0x00, 0x00, 0x00, 0x00, 0x00, 0x00, 0x00, 0x00, 0x00, 0x00, 0x00, 0x00, 0x00, 0x00, 0x00, 0x00, 0x00, 0x00, 0x00, 0x00, } },
  { .id = 418, .a = 97, .b = 99, .token = {'a', 'c', 0x00, 0x00, 0x00, 0x00, 0x00, 0x00, 0x00, 0x00, 0x00, 0x00, 0x00, 0x00, 0x00, 0x00, 0x00, 0x00, 0x00, 0x00, 0x00, 0x00, 0x00, 0x00, 0x00, 0x00, 0x00, 0x00, 0x00, 0x00, 0x00, 0x00, } },
  { .id = 419, .a = 105, .b = 101, .token = {'i', 'e', 0x00, 0x00, 0x00, 0x00, 0x00, 0x00, 0x00, 0x00, 0x00, 0x00, 0x00, 0x00, 0x00, 0x00, 0x00, 0x00, 0x00, 0x00, 0x00, 0x00, 0x00, 0x00, 0x00, 0x00, 0x00, 0x00, 0x00, 0x00, 0x00, 0x00, } },
  { .id = 420, .a = 276, .b = 121, .token = {'i', 't', 'y', 0x00, 0x00, 0x00, 0x00, 0x00, 0x00, 0x00, 0x00, 0x00, 0x00, 0x00, 0x00, 0x00, 0x00, 0x00, 0x00, 0x00, 0x00, 0x00, 0x00, 0x00, 0x00, 0x00, 0x00, 0x00, 0x00, 0x00, 0x00, 0x00, } },
  { .id = 421, .a = 32, .b = 72, .token = {' ', 'H', 0x00, 0x00, 0x00, 0x00, 0x00, 0x00, 0x00, 0x00, 0x00, 0x00, 0x00, 0x00, 0x00, 0x00, 0x00, 0x00, 0x00, 0x00, 0x00, 0x00, 0x00, 0x00, 0x00, 0x00, 0x00, 0x00, 0x00, 0x00, 0x00, 0x00, } },
  { .id = 422, .a = 310, .b = 108, .token = {'i', 'l', 'l', 0x00, 0x00, 0x00, 0x00, 0x00, 0x00, 0x00, 0x00, 0x00, 0x00, 0x00, 0x00, 0x00, 0x00, 0x00, 0x00, 0x00, 0x00, 0x00, 0x00, 0x00, 0x00, 0x00, 0x00, 0x00, 0x00, 0x00, 0x00, 0x00, } },
  { .id = 423, .a = 32, .b = 32, .token = {' ', ' ', 0x00, 0x00, 0x00, 0x00, 0x00, 0x00, 0x00, 0x00, 0x00, 0x00, 0x00, 0x00, 0x00, 0x00, 0x00, 0x00, 0x00, 0x00, 0x00, 0x00, 0x00, 0x00, 0x00, 0x00, 0x00, 0x00, 0x00, 0x00, 0x00, 0x00, } },
  { .id = 424, .a = 32, .b = 114, .token = {' ', 'r', 0x00, 0x00, 0x00, 0x00, 0x00, 0x00, 0x00, 0x00, 0x00, 0x00, 0x00, 0x00, 0x00, 0x00, 0x00, 0x00, 0x00, 0x00, 0x00, 0x00, 0x00, 0x00, 0x00, 0x00, 0x00, 0x00, 0x00, 0x00, 0x00, 0x00, } },
  { .id = 425, .a = 379, .b = 352, .token = {' ', 's', 'e', 'n', 't', 'e', 'n', 'c', 'e', 0x00, 0x00, 0x00, 0x00, 0x00, 0x00, 0x00, 0x00, 0x00, 0x00, 0x00, 0x00, 0x00, 0x00, 0x00, 0x00, 0x00, 0x00, 0x00, 0x00, 0x00, 0x00, 0x00, } },
  { .id = 426, .a = 269, .b = 104, .token = {' ', 'c', 'h', 0x00, 0x00, 0x00, 0x00, 0x00, 0x00, 0x00, 0x00, 0x00, 0x00, 0x00, 0x00, 0x00, 0x00, 0x00, 0x00, 0x00, 0x00, 0x00, 0x00, 0x00, 0x00, 0x00, 0x00, 0x00, 0x00, 0x00, 0x00, 0x00, } },
  { .id = 427, .a = 274, .b = 108, .token = {' ', 'p', 'l', 0x00, 0x00, 0x00, 0x00, 0x00, 0x00, 0x00, 0x00, 0x00, 0x00, 0x00, 0x00, 0x00, 0x00, 0x00, 0x00, 0x00, 0x00, 0x00, 0x00, 0x00, 0x00, 0x00, 0x00, 0x00, 0x00, 0x00, 0x00, 0x00, } },
  { .id = 428, .a = 105, .b = 270, .token = {'i', 'e', 's', 0x00, 0x00, 0x00, 0x00, 0x00, 0x00, 0x00, 0x00, 0x00, 0x00, 0x00, 0x00, 0x00, 0x00, 0x00, 0x00, 0x00, 0x00, 0x00, 0x00, 0x00, 0x00, 0x00, 0x00, 0x00, 0x00, 0x00, 0x00, 0x00, } },
  { .id = 429, .a = 116, .b = 344, .token = {'t', 'e', 'p', 0x00, 0x00, 0x00, 0x00, 0x00, 0x00, 0x00, 0x00, 0x00, 0x00, 0x00, 0x00, 0x00, 0x00, 0x00, 0x00, 0x00, 0x00, 0x00, 0x00, 0x00, 0x00, 0x00, 0x00, 0x00, 0x00, 0x00, 0x00, 0x00, } },
  { .id = 430, .a = 101, .b = 109, .token = {'e', 'm', 0x00, 0x00, 0x00, 0x00, 0x00, 0x00, 0x00, 0x00, 0x00, 0x00, 0x00, 0x00, 0x00, 0x00, 0x00, 0x00, 0x00, 0x00, 0x00, 0x00, 0x00, 0x00, 0x00, 0x00, 0x00, 0x00, 0x00, 0x00, 0x00, 0x00, } },
  { .id = 431, .a = 32, .b = 68, .token = {' ', 'D', 0x00, 0x00, 0x00, 0x00, 0x00, 0x00, 0x00, 0x00, 0x00, 0x00, 0x00, 0x00, 0x00, 0x00, 0x00, 0x00, 0x00, 0x00, 0x00, 0x00, 0x00, 0x00, 0x00, 0x00, 0x00, 0x00, 0x00, 0x00, 0x00, 0x00, } },
  { .id = 432, .a = 285, .b = 116, .token = {'o', 'u', 't', 0x00, 0x00, 0x00, 0x00, 0x00, 0x00, 0x00, 0x00, 0x00, 0x00, 0x00, 0x00, 0x00, 0x00, 0x00, 0x00, 0x00, 0x00, 0x00, 0x00, 0x00, 0x00, 0x00, 0x00, 0x00, 0x00, 0x00, 0x00, 0x00, } },
  { .id = 433, .a = 32, .b = 293, .token = {' ', 'l', 'e', 0x00, 0x00, 0x00, 0x00, 0x00, 0x00, 0x00, 0x00, 0x00, 0x00, 0x00, 0x00, 0x00, 0x00, 0x00, 0x00, 0x00, 0x00, 0x00, 0x00, 0x00, 0x00, 0x00, 0x00, 0x00, 0x00, 0x00, 0x00, 0x00, } },
  { .id = 434, .a = 259, .b = 98, .token = {' ', 'a', 'b', 0x00, 0x00, 0x00, 0x00, 0x00, 0x00, 0x00, 0x00, 0x00, 0x00, 0x00, 0x00, 0x00, 0x00, 0x00, 0x00, 0x00, 0x00, 0x00, 0x00, 0x00, 0x00, 0x00, 0x00, 0x00, 0x00, 0x00, 0x00, 0x00, } },
  { .id = 435, .a = 299, .b = 97, .token = {' ', 'h', 'a', 0x00, 0x00, 0x00, 0x00, 0x00, 0x00, 0x00, 0x00, 0x00, 0x00, 0x00, 0x00, 0x00, 0x00, 0x00, 0x00, 0x00, 0x00, 0x00, 0x00, 0x00, 0x00, 0x00, 0x00, 0x00, 0x00, 0x00, 0x00, 0x00, } },
  { .id = 436, .a = 282, .b = 108, .token = {'a', 'l', 'l', 0x00, 0x00, 0x00, 0x00, 0x00, 0x00, 0x00, 0x00, 0x00, 0x00, 0x00, 0x00, 0x00, 0x00, 0x00, 0x00, 0x00, 0x00, 0x00, 0x00, 0x00, 0x00, 0x00, 0x00, 0x00, 0x00, 0x00, 0x00, 0x00, } },
  { .id = 437, .a = 265, .b = 101, .token = {' ', 's', 'e', 0x00, 0x00, 0x00, 0x00, 0x00, 0x00, 0x00, 0x00, 0x00, 0x00, 0x00, 0x00, 0x00, 0x00, 0x00, 0x00, 0x00, 0x00, 0x00, 0x00, 0x00, 0x00, 0x00, 0x00, 0x00, 0x00, 0x00, 0x00, 0x00, } },
  { .id = 438, .a = 291, .b = 111, .token = {' ', 'd', 'o', 0x00, 0x00, 0x00, 0x00, 0x00, 0x00, 0x00, 0x00, 0x00, 0x00, 0x00, 0x00, 0x00, 0x00, 0x00, 0x00, 0x00, 0x00, 0x00, 0x00, 0x00, 0x00, 0x00, 0x00, 0x00, 0x00, 0x00, 0x00, 0x00, } },
  { .id = 439, .a = 277, .b = 392, .token = {' ', 'a', 'n', 's', 'w', 'e', 'r', 0x00, 0x00, 0x00, 0x00, 0x00, 0x00, 0x00, 0x00, 0x00, 0x00, 0x00, 0x00, 0x00, 0x00, 0x00, 0x00, 0x00, 0x00, 0x00, 0x00, 0x00, 0x00, 0x00, 0x00, 0x00, } },
  { .id = 440, .a = 32, .b = 311, .token = {' ', 'u', 's', 0x00, 0x00, 0x00, 0x00, 0x00, 0x00, 0x00, 0x00, 0x00, 0x00, 0x00, 0x00, 0x00, 0x00, 0x00, 0x00, 0x00, 0x00, 0x00, 0x00, 0x00, 0x00, 0x00, 0x00, 0x00, 0x00, 0x00, 0x00, 0x00, } },
  { .id = 441, .a = 404, .b = 109, .token = {'f', 'o', 'r', 'm', 0x00, 0x00, 0x00, 0x00, 0x00, 0x00, 0x00, 0x00, 0x00, 0x00, 0x00, 0x00, 0x00, 0x00, 0x00, 0x00, 0x00, 0x00, 0x00, 0x00, 0x00, 0x00, 0x00, 0x00, 0x00, 0x00, 0x00, 0x00, } },
  { .id = 442, .a = 279, .b = 416, .token = {' ', 'f', 'r', 'o', 'm', 0x00, 0x00, 0x00, 0x00, 0x00, 0x00, 0x00, 0x00, 0x00, 0x00, 0x00, 0x00, 0x00, 0x00, 0x00, 0x00, 0x00, 0x00, 0x00, 0x00, 0x00, 0x00, 0x00, 0x00, 0x00, 0x00, 0x00, } },
  { .id = 443, .a = 341, .b = 281, .token = {'e', 's', 't', 'i', 'o', 'n', 0x00, 0x00, 0x00, 0x00, 0x00, 0x00, 0x00, 0x00, 0x00, 0x00, 0x00, 0x00, 0x00, 0x00, 0x00, 0x00, 0x00, 0x00, 0x00, 0x00, 0x00, 0x00, 0x00, 0x00, 0x00, 0x00, } },
  { .id = 444, .a = 285, .b = 389, .token = {'o', 'u', 'l', 'd', 0x00, 0x00, 0x00, 0x00, 0x00, 0x00, 0x00, 0x00, 0x00, 0x00, 0x00, 0x00, 0x00, 0x00, 0x00, 0x00, 0x00, 0x00, 0x00, 0x00, 0x00, 0x00, 0x00, 0x00, 0x00, 0x00, 0x00, 0x00, } },
  { .id = 445, .a = 117, .b = 266, .token = {'u', 'r', 'e', 0x00, 0x00, 0x00, 0x00, 0x00, 0x00, 0x00, 0x00, 0x00, 0x00, 0x00, 0x00, 0x00, 0x00, 0x00, 0x00, 0x00, 0x00, 0x00, 0x00, 0x00, 0x00, 0x00, 0x00, 0x00, 0x00, 0x00, 0x00, 0x00, } },
  { .id = 446, .a = 273, .b = 295, .token = {' ', 'w', 'a', 's', 0x00, 0x00, 0x00, 0x00, 0x00, 0x00, 0x00, 0x00, 0x00, 0x00, 0x00, 0x00, 0x00, 0x00, 0x00, 0x00, 0x00, 0x00, 0x00, 0x00, 0x00, 0x00, 0x00, 0x00, 0x00, 0x00, 0x00, 0x00, } },
  { .id = 447, .a = 108, .b = 317, .token = {'l', 'o', 'w', 0x00, 0x00, 0x00, 0x00, 0x00, 0x00, 0x00, 0x00, 0x00, 0x00, 0x00, 0x00, 0x00, 0x00, 0x00, 0x00, 0x00, 0x00, 0x00, 0x00, 0x00, 0x00, 0x00, 0x00, 0x00, 0x00, 0x00, 0x00, 0x00, } },
  { .id = 448, .a = 32, .b = 264, .token = {' ', 'e', 'n', 0x00, 0x00, 0x00, 0x00, 0x00, 0x00, 0x00, 0x00, 0x00, 0x00, 0x00, 0x00, 0x00, 0x00, 0x00, 0x00, 0x00, 0x00, 0x00, 0x00, 0x00, 0x00, 0x00, 0x00, 0x00, 0x00, 0x00, 0x00, 0x00, } },
  { .id = 449, .a = 111, .b = 99, .token = {'o', 'c', 0x00, 0x00, 0x00, 0x00, 0x00, 0x00, 0x00, 0x00, 0x00, 0x00, 0x00, 0x00, 0x00, 0x00, 0x00, 0x00, 0x00, 0x00, 0x00, 0x00, 0x00, 0x00, 0x00, 0x00, 0x00, 0x00, 0x00, 0x00, 0x00, 0x00, } },
  { .id = 450, .a = 101, .b = 301, .token = {'e', 'c', 't', 0x00, 0x00, 0x00, 0x00, 0x00, 0x00, 0x00, 0x00, 0x00, 0x00, 0x00, 0x00, 0x00, 0x00, 0x00, 0x00, 0x00, 0x00, 0x00, 0x00, 0x00, 0x00, 0x00, 0x00, 0x00, 0x00, 0x00, 0x00, 0x00, } },
  { .id = 451, .a = 32, .b = 82, .token = {' ', 'R', 0x00, 0x00, 0x00, 0x00, 0x00, 0x00, 0x00, 0x00, 0x00, 0x00, 0x00, 0x00, 0x00, 0x00, 0x00, 0x00, 0x00, 0x00, 0x00, 0x00, 0x00, 0x00, 0x00, 0x00, 0x00, 0x00, 0x00, 0x00, 0x00, 0x00, } },
  { .id = 452, .a = 84, .b = 258, .token = {'T', 'h', 'e', 0x00, 0x00, 0x00, 0x00, 0x00, 0x00, 0x00, 0x00, 0x00, 0x00, 0x00, 0x00, 0x00, 0x00, 0x00, 0x00, 0x00, 0x00, 0x00, 0x00, 0x00, 0x00, 0x00, 0x00, 0x00, 0x00, 0x00, 0x00, 0x00, } },
  { .id = 453, .a = 260, .b = 101, .token = {'i', 'n', 'e', 0x00, 0x00, 0x00, 0x00, 0x00, 0x00, 0x00, 0x00, 0x00, 0x00, 0x00, 0x00, 0x00, 0x00, 0x00, 0x00, 0x00, 0x00, 0x00, 0x00, 0x00, 0x00, 0x00, 0x00, 0x00, 0x00, 0x00, 0x00, 0x00, } },
  { .id = 454, .a = 265, .b = 104, .token = {' ', 's', 'h', 0x00, 0x00, 0x00, 0x00, 0x00, 0x00, 0x00, 0x00, 0x00, 0x00, 0x00, 0x00, 0x00, 0x00, 0x00, 0x00, 0x00, 0x00, 0x00, 0x00, 0x00, 0x00, 0x00, 0x00, 0x00, 0x00, 0x00, 0x00, 0x00, } },
  { .id = 455, .a = 117, .b = 100, .token = {'u', 'd', 0x00, 0x00, 0x00, 0x00, 0x00, 0x00, 0x00, 0x00, 0x00, 0x00, 0x00, 0x00, 0x00, 0x00, 0x00, 0x00, 0x00, 0x00, 0x00, 0x00, 0x00, 0x00, 0x00, 0x00, 0x00, 0x00, 0x00, 0x00, 0x00, 0x00, } },
  { .id = 456, .a = 267, .b = 101, .token = {'i', 's', 'e', 0x00, 0x00, 0x00, 0x00, 0x00, 0x00, 0x00, 0x00, 0x00, 0x00, 0x00, 0x00, 0x00, 0x00, 0x00, 0x00, 0x00, 0x00, 0x00, 0x00, 0x00, 0x00, 0x00, 0x00, 0x00, 0x00, 0x00, 0x00, 0x00, } },
  { .id = 457, .a = 294, .b = 104, .token = {'i', 'c', 'h', 0x00, 0x00, 0x00, 0x00, 0x00, 0x00, 0x00, 0x00, 0x00, 0x00, 0x00, 0x00, 0x00, 0x00, 0x00, 0x00, 0x00, 0x00, 0x00, 0x00, 0x00, 0x00, 0x00, 0x00, 0x00, 0x00, 0x00, 0x00, 0x00, } },
  { .id = 458, .a = 100, .b = 115, .token = {'d', 's', 0x00, 0x00, 0x00, 0x00, 0x00, 0x00, 0x00, 0x00, 0x00, 0x00, 0x00, 0x00, 0x00, 0x00, 0x00, 0x00, 0x00, 0x00, 0x00, 0x00, 0x00, 0x00, 0x00, 0x00, 0x00, 0x00, 0x00, 0x00, 0x00, 0x00, } },
  { .id = 459, .a = 259, .b = 116, .token = {' ', 'a', 't', 0x00, 0x00, 0x00, 0x00, 0x00, 0x00, 0x00, 0x00, 0x00, 0x00, 0x00, 0x00, 0x00, 0x00, 0x00, 0x00, 0x00, 0x00, 0x00, 0x00, 0x00, 0x00, 0x00, 0x00, 0x00, 0x00, 0x00, 0x00, 0x00, } },
  { .id = 460, .a = 411, .b = 116, .token = {'i', 'g', 'h', 't', 0x00, 0x00, 0x00, 0x00, 0x00, 0x00, 0x00, 0x00, 0x00, 0x00, 0x00, 0x00, 0x00, 0x00, 0x00, 0x00, 0x00, 0x00, 0x00, 0x00, 0x00, 0x00, 0x00, 0x00, 0x00, 0x00, 0x00, 0x00, } },
  { .id = 461, .a = 273, .b = 278, .token = {' ', 'w', 'o', 'r', 0x00, 0x00, 0x00, 0x00, 0x00, 0x00, 0x00, 0x00, 0x00, 0x00, 0x00, 0x00, 0x00, 0x00, 0x00, 0x00, 0x00, 0x00, 0x00, 0x00, 0x00, 0x00, 0x00, 0x00, 0x00, 0x00, 0x00, 0x00, } },
  { .id = 462, .a = 32, .b = 71, .token = {' ', 'G', 0x00, 0x00, 0x00, 0x00, 0x00, 0x00, 0x00, 0x00, 0x00, 0x00, 0x00, 0x00, 0x00, 0x00, 0x00, 0x00, 0x00, 0x00, 0x00, 0x00, 0x00, 0x00, 0x00, 0x00, 0x00, 0x00, 0x00, 0x00, 0x00, 0x00, } },
  { .id = 463, .a = 302, .b = 104, .token = {' ', 'T', 'h', 0x00, 0x00, 0x00, 0x00, 0x00, 0x00, 0x00, 0x00, 0x00, 0x00, 0x00, 0x00, 0x00, 0x00, 0x00, 0x00, 0x00, 0x00, 0x00, 0x00, 0x00, 0x00, 0x00, 0x00, 0x00, 0x00, 0x00, 0x00, 0x00, } },
  { .id = 464, .a = 315, .b = 101, .token = {'i', 'd', 'e', 0x00, 0x00, 0x00, 0x00, 0x00, 0x00, 0x00, 0x00, 0x00, 0x00, 0x00, 0x00, 0x00, 0x00, 0x00, 0x00, 0x00, 0x00, 0x00, 0x00, 0x00, 0x00, 0x00, 0x00, 0x00, 0x00, 0x00, 0x00, 0x00, } },
  { .id = 465, .a = 291, .b = 101, .token = {' ', 'd', 'e', 0x00, 0x00, 0x00, 0x00, 0x00, 0x00, 0x00, 0x00, 0x00, 0x00, 0x00, 0x00, 0x00, 0x00, 0x00, 0x00, 0x00, 0x00, 0x00, 0x00, 0x00, 0x00, 0x00, 0x00, 0x00, 0x00, 0x00, 0x00, 0x00, } },
  { .id = 466, .a = 99, .b = 108, .token = {'c', 'l', 0x00, 0x00, 0x00, 0x00, 0x00, 0x00, 0x00, 0x00, 0x00, 0x00, 0x00, 0x00, 0x00, 0x00, 0x00, 0x00, 0x00, 0x00, 0x00, 0x00, 0x00, 0x00, 0x00, 0x00, 0x00, 0x00, 0x00, 0x00, 0x00, 0x00, } },
  { .id = 467, .a = 278, .b = 116, .token = {'o', 'r', 't', 0x00, 0x00, 0x00, 0x00, 0x00, 0x00, 0x00, 0x00, 0x00, 0x00, 0x00, 0x00, 0x00, 0x00, 0x00, 0x00, 0x00, 0x00, 0x00, 0x00, 0x00, 0x00, 0x00, 0x00, 0x00, 0x00, 0x00, 0x00, 0x00, } },
  { .id = 468, .a = 258, .b = 115, .token = {'h', 'e', 's', 0x00, 0x00, 0x00, 0x00, 0x00, 0x00, 0x00, 0x00, 0x00, 0x00, 0x00, 0x00, 0x00, 0x00, 0x00, 0x00, 0x00, 0x00, 0x00, 0x00, 0x00, 0x00, 0x00, 0x00, 0x00, 0x00, 0x00, 0x00, 0x00, } },
  { .id = 469, .a = 112, .b = 293, .token = {'p', 'l', 'e', 0x00, 0x00, 0x00, 0x00, 0x00, 0x00, 0x00, 0x00, 0x00, 0x00, 0x00, 0x00, 0x00, 0x00, 0x00, 0x00, 0x00, 0x00, 0x00, 0x00, 0x00, 0x00, 0x00, 0x00, 0x00, 0x00, 0x00, 0x00, 0x00, } },
  { .id = 470, .a = 105, .b = 282, .token = {'i', 'a', 'l', 0x00, 0x00, 0x00, 0x00, 0x00, 0x00, 0x00, 0x00, 0x00, 0x00, 0x00, 0x00, 0x00, 0x00, 0x00, 0x00, 0x00, 0x00, 0x00, 0x00, 0x00, 0x00, 0x00, 0x00, 0x00, 0x00, 0x00, 0x00, 0x00, } },
  { .id = 471, .a = 107, .b = 275, .token = {'k', 'i', 'n', 'g', 0x00, 0x00, 0x00, 0x00, 0x00, 0x00, 0x00, 0x00, 0x00, 0x00, 0x00, 0x00, 0x00, 0x00, 0x00, 0x00, 0x00, 0x00, 0x00, 0x00, 0x00, 0x00, 0x00, 0x00, 0x00, 0x00, 0x00, 0x00, } },
  { .id = 472, .a = 290, .b = 116, .token = {'a', 'r', 't', 0x00, 0x00, 0x00, 0x00, 0x00, 0x00, 0x00, 0x00, 0x00, 0x00, 0x00, 0x00, 0x00, 0x00, 0x00, 0x00, 0x00, 0x00, 0x00, 0x00, 0x00, 0x00, 0x00, 0x00, 0x00, 0x00, 0x00, 0x00, 0x00, } },
  { .id = 473, .a = 32, .b = 70, .token = {' ', 'F', 0x00, 0x00, 0x00, 0x00, 0x00, 0x00, 0x00, 0x00, 0x00, 0x00, 0x00, 0x00, 0x00, 0x00, 0x00, 0x00, 0x00, 0x00, 0x00, 0x00, 0x00, 0x00, 0x00, 0x00, 0x00, 0x00, 0x00, 0x00, 0x00, 0x00, } },
  { .id = 474, .a = 32, .b = 357, .token = {' ', 'u', 'n', 0x00, 0x00, 0x00, 0x00, 0x00, 0x00, 0x00, 0x00, 0x00, 0x00, 0x00, 0x00, 0x00, 0x00, 0x00, 0x00, 0x00, 0x00, 0x00, 0x00, 0x00, 0x00, 0x00, 0x00, 0x00, 0x00, 0x00, 0x00, 0x00, } },
  { .id = 475, .a = 261, .b = 327, .token = {' ', 't', 'h', 'e', 'i', 'r', 0x00, 0x00, 0x00, 0x00, 0x00, 0x00, 0x00, 0x00, 0x00, 0x00, 0x00, 0x00, 0x00, 0x00, 0x00, 0x00, 0x00, 0x00, 0x00, 0x00, 0x00, 0x00, 0x00, 0x00, 0x00, 0x00, } },
  { .id = 476, .a = 83, .b = 429, .token = {'S', 't', 'e', 'p', 0x00, 0x00, 0x00, 0x00, 0x00, 0x00, 0x00, 0x00, 0x00, 0x00, 0x00, 0x00, 0x00, 0x00, 0x00, 0x00, 0x00, 0x00, 0x00, 0x00, 0x00, 0x00, 0x00, 0x00, 0x00, 0x00, 0x00, 0x00, } },
  { .id = 477, .a = 32, .b = 69, .token = {' ', 'E', 0x00, 0x00, 0x00, 0x00, 0x00, 0x00, 0x00, 0x00, 0x00, 0x00, 0x00, 0x00, 0x00, 0x00, 0x00, 0x00, 0x00, 0x00, 0x00, 0x00, 0x00, 0x00, 0x00, 0x00, 0x00, 0x00, 0x00, 0x00, 0x00, 0x00, } },
  { .id = 478, .a = 333, .b = 116, .token = {' ', 'c', 'o', 'n', 't', 0x00, 0x00, 0x00, 0x00, 0x00, 0x00, 0x00, 0x00, 0x00, 0x00, 0x00, 0x00, 0x00, 0x00, 0x00, 0x00, 0x00, 0x00, 0x00, 0x00, 0x00, 0x00, 0x00, 0x00, 0x00, 0x00, 0x00, } },
  { .id = 479, .a = 311, .b = 116, .token = {'u', 's', 't', 0x00, 0x00, 0x00, 0x00, 0x00, 0x00, 0x00, 0x00, 0x00, 0x00, 0x00, 0x00, 0x00, 0x00, 0x00, 0x00, 0x00, 0x00, 0x00, 0x00, 0x00, 0x00, 0x00, 0x00, 0x00, 0x00, 0x00, 0x00, 0x00, } },
  { .id = 480, .a = 112, .b = 108, .token = {'p', 'l', 0x00, 0x00, 0x00, 0x00, 0x00, 0x00, 0x00, 0x00, 0x00, 0x00, 0x00, 0x00, 0x00, 0x00, 0x00, 0x00, 0x00, 0x00, 0x00, 0x00, 0x00, 0x00, 0x00, 0x00, 0x00, 0x00, 0x00, 0x00, 0x00, 0x00, } },
  { .id = 481, .a = 117, .b = 101, .token = {'u', 'e', 0x00, 0x00, 0x00, 0x00, 0x00, 0x00, 0x00, 0x00, 0x00, 0x00, 0x00, 0x00, 0x00, 0x00, 0x00, 0x00, 0x00, 0x00, 0x00, 0x00, 0x00, 0x00, 0x00, 0x00, 0x00, 0x00, 0x00, 0x00, 0x00, 0x00, } },
  { .id = 482, .a = 121, .b = 112, .token = {'y', 'p', 0x00, 0x00, 0x00, 0x00, 0x00, 0x00, 0x00, 0x00, 0x00, 0x00, 0x00, 0x00, 0x00, 0x00, 0x00, 0x00, 0x00, 0x00, 0x00, 0x00, 0x00, 0x00, 0x00, 0x00, 0x00, 0x00, 0x00, 0x00, 0x00, 0x00, } },
  { .id = 483, .a = 294, .b = 282, .token = {'i', 'c', 'a', 'l', 0x00, 0x00, 0x00, 0x00, 0x00, 0x00, 0x00, 0x00, 0x00, 0x00, 0x00, 0x00, 0x00, 0x00, 0x00, 0x00, 0x00, 0x00, 0x00, 0x00, 0x00, 0x00, 0x00, 0x00, 0x00, 0x00, 0x00, 0x00, } },
  { .id = 484, .a = 349, .b = 264, .token = {'i', 'v', 'e', 'n', 0x00, 0x00, 0x00, 0x00, 0x00, 0x00, 0x00, 0x00, 0x00, 0x00, 0x00, 0x00, 0x00, 0x00, 0x00, 0x00, 0x00, 0x00, 0x00, 0x00, 0x00, 0x00, 0x00, 0x00, 0x00, 0x00, 0x00, 0x00, } },
  { .id = 485, .a = 347, .b = 108, .token = {'e', 'l', 'l', 0x00, 0x00, 0x00, 0x00, 0x00, 0x00, 0x00, 0x00, 0x00, 0x00, 0x00, 0x00, 0x00, 0x00, 0x00, 0x00, 0x00, 0x00, 0x00, 0x00, 0x00, 0x00, 0x00, 0x00, 0x00, 0x00, 0x00, 0x00, 0x00, } },
  { .id = 486, .a = 97, .b = 301, .token = {'a', 'c', 't', 0x00, 0x00, 0x00, 0x00, 0x00, 0x00, 0x00, 0x00, 0x00, 0x00, 0x00, 0x00, 0x00, 0x00, 0x00, 0x00, 0x00, 0x00, 0x00, 0x00, 0x00, 0x00, 0x00, 0x00, 0x00, 0x00, 0x00, 0x00, 0x00, } },
  { .id = 487, .a = 116, .b = 351, .token = {'t', 'h', 'e', 'r', 0x00, 0x00, 0x00, 0x00, 0x00, 0x00, 0x00, 0x00, 0x00, 0x00, 0x00, 0x00, 0x00, 0x00, 0x00, 0x00, 0x00, 0x00, 0x00, 0x00, 0x00, 0x00, 0x00, 0x00, 0x00, 0x00, 0x00, 0x00, } },
  { .id = 488, .a = 415, .b = 443, .token = {' ', 'q', 'u', 'e', 's', 't', 'i', 'o', 'n', 0x00, 0x00, 0x00, 0x00, 0x00, 0x00, 0x00, 0x00, 0x00, 0x00, 0x00, 0x00, 0x00, 0x00, 0x00, 0x00, 0x00, 0x00, 0x00, 0x00, 0x00, 0x00, 0x00, } },
  { .id = 489, .a = 32, .b = 78, .token = {' ', 'N', 0x00, 0x00, 0x00, 0x00, 0x00, 0x00, 0x00, 0x00, 0x00, 0x00, 0x00, 0x00, 0x00, 0x00, 0x00, 0x00, 0x00, 0x00, 0x00, 0x00, 0x00, 0x00, 0x00, 0x00, 0x00, 0x00, 0x00, 0x00, 0x00, 0x00, } },
  { .id = 490, .a = 257, .b = 114, .token = {' ', 't', 'r', 0x00, 0x00, 0x00, 0x00, 0x00, 0x00, 0x00, 0x00, 0x00, 0x00, 0x00, 0x00, 0x00, 0x00, 0x00, 0x00, 0x00, 0x00, 0x00, 0x00, 0x00, 0x00, 0x00, 0x00, 0x00, 0x00, 0x00, 0x00, 0x00, } },
  { .id = 491, .a = 32, .b = 324, .token = {' ', 'i', 'm', 0x00, 0x00, 0x00, 0x00, 0x00, 0x00, 0x00, 0x00, 0x00, 0x00, 0x00, 0x00, 0x00, 0x00, 0x00, 0x00, 0x00, 0x00, 0x00, 0x00, 0x00, 0x00, 0x00, 0x00, 0x00, 0x00, 0x00, 0x00, 0x00, } },
  { .id = 492, .a = 32, .b = 76, .token = {' ', 'L', 0x00, 0x00, 0x00, 0x00, 0x00, 0x00, 0x00, 0x00, 0x00, 0x00, 0x00, 0x00, 0x00, 0x00, 0x00, 0x00, 0x00, 0x00, 0x00, 0x00, 0x00, 0x00, 0x00, 0x00, 0x00, 0x00, 0x00, 0x00, 0x00, 0x00, } },
  { .id = 493, .a = 434, .b = 432, .token = {' ', 'a', 'b', 'o', 'u', 't', 0x00, 0x00, 0x00, 0x00, 0x00, 0x00, 0x00, 0x00, 0x00, 0x00, 0x00, 0x00, 0x00, 0x00, 0x00, 0x00, 0x00, 0x00, 0x00, 0x00, 0x00, 0x00, 0x00, 0x00, 0x00, 0x00, } },
  { .id = 494, .a = 111, .b = 266, .token = {'o', 'r', 'e', 0x00, 0x00, 0x00, 0x00, 0x00, 0x00, 0x00, 0x00, 0x00, 0x00, 0x00, 0x00, 0x00, 0x00, 0x00, 0x00, 0x00, 0x00, 0x00, 0x00, 0x00, 0x00, 0x00, 0x00, 0x00, 0x00, 0x00, 0x00, 0x00, } },
  { .id = 495, .a = 284, .b = 441, .token = {' ', 'i', 'n', 'f', 'o', 'r', 'm', 0x00, 0x00, 0x00, 0x00, 0x00, 0x00, 0x00, 0x00, 0x00, 0x00, 0x00, 0x00, 0x00, 0x00, 0x00, 0x00, 0x00, 0x00, 0x00, 0x00, 0x00, 0x00, 0x00, 0x00, 0x00, } },
  { .id = 496, .a = 120, .b = 116, .token = {'x', 't', 0x00, 0x00, 0x00, 0x00, 0x00, 0x00, 0x00, 0x00, 0x00, 0x00, 0x00, 0x00, 0x00, 0x00, 0x00, 0x00, 0x00, 0x00, 0x00, 0x00, 0x00, 0x00, 0x00, 0x00, 0x00, 0x00, 0x00, 0x00, 0x00, 0x00, } },
  { .id = 497, .a = 100, .b = 263, .token = {'d', 'e', 'r', 0x00, 0x00, 0x00, 0x00, 0x00, 0x00, 0x00, 0x00, 0x00, 0x00, 0x00, 0x00, 0x00, 0x00, 0x00, 0x00, 0x00, 0x00, 0x00, 0x00, 0x00, 0x00, 0x00, 0x00, 0x00, 0x00, 0x00, 0x00, 0x00, } },
  { .id = 498, .a = 463, .b = 267, .token = {' ', 'T', 'h', 'i', 's', 0x00, 0x00, 0x00, 0x00, 0x00, 0x00, 0x00, 0x00, 0x00, 0x00, 0x00, 0x00, 0x00, 0x00, 0x00, 0x00, 0x00, 0x00, 0x00, 0x00, 0x00, 0x00, 0x00, 0x00, 0x00, 0x00, 0x00, } },
  { .id = 499, .a = 307, .b = 101, .token = {'o', 'm', 'e', 0x00, 0x00, 0x00, 0x00, 0x00, 0x00, 0x00, 0x00, 0x00, 0x00, 0x00, 0x00, 0x00, 0x00, 0x00, 0x00, 0x00, 0x00, 0x00, 0x00, 0x00, 0x00, 0x00, 0x00, 0x00, 0x00, 0x00, 0x00, 0x00, } },
  { .id = 500, .a = 435, .b = 309, .token = {' ', 'h', 'a', 'v', 'e', 0x00, 0x00, 0x00, 0x00, 0x00, 0x00, 0x00, 0x00, 0x00, 0x00, 0x00, 0x00, 0x00, 0x00, 0x00, 0x00, 0x00, 0x00, 0x00, 0x00, 0x00, 0x00, 0x00, 0x00, 0x00, 0x00, 0x00, } },
  { .id = 501, .a = 112, .b = 263, .token = {'p', 'e', 'r', 0x00, 0x00, 0x00, 0x00, 0x00, 0x00, 0x00, 0x00, 0x00, 0x00, 0x00, 0x00, 0x00, 0x00, 0x00, 0x00, 0x00, 0x00, 0x00, 0x00, 0x00, 0x00, 0x00, 0x00, 0x00, 0x00, 0x00, 0x00, 0x00, } },
  { .id = 502, .a = 32, .b = 61, .token = {' ', '=', 0x00, 0x00, 0x00, 0x00, 0x00, 0x00, 0x00, 0x00, 0x00, 0x00, 0x00, 0x00, 0x00, 0x00, 0x00, 0x00, 0x00, 0x00, 0x00, 0x00, 0x00, 0x00, 0x00, 0x00, 0x00, 0x00, 0x00, 0x00, 0x00, 0x00, } },
  { .id = 503, .a = 495, .b = 314, .token = {' ', 'i', 'n', 'f', 'o', 'r', 'm', 'a', 't', 'i', 'o', 'n', 0x00, 0x00, 0x00, 0x00, 0x00, 0x00, 0x00, 0x00, 0x00, 0x00, 0x00, 0x00, 0x00, 0x00, 0x00, 0x00, 0x00, 0x00, 0x00, 0x00, } },
  { .id = 504, .a = 380, .b = 101, .token = {'a', 'g', 'e', 0x00, 0x00, 0x00, 0x00, 0x00, 0x00, 0x00, 0x00, 0x00, 0x00, 0x00, 0x00, 0x00, 0x00, 0x00, 0x00, 0x00, 0x00, 0x00, 0x00, 0x00, 0x00, 0x00, 0x00, 0x00, 0x00, 0x00, 0x00, 0x00, } },
  { .id = 505, .a = 364, .b = 457, .token = {' ', 'w', 'h', 'i', 'c', 'h', 0x00, 0x00, 0x00, 0x00, 0x00, 0x00, 0x00, 0x00, 0x00, 0x00, 0x00, 0x00, 0x00, 0x00, 0x00, 0x00, 0x00, 0x00, 0x00, 0x00, 0x00, 0x00, 0x00, 0x00, 0x00, 0x00, } },
  { .id = 506, .a = 287, .b = 101, .token = {' ', 'm', 'e', 0x00, 0x00, 0x00, 0x00, 0x00, 0x00, 0x00, 0x00, 0x00, 0x00, 0x00, 0x00, 0x00, 0x00, 0x00, 0x00, 0x00, 0x00, 0x00, 0x00, 0x00, 0x00, 0x00, 0x00, 0x00, 0x00, 0x00, 0x00, 0x00, } },
  { .id = 507, .a = 103, .b = 101, .token = {'g', 'e', 0x00, 0x00, 0x00, 0x00, 0x00, 0x00, 0x00, 0x00, 0x00, 0x00, 0x00, 0x00, 0x00, 0x00, 0x00, 0x00, 0x00, 0x00, 0x00, 0x00, 0x00, 0x00, 0x00, 0x00, 0x00, 0x00, 0x00, 0x00, 0x00, 0x00, } },
  { .id = 508, .a = 103, .b = 104, .token = {'g', 'h', 0x00, 0x00, 0x00, 0x00, 0x00, 0x00, 0x00, 0x00, 0x00, 0x00, 0x00, 0x00, 0x00, 0x00, 0x00, 0x00, 0x00, 0x00, 0x00, 0x00, 0x00, 0x00, 0x00, 0x00, 0x00, 0x00, 0x00, 0x00, 0x00, 0x00, } },
  { .id = 509, .a = 109, .b = 456, .token = {'m', 'i', 's', 'e', 0x00, 0x00, 0x00, 0x00, 0x00, 0x00, 0x00, 0x00, 0x00, 0x00, 0x00, 0x00, 0x00, 0x00, 0x00, 0x00, 0x00, 0x00, 0x00, 0x00, 0x00, 0x00, 0x00, 0x00, 0x00, 0x00, 0x00, 0x00, } },
  { .id = 510, .a = 330, .b = 110, .token = {' ', 'I', 'n', 0x00, 0x00, 0x00, 0x00, 0x00, 0x00, 0x00, 0x00, 0x00, 0x00, 0x00, 0x00, 0x00, 0x00, 0x00, 0x00, 0x00, 0x00, 0x00, 0x00, 0x00, 0x00, 0x00, 0x00, 0x00, 0x00, 0x00, 0x00, 0x00, } },
  { .id = 511, .a = 337, .b = 101, .token = {'a', 'm', 'e', 0x00, 0x00, 0x00, 0x00, 0x00, 0x00, 0x00, 0x00, 0x00, 0x00, 0x00, 0x00, 0x00, 0x00, 0x00, 0x00, 0x00, 0x00, 0x00, 0x00, 0x00, 0x00, 0x00, 0x00, 0x00, 0x00, 0x00, 0x00, 0x00, } },
  { .id = 512, .a = 97, .b = 376, .token = {'a', 'b', 'l', 'e', 0x00, 0x00, 0x00, 0x00, 0x00, 0x00, 0x00, 0x00, 0x00, 0x00, 0x00, 0x00, 0x00, 0x00, 0x00, 0x00, 0x00, 0x00, 0x00, 0x00, 0x00, 0x00, 0x00, 0x00, 0x00, 0x00, 0x00, 0x00, } },
  { .id = 513, .a = 102, .b = 263, .token = {'f', 'e', 'r', 0x00, 0x00, 0x00, 0x00, 0x00, 0x00, 0x00, 0x00, 0x00, 0x00, 0x00, 0x00, 0x00, 0x00, 0x00, 0x00, 0x00, 0x00, 0x00, 0x00, 0x00, 0x00, 0x00, 0x00, 0x00, 0x00, 0x00, 0x00, 0x00, } },
  { .id = 514, .a = 261, .b = 121, .token = {' ', 't', 'h', 'e', 'y', 0x00, 0x00, 0x00, 0x00, 0x00, 0x00, 0x00, 0x00, 0x00, 0x00, 0x00, 0x00, 0x00, 0x00, 0x00, 0x00, 0x00, 0x00, 0x00, 0x00, 0x00, 0x00, 0x00, 0x00, 0x00, 0x00, 0x00, } },
  { .id = 515, .a = 32, .b = 107, .token = {' ', 'k', 0x00, 0x00, 0x00, 0x00, 0x00, 0x00, 0x00, 0x00, 0x00, 0x00, 0x00, 0x00, 0x00, 0x00, 0x00, 0x00, 0x00, 0x00, 0x00, 0x00, 0x00, 0x00, 0x00, 0x00, 0x00, 0x00, 0x00, 0x00, 0x00, 0x00, } },
  { .id = 516, .a = 99, .b = 270, .token = {'c', 'e', 's', 0x00, 0x00, 0x00, 0x00, 0x00, 0x00, 0x00, 0x00, 0x00, 0x00, 0x00, 0x00, 0x00, 0x00, 0x00, 0x00, 0x00, 0x00, 0x00, 0x00, 0x00, 0x00, 0x00, 0x00, 0x00, 0x00, 0x00, 0x00, 0x00, } },
  { .id = 517, .a = 268, .b = 283, .token = {'a', 't', 'e', 'd', 0x00, 0x00, 0x00, 0x00, 0x00, 0x00, 0x00, 0x00, 0x00, 0x00, 0x00, 0x00, 0x00, 0x00, 0x00, 0x00, 0x00, 0x00, 0x00, 0x00, 0x00, 0x00, 0x00, 0x00, 0x00, 0x00, 0x00, 0x00, } },
  { .id = 518, .a = 303, .b = 468, .token = {'o', 't', 'h', 'e', 's', 0x00, 0x00, 0x00, 0x00, 0x00, 0x00, 0x00, 0x00, 0x00, 0x00, 0x00, 0x00, 0x00, 0x00, 0x00, 0x00, 0x00, 0x00, 0x00, 0x00, 0x00, 0x00, 0x00, 0x00, 0x00, 0x00, 0x00, } },
  { .id = 519, .a = 257, .b = 101, .token = {' ', 't', 'e', 0x00, 0x00, 0x00, 0x00, 0x00, 0x00, 0x00, 0x00, 0x00, 0x00, 0x00, 0x00, 0x00, 0x00, 0x00, 0x00, 0x00, 0x00, 0x00, 0x00, 0x00, 0x00, 0x00, 0x00, 0x00, 0x00, 0x00, 0x00, 0x00, } },
  { .id = 520, .a = 273, .b = 258, .token = {' ', 'w', 'h', 'e', 0x00, 0x00, 0x00, 0x00, 0x00, 0x00, 0x00, 0x00, 0x00, 0x00, 0x00, 0x00, 0x00, 0x00, 0x00, 0x00, 0x00, 0x00, 0x00, 0x00, 0x00, 0x00, 0x00, 0x00, 0x00, 0x00, 0x00, 0x00, } },
  { .id = 521, .a = 287, .b = 271, .token = {' ', 'm', 'a', 'n', 0x00, 0x00, 0x00, 0x00, 0x00, 0x00, 0x00, 0x00, 0x00, 0x00, 0x00, 0x00, 0x00, 0x00, 0x00, 0x00, 0x00, 0x00, 0x00, 0x00, 0x00, 0x00, 0x00, 0x00, 0x00, 0x00, 0x00, 0x00, } },
  { .id = 522, .a = 105, .b = 122, .token = {'i', 'z', 0x00, 0x00, 0x00, 0x00, 0x00, 0x00, 0x00, 0x00, 0x00, 0x00, 0x00, 0x00, 0x00, 0x00, 0x00, 0x00, 0x00, 0x00, 0x00, 0x00, 0x00, 0x00, 0x00, 0x00, 0x00, 0x00, 0x00, 0x00, 0x00, 0x00, } },
  { .id = 523, .a = 97, .b = 266, .token = {'a', 'r', 'e', 0x00, 0x00, 0x00, 0x00, 0x00, 0x00, 0x00, 0x00, 0x00, 0x00, 0x00, 0x00, 0x00, 0x00, 0x00, 0x00, 0x00, 0x00, 0x00, 0x00, 0x00, 0x00, 0x00, 0x00, 0x00, 0x00, 0x00, 0x00, 0x00, } },
  { .id = 524, .a = 287, .b = 97, .token = {' ', 'm', 'a', 0x00, 0x00, 0x00, 0x00, 0x00, 0x00, 0x00, 0x00, 0x00, 0x00, 0x00, 0x00, 0x00, 0x00, 0x00, 0x00, 0x00, 0x00, 0x00, 0x00, 0x00, 0x00, 0x00, 0x00, 0x00, 0x00, 0x00, 0x00, 0x00, } },
  { .id = 525, .a = 118, .b = 419, .token = {'v', 'i', 'e', 0x00, 0x00, 0x00, 0x00, 0x00, 0x00, 0x00, 0x00, 0x00, 0x00, 0x00, 0x00, 0x00, 0x00, 0x00, 0x00, 0x00, 0x00, 0x00, 0x00, 0x00, 0x00, 0x00, 0x00, 0x00, 0x00, 0x00, 0x00, 0x00, } },
  { .id = 526, .a = 482, .b = 518, .token = {'y', 'p', 'o', 't', 'h', 'e', 's', 0x00, 0x00, 0x00, 0x00, 0x00, 0x00, 0x00, 0x00, 0x00, 0x00, 0x00, 0x00, 0x00, 0x00, 0x00, 0x00, 0x00, 0x00, 0x00, 0x00, 0x00, 0x00, 0x00, 0x00, 0x00, } },
  { .id = 527, .a = 526, .b = 267, .token = {'y', 'p', 'o', 't', 'h', 'e', 's', 'i', 's', 0x00, 0x00, 0x00, 0x00, 0x00, 0x00, 0x00, 0x00, 0x00, 0x00, 0x00, 0x00, 0x00, 0x00, 0x00, 0x00, 0x00, 0x00, 0x00, 0x00, 0x00, 0x00, 0x00, } },
  { .id = 528, .a = 350, .b = 118, .token = {' ', 'p', 'r', 'o', 'v', 0x00, 0x00, 0x00, 0x00, 0x00, 0x00, 0x00, 0x00, 0x00, 0x00, 0x00, 0x00, 0x00, 0x00, 0x00, 0x00, 0x00, 0x00, 0x00, 0x00, 0x00, 0x00, 0x00, 0x00, 0x00, 0x00, 0x00, } },
  { .id = 529, .a = 279, .b = 320, .token = {' ', 'f', 'o', 'l', 0x00, 0x00, 0x00, 0x00, 0x00, 0x00, 0x00, 0x00, 0x00, 0x00, 0x00, 0x00, 0x00, 0x00, 0x00, 0x00, 0x00, 0x00, 0x00, 0x00, 0x00, 0x00, 0x00, 0x00, 0x00, 0x00, 0x00, 0x00, } },
  { .id = 530, .a = 263, .b = 109, .token = {'e', 'r', 'm', 0x00, 0x00, 0x00, 0x00, 0x00, 0x00, 0x00, 0x00, 0x00, 0x00, 0x00, 0x00, 0x00, 0x00, 0x00, 0x00, 0x00, 0x00, 0x00, 0x00, 0x00, 0x00, 0x00, 0x00, 0x00, 0x00, 0x00, 0x00, 0x00, } },
  { .id = 531, .a = 100, .b = 117, .token = {'d', 'u', 0x00, 0x00, 0x00, 0x00, 0x00, 0x00, 0x00, 0x00, 0x00, 0x00, 0x00, 0x00, 0x00, 0x00, 0x00, 0x00, 0x00, 0x00, 0x00, 0x00, 0x00, 0x00, 0x00, 0x00, 0x00, 0x00, 0x00, 0x00, 0x00, 0x00, } },
  { .id = 532, .a = 105, .b = 266, .token = {'i', 'r', 'e', 0x00, 0x00, 0x00, 0x00, 0x00, 0x00, 0x00, 0x00, 0x00, 0x00, 0x00, 0x00, 0x00, 0x00, 0x00, 0x00, 0x00, 0x00, 0x00, 0x00, 0x00, 0x00, 0x00, 0x00, 0x00, 0x00, 0x00, 0x00, 0x00, } },
  { .id = 533, .a = 529, .b = 447, .token = {' ', 'f', 'o', 'l', 'l', 'o', 'w', 0x00, 0x00, 0x00, 0x00, 0x00, 0x00, 0x00, 0x00, 0x00, 0x00, 0x00, 0x00, 0x00, 0x00, 0x00, 0x00, 0x00, 0x00, 0x00, 0x00, 0x00, 0x00, 0x00, 0x00, 0x00, } },
  { .id = 534, .a = 111, .b = 115, .token = {'o', 's', 0x00, 0x00, 0x00, 0x00, 0x00, 0x00, 0x00, 0x00, 0x00, 0x00, 0x00, 0x00, 0x00, 0x00, 0x00, 0x00, 0x00, 0x00, 0x00, 0x00, 0x00, 0x00, 0x00, 0x00, 0x00, 0x00, 0x00, 0x00, 0x00, 0x00, } },
  { .id = 535, .a = 285, .b = 508, .token = {'o', 'u', 'g', 'h', 0x00, 0x00, 0x00, 0x00, 0x00, 0x00, 0x00, 0x00, 0x00, 0x00, 0x00, 0x00, 0x00, 0x00, 0x00, 0x00, 0x00, 0x00, 0x00, 0x00, 0x00, 0x00, 0x00, 0x00, 0x00, 0x00, 0x00, 0x00, } },
  { .id = 536, .a = 294, .b = 101, .token = {'i', 'c', 'e', 0x00, 0x00, 0x00, 0x00, 0x00, 0x00, 0x00, 0x00, 0x00, 0x00, 0x00, 0x00, 0x00, 0x00, 0x00, 0x00, 0x00, 0x00, 0x00, 0x00, 0x00, 0x00, 0x00, 0x00, 0x00, 0x00, 0x00, 0x00, 0x00, } },
  { .id = 537, .a = 295, .b = 101, .token = {'a', 's', 'e', 0x00, 0x00, 0x00, 0x00, 0x00, 0x00, 0x00, 0x00, 0x00, 0x00, 0x00, 0x00, 0x00, 0x00, 0x00, 0x00, 0x00, 0x00, 0x00, 0x00, 0x00, 0x00, 0x00, 0x00, 0x00, 0x00, 0x00, 0x00, 0x00, } },
  { .id = 538, .a = 295, .b = 283, .token = {'a', 's', 'e', 'd', 0x00, 0x00, 0x00, 0x00, 0x00, 0x00, 0x00, 0x00, 0x00, 0x00, 0x00, 0x00, 0x00, 0x00, 0x00, 0x00, 0x00, 0x00, 0x00, 0x00, 0x00, 0x00, 0x00, 0x00, 0x00, 0x00, 0x00, 0x00, } },
  { .id = 539, .a = 97, .b = 98, .token = {'a', 'b', 0x00, 0x00, 0x00, 0x00, 0x00, 0x00, 0x00, 0x00, 0x00, 0x00, 0x00, 0x00, 0x00, 0x00, 0x00, 0x00, 0x00, 0x00, 0x00, 0x00, 0x00, 0x00, 0x00, 0x00, 0x00, 0x00, 0x00, 0x00, 0x00, 0x00, } },
  { .id = 540, .a = 259, .b = 100, .token = {' ', 'a', 'd', 0x00, 0x00, 0x00, 0x00, 0x00, 0x00, 0x00, 0x00, 0x00, 0x00, 0x00, 0x00, 0x00, 0x00, 0x00, 0x00, 0x00, 0x00, 0x00, 0x00, 0x00, 0x00, 0x00, 0x00, 0x00, 0x00, 0x00, 0x00, 0x00, } },
  { .id = 541, .a = 285, .b = 115, .token = {'o', 'u', 's', 0x00, 0x00, 0x00, 0x00, 0x00, 0x00, 0x00, 0x00, 0x00, 0x00, 0x00, 0x00, 0x00, 0x00, 0x00, 0x00, 0x00, 0x00, 0x00, 0x00, 0x00, 0x00, 0x00, 0x00, 0x00, 0x00, 0x00, 0x00, 0x00, } },
  { .id = 542, .a = 32, .b = 106, .token = {' ', 'j', 0x00, 0x00, 0x00, 0x00, 0x00, 0x00, 0x00, 0x00, 0x00, 0x00, 0x00, 0x00, 0x00, 0x00, 0x00, 0x00, 0x00, 0x00, 0x00, 0x00, 0x00, 0x00, 0x00, 0x00, 0x00, 0x00, 0x00, 0x00, 0x00, 0x00, } },
  { .id = 543, .a = 284, .b = 116, .token = {' ', 'i', 'n', 't', 0x00, 0x00, 0x00, 0x00, 0x00, 0x00, 0x00, 0x00, 0x00, 0x00, 0x00, 0x00, 0x00, 0x00, 0x00, 0x00, 0x00, 0x00, 0x00, 0x00, 0x00, 0x00, 0x00, 0x00, 0x00, 0x00, 0x00, 0x00, } },
  { .id = 544, .a = 312, .b = 484, .token = {' ', 'g', 'i', 'v', 'e', 'n', 0x00, 0x00, 0x00, 0x00, 0x00, 0x00, 0x00, 0x00, 0x00, 0x00, 0x00, 0x00, 0x00, 0x00, 0x00, 0x00, 0x00, 0x00, 0x00, 0x00, 0x00, 0x00, 0x00, 0x00, 0x00, 0x00, } },
  { .id = 545, .a = 105, .b = 376, .token = {'i', 'b', 'l', 'e', 0x00, 0x00, 0x00, 0x00, 0x00, 0x00, 0x00, 0x00, 0x00, 0x00, 0x00, 0x00, 0x00, 0x00, 0x00, 0x00, 0x00, 0x00, 0x00, 0x00, 0x00, 0x00, 0x00, 0x00, 0x00, 0x00, 0x00, 0x00, } },
  { .id = 546, .a = 97, .b = 310, .token = {'a', 'i', 'l', 0x00, 0x00, 0x00, 0x00, 0x00, 0x00, 0x00, 0x00, 0x00, 0x00, 0x00, 0x00, 0x00, 0x00, 0x00, 0x00, 0x00, 0x00, 0x00, 0x00, 0x00, 0x00, 0x00, 0x00, 0x00, 0x00, 0x00, 0x00, 0x00, } },
  { .id = 547, .a = 99, .b = 99, .token = {'c', 'c', 0x00, 0x00, 0x00, 0x00, 0x00, 0x00, 0x00, 0x00, 0x00, 0x00, 0x00, 0x00, 0x00, 0x00, 0x00, 0x00, 0x00, 0x00, 0x00, 0x00, 0x00, 0x00, 0x00, 0x00, 0x00, 0x00, 0x00, 0x00, 0x00, 0x00, } },
  { .id = 548, .a = 285, .b = 114, .token = {'o', 'u', 'r', 0x00, 0x00, 0x00, 0x00, 0x00, 0x00, 0x00, 0x00, 0x00, 0x00, 0x00, 0x00, 0x00, 0x00, 0x00, 0x00, 0x00, 0x00, 0x00, 0x00, 0x00, 0x00, 0x00, 0x00, 0x00, 0x00, 0x00, 0x00, 0x00, } },
  { .id = 549, .a = 32, .b = 74, .token = {' ', 'J', 0x00, 0x00, 0x00, 0x00, 0x00, 0x00, 0x00, 0x00, 0x00, 0x00, 0x00, 0x00, 0x00, 0x00, 0x00, 0x00, 0x00, 0x00, 0x00, 0x00, 0x00, 0x00, 0x00, 0x00, 0x00, 0x00, 0x00, 0x00, 0x00, 0x00, } },
  { .id = 550, .a = 105, .b = 374, .token = {'i', 'k', 'e', 0x00, 0x00, 0x00, 0x00, 0x00, 0x00, 0x00, 0x00, 0x00, 0x00, 0x00, 0x00, 0x00, 0x00, 0x00, 0x00, 0x00, 0x00, 0x00, 0x00, 0x00, 0x00, 0x00, 0x00, 0x00, 0x00, 0x00, 0x00, 0x00, } },
  { .id = 551, .a = 257, .b = 119, .token = {' ', 't', 'w', 0x00, 0x00, 0x00, 0x00, 0x00, 0x00, 0x00, 0x00, 0x00, 0x00, 0x00, 0x00, 0x00, 0x00, 0x00, 0x00, 0x00, 0x00, 0x00, 0x00, 0x00, 0x00, 0x00, 0x00, 0x00, 0x00, 0x00, 0x00, 0x00, } },
  { .id = 552, .a = 299, .b = 267, .token = {' ', 'h', 'i', 's', 0x00, 0x00, 0x00, 0x00, 0x00, 0x00, 0x00, 0x00, 0x00, 0x00, 0x00, 0x00, 0x00, 0x00, 0x00, 0x00, 0x00, 0x00, 0x00, 0x00, 0x00, 0x00, 0x00, 0x00, 0x00, 0x00, 0x00, 0x00, } },
  { .id = 553, .a = 262, .b = 103, .token = {'o', 'n', 'g', 0x00, 0x00, 0x00, 0x00, 0x00, 0x00, 0x00, 0x00, 0x00, 0x00, 0x00, 0x00, 0x00, 0x00, 0x00, 0x00, 0x00, 0x00, 0x00, 0x00, 0x00, 0x00, 0x00, 0x00, 0x00, 0x00, 0x00, 0x00, 0x00, } },
  { .id = 554, .a = 107, .b = 115, .token = {'k', 's', 0x00, 0x00, 0x00, 0x00, 0x00, 0x00, 0x00, 0x00, 0x00, 0x00, 0x00, 0x00, 0x00, 0x00, 0x00, 0x00, 0x00, 0x00, 0x00, 0x00, 0x00, 0x00, 0x00, 0x00, 0x00, 0x00, 0x00, 0x00, 0x00, 0x00, } },
  { .id = 555, .a = 384, .b = 100, .token = {'o', 'o', 'd', 0x00, 0x00, 0x00, 0x00, 0x00, 0x00, 0x00, 0x00, 0x00, 0x00, 0x00, 0x00, 0x00, 0x00, 0x00, 0x00, 0x00, 0x00, 0x00, 0x00, 0x00, 0x00, 0x00, 0x00, 0x00, 0x00, 0x00, 0x00, 0x00, } },
  { .id = 556, .a = 264, .b = 100, .token = {'e', 'n', 'd', 0x00, 0x00, 0x00, 0x00, 0x00, 0x00, 0x00, 0x00, 0x00, 0x00, 0x00, 0x00, 0x00, 0x00, 0x00, 0x00, 0x00, 0x00, 0x00, 0x00, 0x00, 0x00, 0x00, 0x00, 0x00, 0x00, 0x00, 0x00, 0x00, } },
  { .id = 557, .a = 295, .b = 116, .token = {'a', 's', 't', 0x00, 0x00, 0x00, 0x00, 0x00, 0x00, 0x00, 0x00, 0x00, 0x00, 0x00, 0x00, 0x00, 0x00, 0x00, 0x00, 0x00, 0x00, 0x00, 0x00, 0x00, 0x00, 0x00, 0x00, 0x00, 0x00, 0x00, 0x00, 0x00, } },
  { .id = 558, .a = 375, .b = 114, .token = {' ', 'y', 'o', 'u', 'r', 0x00, 0x00, 0x00, 0x00, 0x00, 0x00, 0x00, 0x00, 0x00, 0x00, 0x00, 0x00, 0x00, 0x00, 0x00, 0x00, 0x00, 0x00, 0x00, 0x00, 0x00, 0x00, 0x00, 0x00, 0x00, 0x00, 0x00, } },
  { .id = 559, .a = 269, .b = 108, .token = {' ', 'c', 'l', 0x00, 0x00, 0x00, 0x00, 0x00, 0x00, 0x00, 0x00, 0x00, 0x00, 0x00, 0x00, 0x00, 0x00, 0x00, 0x00, 0x00, 0x00, 0x00, 0x00, 0x00, 0x00, 0x00, 0x00, 0x00, 0x00, 0x00, 0x00, 0x00, } },
  { .id = 560, .a = 271, .b = 115, .token = {'a', 'n', 's', 0x00, 0x00, 0x00, 0x00, 0x00, 0x00, 0x00, 0x00, 0x00, 0x00, 0x00, 0x00, 0x00, 0x00, 0x00, 0x00, 0x00, 0x00, 0x00, 0x00, 0x00, 0x00, 0x00, 0x00, 0x00, 0x00, 0x00, 0x00, 0x00, } },
  { .id = 561, .a = 259, .b = 114, .token = {' ', 'a', 'r', 0x00, 0x00, 0x00, 0x00, 0x00, 0x00, 0x00, 0x00, 0x00, 0x00, 0x00, 0x00, 0x00, 0x00, 0x00, 0x00, 0x00, 0x00, 0x00, 0x00, 0x00, 0x00, 0x00, 0x00, 0x00, 0x00, 0x00, 0x00, 0x00, } },
  { .id = 562, .a = 32, .b = 79, .token = {' ', 'O', 0x00, 0x00, 0x00, 0x00, 0x00, 0x00, 0x00, 0x00, 0x00, 0x00, 0x00, 0x00, 0x00, 0x00, 0x00, 0x00, 0x00, 0x00, 0x00, 0x00, 0x00, 0x00, 0x00, 0x00, 0x00, 0x00, 0x00, 0x00, 0x00, 0x00, } },
  { .id = 563, .a = 409, .b = 509, .token = {' ', 'p', 'r', 'e', 'm', 'i', 's', 'e', 0x00, 0x00, 0x00, 0x00, 0x00, 0x00, 0x00, 0x00, 0x00, 0x00, 0x00, 0x00, 0x00, 0x00, 0x00, 0x00, 0x00, 0x00, 0x00, 0x00, 0x00, 0x00, 0x00, 0x00, } },
  { .id = 564, .a = 299, .b = 295, .token = {' ', 'h', 'a', 's', 0x00, 0x00, 0x00, 0x00, 0x00, 0x00, 0x00, 0x00, 0x00, 0x00, 0x00, 0x00, 0x00, 0x00, 0x00, 0x00, 0x00, 0x00, 0x00, 0x00, 0x00, 0x00, 0x00, 0x00, 0x00, 0x00, 0x00, 0x00, } },
  { .id = 565, .a = 98, .b = 263, .token = {'b', 'e', 'r', 0x00, 0x00, 0x00, 0x00, 0x00, 0x00, 0x00, 0x00, 0x00, 0x00, 0x00, 0x00, 0x00, 0x00, 0x00, 0x00, 0x00, 0x00, 0x00, 0x00, 0x00, 0x00, 0x00, 0x00, 0x00, 0x00, 0x00, 0x00, 0x00, } },
  { .id = 566, .a = 385, .b = 112, .token = {' ', 'c', 'o', 'm', 'p', 0x00, 0x00, 0x00, 0x00, 0x00, 0x00, 0x00, 0x00, 0x00, 0x00, 0x00, 0x00, 0x00, 0x00, 0x00, 0x00, 0x00, 0x00, 0x00, 0x00, 0x00, 0x00, 0x00, 0x00, 0x00, 0x00, 0x00, } },
  { .id = 567, .a = 363, .b = 116, .token = {'u', 'l', 't', 0x00, 0x00, 0x00, 0x00, 0x00, 0x00, 0x00, 0x00, 0x00, 0x00, 0x00, 0x00, 0x00, 0x00, 0x00, 0x00, 0x00, 0x00, 0x00, 0x00, 0x00, 0x00, 0x00, 0x00, 0x00, 0x00, 0x00, 0x00, 0x00, } },
  { .id = 568, .a = 412, .b = 100, .token = {'o', 'u', 'n', 'd', 0x00, 0x00, 0x00, 0x00, 0x00, 0x00, 0x00, 0x00, 0x00, 0x00, 0x00, 0x00, 0x00, 0x00, 0x00, 0x00, 0x00, 0x00, 0x00, 0x00, 0x00, 0x00, 0x00, 0x00, 0x00, 0x00, 0x00, 0x00, } },
  { .id = 569, .a = 260, .b = 100, .token = {'i', 'n', 'd', 0x00, 0x00, 0x00, 0x00, 0x00, 0x00, 0x00, 0x00, 0x00, 0x00, 0x00, 0x00, 0x00, 0x00, 0x00, 0x00, 0x00, 0x00, 0x00, 0x00, 0x00, 0x00, 0x00, 0x00, 0x00, 0x00, 0x00, 0x00, 0x00, } },
  { .id = 570, .a = 299, .b = 527, .token = {' ', 'h', 'y', 'p', 'o', 't', 'h', 'e', 's', 'i', 's', 0x00, 0x00, 0x00, 0x00, 0x00, 0x00, 0x00, 0x00, 0x00, 0x00, 0x00, 0x00, 0x00, 0x00, 0x00, 0x00, 0x00, 0x00, 0x00, 0x00, 0x00, } },
  { .id = 571, .a = 265, .b = 388, .token = {' ', 's', 'p', 'e', 0x00, 0x00, 0x00, 0x00, 0x00, 0x00, 0x00, 0x00, 0x00, 0x00, 0x00, 0x00, 0x00, 0x00, 0x00, 0x00, 0x00, 0x00, 0x00, 0x00, 0x00, 0x00, 0x00, 0x00, 0x00, 0x00, 0x00, 0x00, } },
  { .id = 572, .a = 272, .b = 487, .token = {' ', 'o', 't', 'h', 'e', 'r', 0x00, 0x00, 0x00, 0x00, 0x00, 0x00, 0x00, 0x00, 0x00, 0x00, 0x00, 0x00, 0x00, 0x00, 0x00, 0x00, 0x00, 0x00, 0x00, 0x00, 0x00, 0x00, 0x00, 0x00, 0x00, 0x00, } },
  { .id = 573, .a = 102, .b = 102, .token = {'f', 'f', 0x00, 0x00, 0x00, 0x00, 0x00, 0x00, 0x00, 0x00, 0x00, 0x00, 0x00, 0x00, 0x00, 0x00, 0x00, 0x00, 0x00, 0x00, 0x00, 0x00, 0x00, 0x00, 0x00, 0x00, 0x00, 0x00, 0x00, 0x00, 0x00, 0x00, } },
  { .id = 574, .a = 262, .b = 101, .token = {'o', 'n', 'e', 0x00, 0x00, 0x00, 0x00, 0x00, 0x00, 0x00, 0x00, 0x00, 0x00, 0x00, 0x00, 0x00, 0x00, 0x00, 0x00, 0x00, 0x00, 0x00, 0x00, 0x00, 0x00, 0x00, 0x00, 0x00, 0x00, 0x00, 0x00, 0x00, } },
  { .id = 575, .a = 300, .b = 111, .token = {' ', 'n', 'o', 0x00, 0x00, 0x00, 0x00, 0x00, 0x00, 0x00, 0x00, 0x00, 0x00, 0x00, 0x00, 0x00, 0x00, 0x00, 0x00, 0x00, 0x00, 0x00, 0x00, 0x00, 0x00, 0x00, 0x00, 0x00, 0x00, 0x00, 0x00, 0x00, } },
  { .id = 576, .a = 105, .b = 293, .token = {'i', 'l', 'e', 0x00, 0x00, 0x00, 0x00, 0x00, 0x00, 0x00, 0x00, 0x00, 0x00, 0x00, 0x00, 0x00, 0x00, 0x00, 0x00, 0x00, 0x00, 0x00, 0x00, 0x00, 0x00, 0x00, 0x00, 0x00, 0x00, 0x00, 0x00, 0x00, } },
  { .id = 577, .a = 97, .b = 305, .token = {'a', 'c', 'e', 0x00, 0x00, 0x00, 0x00, 0x00, 0x00, 0x00, 0x00, 0x00, 0x00, 0x00, 0x00, 0x00, 0x00, 0x00, 0x00, 0x00, 0x00, 0x00, 0x00, 0x00, 0x00, 0x00, 0x00, 0x00, 0x00, 0x00, 0x00, 0x00, } },
  { .id = 578, .a = 271, .b = 305, .token = {'a', 'n', 'c', 'e', 0x00, 0x00, 0x00, 0x00, 0x00, 0x00, 0x00, 0x00, 0x00, 0x00, 0x00, 0x00, 0x00, 0x00, 0x00, 0x00, 0x00, 0x00, 0x00, 0x00, 0x00, 0x00, 0x00, 0x00, 0x00, 0x00, 0x00, 0x00, } },
  { .id = 579, .a = 111, .b = 103, .token = {'o', 'g', 0x00, 0x00, 0x00, 0x00, 0x00, 0x00, 0x00, 0x00, 0x00, 0x00, 0x00, 0x00, 0x00, 0x00, 0x00, 0x00, 0x00, 0x00, 0x00, 0x00, 0x00, 0x00, 0x00, 0x00, 0x00, 0x00, 0x00, 0x00, 0x00, 0x00, } },
  { .id = 580, .a = 97, .b = 343, .token = {'a', 'c', 'h', 0x00, 0x00, 0x00, 0x00, 0x00, 0x00, 0x00, 0x00, 0x00, 0x00, 0x00, 0x00, 0x00, 0x00, 0x00, 0x00, 0x00, 0x00, 0x00, 0x00, 0x00, 0x00, 0x00, 0x00, 0x00, 0x00, 0x00, 0x00, 0x00, } },
  { .id = 581, .a = 268, .b = 270, .token = {'a', 't', 'e', 's', 0x00, 0x00, 0x00, 0x00, 0x00, 0x00, 0x00, 0x00, 0x00, 0x00, 0x00, 0x00, 0x00, 0x00, 0x00, 0x00, 0x00, 0x00, 0x00, 0x00, 0x00, 0x00, 0x00, 0x00, 0x00, 0x00, 0x00, 0x00, } },
  { .id = 582, .a = 290, .b = 121, .token = {'a', 'r', 'y', 0x00, 0x00, 0x00, 0x00, 0x00, 0x00, 0x00, 0x00, 0x00, 0x00, 0x00, 0x00, 0x00, 0x00, 0x00, 0x00, 0x00, 0x00, 0x00, 0x00, 0x00, 0x00, 0x00, 0x00, 0x00, 0x00, 0x00, 0x00, 0x00, } },
  { .id = 583, .a = 319, .b = 342, .token = {' ', 's', 't', 'a', 't', 'e', 0x00, 0x00, 0x00, 0x00, 0x00, 0x00, 0x00, 0x00, 0x00, 0x00, 0x00, 0x00, 0x00, 0x00, 0x00, 0x00, 0x00, 0x00, 0x00, 0x00, 0x00, 0x00, 0x00, 0x00, 0x00, 0x00, } },
  { .id = 584, .a = 117, .b = 112, .token = {'u', 'p', 0x00, 0x00, 0x00, 0x00, 0x00, 0x00, 0x00, 0x00, 0x00, 0x00, 0x00, 0x00, 0x00, 0x00, 0x00, 0x00, 0x00, 0x00, 0x00, 0x00, 0x00, 0x00, 0x00, 0x00, 0x00, 0x00, 0x00, 0x00, 0x00, 0x00, } },
  { .id = 585, .a = 491, .b = 112, .token = {' ', 'i', 'm', 'p', 0x00, 0x00, 0x00, 0x00, 0x00, 0x00, 0x00, 0x00, 0x00, 0x00, 0x00, 0x00, 0x00, 0x00, 0x00, 0x00, 0x00, 0x00, 0x00, 0x00, 0x00, 0x00, 0x00, 0x00, 0x00, 0x00, 0x00, 0x00, } },
  { .id = 586, .a = 272, .b = 329, .token = {' ', 'o', 'u', 't', 0x00, 0x00, 0x00, 0x00, 0x00, 0x00, 0x00, 0x00, 0x00, 0x00, 0x00, 0x00, 0x00, 0x00, 0x00, 0x00, 0x00, 0x00, 0x00, 0x00, 0x00, 0x00, 0x00, 0x00, 0x00, 0x00, 0x00, 0x00, } },
  { .id = 587, .a = 466, .b = 455, .token = {'c', 'l', 'u', 'd', 0x00, 0x00, 0x00, 0x00, 0x00, 0x00, 0x00, 0x00, 0x00, 0x00, 0x00, 0x00, 0x00, 0x00, 0x00, 0x00, 0x00, 0x00, 0x00, 0x00, 0x00, 0x00, 0x00, 0x00, 0x00, 0x00, 0x00, 0x00, } },
  { .id = 588, .a = 276, .b = 101, .token = {'i', 't', 'e', 0x00, 0x00, 0x00, 0x00, 0x00, 0x00, 0x00, 0x00, 0x00, 0x00, 0x00, 0x00, 0x00, 0x00, 0x00, 0x00, 0x00, 0x00, 0x00, 0x00, 0x00, 0x00, 0x00, 0x00, 0x00, 0x00, 0x00, 0x00, 0x00, } },
  { .id = 589, .a = 330, .b = 116, .token = {' ', 'I', 't', 0x00, 0x00, 0x00, 0x00, 0x00, 0x00, 0x00, 0x00, 0x00, 0x00, 0x00, 0x00, 0x00, 0x00, 0x00, 0x00, 0x00, 0x00, 0x00, 0x00, 0x00, 0x00, 0x00, 0x00, 0x00, 0x00, 0x00, 0x00, 0x00, } },
  { .id = 590, .a = 295, .b = 115, .token = {'a', 's', 's', 0x00, 0x00, 0x00, 0x00, 0x00, 0x00, 0x00, 0x00, 0x00, 0x00, 0x00, 0x00, 0x00, 0x00, 0x00, 0x00, 0x00, 0x00, 0x00, 0x00, 0x00, 0x00, 0x00, 0x00, 0x00, 0x00, 0x00, 0x00, 0x00, } },
  { .id = 591, .a = 327, .b = 323, .token = {'i', 'r', 's', 't', 0x00, 0x00, 0x00, 0x00, 0x00, 0x00, 0x00, 0x00, 0x00, 0x00, 0x00, 0x00, 0x00, 0x00, 0x00, 0x00, 0x00, 0x00, 0x00, 0x00, 0x00, 0x00, 0x00, 0x00, 0x00, 0x00, 0x00, 0x00, } },
  { .id = 592, .a = 114, .b = 117, .token = {'r', 'u', 0x00, 0x00, 0x00, 0x00, 0x00, 0x00, 0x00, 0x00, 0x00, 0x00, 0x00, 0x00, 0x00, 0x00, 0x00, 0x00, 0x00, 0x00, 0x00, 0x00, 0x00, 0x00, 0x00, 0x00, 0x00, 0x00, 0x00, 0x00, 0x00, 0x00, } },
  { .id = 593, .a = 105, .b = 112, .token = {'i', 'p', 0x00, 0x00, 0x00, 0x00, 0x00, 0x00, 0x00, 0x00, 0x00, 0x00, 0x00, 0x00, 0x00, 0x00, 0x00, 0x00, 0x00, 0x00, 0x00, 0x00, 0x00, 0x00, 0x00, 0x00, 0x00, 0x00, 0x00, 0x00, 0x00, 0x00, } },
  { .id = 594, .a = 259, .b = 301, .token = {' ', 'a', 'c', 't', 0x00, 0x00, 0x00, 0x00, 0x00, 0x00, 0x00, 0x00, 0x00, 0x00, 0x00, 0x00, 0x00, 0x00, 0x00, 0x00, 0x00, 0x00, 0x00, 0x00, 0x00, 0x00, 0x00, 0x00, 0x00, 0x00, 0x00, 0x00, } },
  { .id = 595, .a = 438, .b = 270, .token = {' ', 'd', 'o', 'e', 's', 0x00, 0x00, 0x00, 0x00, 0x00, 0x00, 0x00, 0x00, 0x00, 0x00, 0x00, 0x00, 0x00, 0x00, 0x00, 0x00, 0x00, 0x00, 0x00, 0x00, 0x00, 0x00, 0x00, 0x00, 0x00, 0x00, 0x00, } },
  { .id = 596, .a = 273, .b = 422, .token = {' ', 'w', 'i', 'l', 'l', 0x00, 0x00, 0x00, 0x00, 0x00, 0x00, 0x00, 0x00, 0x00, 0x00, 0x00, 0x00, 0x00, 0x00, 0x00, 0x00, 0x00, 0x00, 0x00, 0x00, 0x00, 0x00, 0x00, 0x00, 0x00, 0x00, 0x00, } },
  { .id = 597, .a = 398, .b = 266, .token = {' ', 'm', 'o', 'r', 'e', 0x00, 0x00, 0x00, 0x00, 0x00, 0x00, 0x00, 0x00, 0x00, 0x00, 0x00, 0x00, 0x00, 0x00, 0x00, 0x00, 0x00, 0x00, 0x00, 0x00, 0x00, 0x00, 0x00, 0x00, 0x00, 0x00, 0x00, } },
  { .id = 598, .a = 304, .b = 115, .token = {' ', 'r', 'e', 's', 0x00, 0x00, 0x00, 0x00, 0x00, 0x00, 0x00, 0x00, 0x00, 0x00, 0x00, 0x00, 0x00, 0x00, 0x00, 0x00, 0x00, 0x00, 0x00, 0x00, 0x00, 0x00, 0x00, 0x00, 0x00, 0x00, 0x00, 0x00, } },
  { .id = 599, .a = 303, .b = 104, .token = {'o', 't', 'h', 0x00, 0x00, 0x00, 0x00, 0x00, 0x00, 0x00, 0x00, 0x00, 0x00, 0x00, 0x00, 0x00, 0x00, 0x00, 0x00, 0x00, 0x00, 0x00, 0x00, 0x00, 0x00, 0x00, 0x00, 0x00, 0x00, 0x00, 0x00, 0x00, } },
  { .id = 600, .a = 314, .b = 115, .token = {'a', 't', 'i', 'o', 'n', 's', 0x00, 0x00, 0x00, 0x00, 0x00, 0x00, 0x00, 0x00, 0x00, 0x00, 0x00, 0x00, 0x00, 0x00, 0x00, 0x00, 0x00, 0x00, 0x00, 0x00, 0x00, 0x00, 0x00, 0x00, 0x00, 0x00, } },
  { .id = 601, .a = 290, .b = 100, .token = {'a', 'r', 'd', 0x00, 0x00, 0x00, 0x00, 0x00, 0x00, 0x00, 0x00, 0x00, 0x00, 0x00, 0x00, 0x00, 0x00, 0x00, 0x00, 0x00, 0x00, 0x00, 0x00, 0x00, 0x00, 0x00, 0x00, 0x00, 0x00, 0x00, 0x00, 0x00, } },
  { .id = 602, .a = 32, .b = 85, .token = {' ', 'U', 0x00, 0x00, 0x00, 0x00, 0x00, 0x00, 0x00, 0x00, 0x00, 0x00, 0x00, 0x00, 0x00, 0x00, 0x00, 0x00, 0x00, 0x00, 0x00, 0x00, 0x00, 0x00, 0x00, 0x00, 0x00, 0x00, 0x00, 0x00, 0x00, 0x00, } },
  { .id = 603, .a = 291, .b = 270, .token = {' ', 'd', 'e', 's', 0x00, 0x00, 0x00, 0x00, 0x00, 0x00, 0x00, 0x00, 0x00, 0x00, 0x00, 0x00, 0x00, 0x00, 0x00, 0x00, 0x00, 0x00, 0x00, 0x00, 0x00, 0x00, 0x00, 0x00, 0x00, 0x00, 0x00, 0x00, } },
  { .id = 604, .a = 533, .b = 275, .token = {' ', 'f', 'o', 'l', 'l', 'o', 'w', 'i', 'n', 'g', 0x00, 0x00, 0x00, 0x00, 0x00, 0x00, 0x00, 0x00, 0x00, 0x00, 0x00, 0x00, 0x00, 0x00, 0x00, 0x00, 0x00, 0x00, 0x00, 0x00, 0x00, 0x00, } },
  { .id = 605, .a = 32, .b = 336, .token = {' ', 'i', 'f', 0x00, 0x00, 0x00, 0x00, 0x00, 0x00, 0x00, 0x00, 0x00, 0x00, 0x00, 0x00, 0x00, 0x00, 0x00, 0x00, 0x00, 0x00, 0x00, 0x00, 0x00, 0x00, 0x00, 0x00, 0x00, 0x00, 0x00, 0x00, 0x00, } },
  { .id = 606, .a = 308, .b = 550, .token = {' ', 'l', 'i', 'k', 'e', 0x00, 0x00, 0x00, 0x00, 0x00, 0x00, 0x00, 0x00, 0x00, 0x00, 0x00, 0x00, 0x00, 0x00, 0x00, 0x00, 0x00, 0x00, 0x00, 0x00, 0x00, 0x00, 0x00, 0x00, 0x00, 0x00, 0x00, } },
  { .id = 607, .a = 265, .b = 112, .token = {' ', 's', 'p', 0x00, 0x00, 0x00, 0x00, 0x00, 0x00, 0x00, 0x00, 0x00, 0x00, 0x00, 0x00, 0x00, 0x00, 0x00, 0x00, 0x00, 0x00, 0x00, 0x00, 0x00, 0x00, 0x00, 0x00, 0x00, 0x00, 0x00, 0x00, 0x00, } },
  { .id = 608, .a = 97, .b = 311, .token = {'a', 'u', 's', 0x00, 0x00, 0x00, 0x00, 0x00, 0x00, 0x00, 0x00, 0x00, 0x00, 0x00, 0x00, 0x00, 0x00, 0x00, 0x00, 0x00, 0x00, 0x00, 0x00, 0x00, 0x00, 0x00, 0x00, 0x00, 0x00, 0x00, 0x00, 0x00, } },
  { .id = 609, .a = 268, .b = 263, .token = {'a', 't', 'e', 'r', 0x00, 0x00, 0x00, 0x00, 0x00, 0x00, 0x00, 0x00, 0x00, 0x00, 0x00, 0x00, 0x00, 0x00, 0x00, 0x00, 0x00, 0x00, 0x00, 0x00, 0x00, 0x00, 0x00, 0x00, 0x00, 0x00, 0x00, 0x00, } },
  { .id = 610, .a = 280, .b = 329, .token = {' ', 'b', 'u', 't', 0x00, 0x00, 0x00, 0x00, 0x00, 0x00, 0x00, 0x00, 0x00, 0x00, 0x00, 0x00, 0x00, 0x00, 0x00, 0x00, 0x00, 0x00, 0x00, 0x00, 0x00, 0x00, 0x00, 0x00, 0x00, 0x00, 0x00, 0x00, } },
  { .id = 611, .a = 97, .b = 112, .token = {'a', 'p', 0x00, 0x00, 0x00, 0x00, 0x00, 0x00, 0x00, 0x00, 0x00, 0x00, 0x00, 0x00, 0x00, 0x00, 0x00, 0x00, 0x00, 0x00, 0x00, 0x00, 0x00, 0x00, 0x00, 0x00, 0x00, 0x00, 0x00, 0x00, 0x00, 0x00, } },
  { .id = 612, .a = 267, .b = 104, .token = {'i', 's', 'h', 0x00, 0x00, 0x00, 0x00, 0x00, 0x00, 0x00, 0x00, 0x00, 0x00, 0x00, 0x00, 0x00, 0x00, 0x00, 0x00, 0x00, 0x00, 0x00, 0x00, 0x00, 0x00, 0x00, 0x00, 0x00, 0x00, 0x00, 0x00, 0x00, } },
  { .id = 613, .a = 318, .b = 545, .token = {'s', 's', 'i', 'b', 'l', 'e', 0x00, 0x00, 0x00, 0x00, 0x00, 0x00, 0x00, 0x00, 0x00, 0x00, 0x00, 0x00, 0x00, 0x00, 0x00, 0x00, 0x00, 0x00, 0x00, 0x00, 0x00, 0x00, 0x00, 0x00, 0x00, 0x00, } },
  { .id = 614, .a = 273, .b = 444, .token = {' ', 'w', 'o', 'u', 'l', 'd', 0x00, 0x00, 0x00, 0x00, 0x00, 0x00, 0x00, 0x00, 0x00, 0x00, 0x00, 0x00, 0x00, 0x00, 0x00, 0x00, 0x00, 0x00, 0x00, 0x00, 0x00, 0x00, 0x00, 0x00, 0x00, 0x00, } },
  { .id = 615, .a = 317, .b = 110, .token = {'o', 'w', 'n', 0x00, 0x00, 0x00, 0x00, 0x00, 0x00, 0x00, 0x00, 0x00, 0x00, 0x00, 0x00, 0x00, 0x00, 0x00, 0x00, 0x00, 0x00, 0x00, 0x00, 0x00, 0x00, 0x00, 0x00, 0x00, 0x00, 0x00, 0x00, 0x00, } },
  { .id = 616, .a = 336, .b = 294, .token = {'i', 'f', 'i', 'c', 0x00, 0x00, 0x00, 0x00, 0x00, 0x00, 0x00, 0x00, 0x00, 0x00, 0x00, 0x00, 0x00, 0x00, 0x00, 0x00, 0x00, 0x00, 0x00, 0x00, 0x00, 0x00, 0x00, 0x00, 0x00, 0x00, 0x00, 0x00, } },
  { .id = 617, .a = 551, .b = 111, .token = {' ', 't', 'w', 'o', 0x00, 0x00, 0x00, 0x00, 0x00, 0x00, 0x00, 0x00, 0x00, 0x00, 0x00, 0x00, 0x00, 0x00, 0x00, 0x00, 0x00, 0x00, 0x00, 0x00, 0x00, 0x00, 0x00, 0x00, 0x00, 0x00, 0x00, 0x00, } },
  { .id = 618, .a = 269, .b = 111, .token = {' ', 'c', 'o', 0x00, 0x00, 0x00, 0x00, 0x00, 0x00, 0x00, 0x00, 0x00, 0x00, 0x00, 0x00, 0x00, 0x00, 0x00, 0x00, 0x00, 0x00, 0x00, 0x00, 0x00, 0x00, 0x00, 0x00, 0x00, 0x00, 0x00, 0x00, 0x00, } },
  { .id = 619, .a = 284, .b = 100, .token = {' ', 'i', 'n', 'd', 0x00, 0x00, 0x00, 0x00, 0x00, 0x00, 0x00, 0x00, 0x00, 0x00, 0x00, 0x00, 0x00, 0x00, 0x00, 0x00, 0x00, 0x00, 0x00, 0x00, 0x00, 0x00, 0x00, 0x00, 0x00, 0x00, 0x00, 0x00, } },
  { .id = 620, .a = 32, .b = 89, .token = {' ', 'Y', 0x00, 0x00, 0x00, 0x00, 0x00, 0x00, 0x00, 0x00, 0x00, 0x00, 0x00, 0x00, 0x00, 0x00, 0x00, 0x00, 0x00, 0x00, 0x00, 0x00, 0x00, 0x00, 0x00, 0x00, 0x00, 0x00, 0x00, 0x00, 0x00, 0x00, } },
  { .id = 621, .a = 306, .b = 118, .token = {' ', 'e', 'v', 0x00, 0x00, 0x00, 0x00, 0x00, 0x00, 0x00, 0x00, 0x00, 0x00, 0x00, 0x00, 0x00, 0x00, 0x00, 0x00, 0x00, 0x00, 0x00, 0x00, 0x00, 0x00, 0x00, 0x00, 0x00, 0x00, 0x00, 0x00, 0x00, } },
  { .id = 622, .a = 418, .b = 107, .token = {'a', 'c', 'k', 0x00, 0x00, 0x00, 0x00, 0x00, 0x00, 0x00, 0x00, 0x00, 0x00, 0x00, 0x00, 0x00, 0x00, 0x00, 0x00, 0x00, 0x00, 0x00, 0x00, 0x00, 0x00, 0x00, 0x00, 0x00, 0x00, 0x00, 0x00, 0x00, } },
  { .id = 623, .a = 32, .b = 351, .token = {' ', 'h', 'e', 'r', 0x00, 0x00, 0x00, 0x00, 0x00, 0x00, 0x00, 0x00, 0x00, 0x00, 0x00, 0x00, 0x00, 0x00, 0x00, 0x00, 0x00, 0x00, 0x00, 0x00, 0x00, 0x00, 0x00, 0x00, 0x00, 0x00, 0x00, 0x00, } },
  { .id = 624, .a = 117, .b = 282, .token = {'u', 'a', 'l', 0x00, 0x00, 0x00, 0x00, 0x00, 0x00, 0x00, 0x00, 0x00, 0x00, 0x00, 0x00, 0x00, 0x00, 0x00, 0x00, 0x00, 0x00, 0x00, 0x00, 0x00, 0x00, 0x00, 0x00, 0x00, 0x00, 0x00, 0x00, 0x00, } },
  { .id = 625, .a = 324, .b = 101, .token = {'i', 'm', 'e', 0x00, 0x00, 0x00, 0x00, 0x00, 0x00, 0x00, 0x00, 0x00, 0x00, 0x00, 0x00, 0x00, 0x00, 0x00, 0x00, 0x00, 0x00, 0x00, 0x00, 0x00, 0x00, 0x00, 0x00, 0x00, 0x00, 0x00, 0x00, 0x00, } },
  { .id = 626, .a = 339, .b = 110, .token = {'i', 'g', 'n', 0x00, 0x00, 0x00, 0x00, 0x00, 0x00, 0x00, 0x00, 0x00, 0x00, 0x00, 0x00, 0x00, 0x00, 0x00, 0x00, 0x00, 0x00, 0x00, 0x00, 0x00, 0x00, 0x00, 0x00, 0x00, 0x00, 0x00, 0x00, 0x00, } },
  { .id = 627, .a = 101, .b = 111, .token = {'e', 'o', 0x00, 0x00, 0x00, 0x00, 0x00, 0x00, 0x00, 0x00, 0x00, 0x00, 0x00, 0x00, 0x00, 0x00, 0x00, 0x00, 0x00, 0x00, 0x00, 0x00, 0x00, 0x00, 0x00, 0x00, 0x00, 0x00, 0x00, 0x00, 0x00, 0x00, } },
  { .id = 628, .a = 399, .b = 400, .token = {'p', 't', 'i', 'o', 'n', 's', 0x00, 0x00, 0x00, 0x00, 0x00, 0x00, 0x00, 0x00, 0x00, 0x00, 0x00, 0x00, 0x00, 0x00, 0x00, 0x00, 0x00, 0x00, 0x00, 0x00, 0x00, 0x00, 0x00, 0x00, 0x00, 0x00, } },
  { .id = 629, .a = 32, .b = 298, .token = {' ', 'r', 'o', 0x00, 0x00, 0x00, 0x00, 0x00, 0x00, 0x00, 0x00, 0x00, 0x00, 0x00, 0x00, 0x00, 0x00, 0x00, 0x00, 0x00, 0x00, 0x00, 0x00, 0x00, 0x00, 0x00, 0x00, 0x00, 0x00, 0x00, 0x00, 0x00, } },
  { .id = 630, .a = 271, .b = 103, .token = {'a', 'n', 'g', 0x00, 0x00, 0x00, 0x00, 0x00, 0x00, 0x00, 0x00, 0x00, 0x00, 0x00, 0x00, 0x00, 0x00, 0x00, 0x00, 0x00, 0x00, 0x00, 0x00, 0x00, 0x00, 0x00, 0x00, 0x00, 0x00, 0x00, 0x00, 0x00, } },
  { .id = 631, .a = 412, .b = 116, .token = {'o', 'u', 'n', 't', 0x00, 0x00, 0x00, 0x00, 0x00, 0x00, 0x00, 0x00, 0x00, 0x00, 0x00, 0x00, 0x00, 0x00, 0x00, 0x00, 0x00, 0x00, 0x00, 0x00, 0x00, 0x00, 0x00, 0x00, 0x00, 0x00, 0x00, 0x00, } },
  { .id = 632, .a = 97, .b = 118, .token = {'a', 'v', 0x00, 0x00, 0x00, 0x00, 0x00, 0x00, 0x00, 0x00, 0x00, 0x00, 0x00, 0x00, 0x00, 0x00, 0x00, 0x00, 0x00, 0x00, 0x00, 0x00, 0x00, 0x00, 0x00, 0x00, 0x00, 0x00, 0x00, 0x00, 0x00, 0x00, } },
  { .id = 633, .a = 274, .b = 263, .token = {' ', 'p', 'e', 'r', 0x00, 0x00, 0x00, 0x00, 0x00, 0x00, 0x00, 0x00, 0x00, 0x00, 0x00, 0x00, 0x00, 0x00, 0x00, 0x00, 0x00, 0x00, 0x00, 0x00, 0x00, 0x00, 0x00, 0x00, 0x00, 0x00, 0x00, 0x00, } },
  { .id = 634, .a = 335, .b = 115, .token = {' ', 'i', 't', 's', 0x00, 0x00, 0x00, 0x00, 0x00, 0x00, 0x00, 0x00, 0x00, 0x00, 0x00, 0x00, 0x00, 0x00, 0x00, 0x00, 0x00, 0x00, 0x00, 0x00, 0x00, 0x00, 0x00, 0x00, 0x00, 0x00, 0x00, 0x00, } },
  { .id = 635, .a = 583, .b = 370, .token = {' ', 's', 't', 'a', 't', 'e', 'm', 'e', 'n', 't', 0x00, 0x00, 0x00, 0x00, 0x00, 0x00, 0x00, 0x00, 0x00, 0x00, 0x00, 0x00, 0x00, 0x00, 0x00, 0x00, 0x00, 0x00, 0x00, 0x00, 0x00, 0x00, } },
  { .id = 636, .a = 268, .b = 373, .token = {'a', 't', 'i', 'v', 'e', 0x00, 0x00, 0x00, 0x00, 0x00, 0x00, 0x00, 0x00, 0x00, 0x00, 0x00, 0x00, 0x00, 0x00, 0x00, 0x00, 0x00, 0x00, 0x00, 0x00, 0x00, 0x00, 0x00, 0x00, 0x00, 0x00, 0x00, } },
  { .id = 637, .a = 50, .b = 48, .token = {'2', '0', 0x00, 0x00, 0x00, 0x00, 0x00, 0x00, 0x00, 0x00, 0x00, 0x00, 0x00, 0x00, 0x00, 0x00, 0x00, 0x00, 0x00, 0x00, 0x00, 0x00, 0x00, 0x00, 0x00, 0x00, 0x00, 0x00, 0x00, 0x00, 0x00, 0x00, } },
  { .id = 638, .a = 97, .b = 107, .token = {'a', 'k', 0x00, 0x00, 0x00, 0x00, 0x00, 0x00, 0x00, 0x00, 0x00, 0x00, 0x00, 0x00, 0x00, 0x00, 0x00, 0x00, 0x00, 0x00, 0x00, 0x00, 0x00, 0x00, 0x00, 0x00, 0x00, 0x00, 0x00, 0x00, 0x00, 0x00, } },
  { .id = 639, .a = 336, .b = 121, .token = {'i', 'f', 'y', 0x00, 0x00, 0x00, 0x00, 0x00, 0x00, 0x00, 0x00, 0x00, 0x00, 0x00, 0x00, 0x00, 0x00, 0x00, 0x00, 0x00, 0x00, 0x00, 0x00, 0x00, 0x00, 0x00, 0x00, 0x00, 0x00, 0x00, 0x00, 0x00, } },
  { .id = 640, .a = 331, .b = 110, .token = {' ', 'A', 'n', 0x00, 0x00, 0x00, 0x00, 0x00, 0x00, 0x00, 0x00, 0x00, 0x00, 0x00, 0x00, 0x00, 0x00, 0x00, 0x00, 0x00, 0x00, 0x00, 0x00, 0x00, 0x00, 0x00, 0x00, 0x00, 0x00, 0x00, 0x00, 0x00, } },
  { .id = 641, .a = 268, .b = 275, .token = {'a', 't', 'i', 'n', 'g', 0x00, 0x00, 0x00, 0x00, 0x00, 0x00, 0x00, 0x00, 0x00, 0x00, 0x00, 0x00, 0x00, 0x00, 0x00, 0x00, 0x00, 0x00, 0x00, 0x00, 0x00, 0x00, 0x00, 0x00, 0x00, 0x00, 0x00, } },
  { .id = 642, .a = 328, .b = 101, .token = {' ', 'o', 'n', 'e', 0x00, 0x00, 0x00, 0x00, 0x00, 0x00, 0x00, 0x00, 0x00, 0x00, 0x00, 0x00, 0x00, 0x00, 0x00, 0x00, 0x00, 0x00, 0x00, 0x00, 0x00, 0x00, 0x00, 0x00, 0x00, 0x00, 0x00, 0x00, } },
  { .id = 643, .a = 105, .b = 97, .token = {'i', 'a', 0x00, 0x00, 0x00, 0x00, 0x00, 0x00, 0x00, 0x00, 0x00, 0x00, 0x00, 0x00, 0x00, 0x00, 0x00, 0x00, 0x00, 0x00, 0x00, 0x00, 0x00, 0x00, 0x00, 0x00, 0x00, 0x00, 0x00, 0x00, 0x00, 0x00, } },
  { .id = 644, .a = 276, .b = 281, .token = {'i', 't', 'i', 'o', 'n', 0x00, 0x00, 0x00, 0x00, 0x00, 0x00, 0x00, 0x00, 0x00, 0x00, 0x00, 0x00, 0x00, 0x00, 0x00, 0x00, 0x00, 0x00, 0x00, 0x00, 0x00, 0x00, 0x00, 0x00, 0x00, 0x00, 0x00, } },
  { .id = 645, .a = 114, .b = 121, .token = {'r', 'y', 0x00, 0x00, 0x00, 0x00, 0x00, 0x00, 0x00, 0x00, 0x00, 0x00, 0x00, 0x00, 0x00, 0x00, 0x00, 0x00, 0x00, 0x00, 0x00, 0x00, 0x00, 0x00, 0x00, 0x00, 0x00, 0x00, 0x00, 0x00, 0x00, 0x00, } },
  { .id = 646, .a = 279, .b = 101, .token = {' ', 'f', 'e', 0x00, 0x00, 0x00, 0x00, 0x00, 0x00, 0x00, 0x00, 0x00, 0x00, 0x00, 0x00, 0x00, 0x00, 0x00, 0x00, 0x00, 0x00, 0x00, 0x00, 0x00, 0x00, 0x00, 0x00, 0x00, 0x00, 0x00, 0x00, 0x00, } },
  { .id = 647, .a = 265, .b = 111, .token = {' ', 's', 'o', 0x00, 0x00, 0x00, 0x00, 0x00, 0x00, 0x00, 0x00, 0x00, 0x00, 0x00, 0x00, 0x00, 0x00, 0x00, 0x00, 0x00, 0x00, 0x00, 0x00, 0x00, 0x00, 0x00, 0x00, 0x00, 0x00, 0x00, 0x00, 0x00, } },
  { .id = 648, .a = 279, .b = 591, .token = {' ', 'f', 'i', 'r', 's', 't', 0x00, 0x00, 0x00, 0x00, 0x00, 0x00, 0x00, 0x00, 0x00, 0x00, 0x00, 0x00, 0x00, 0x00, 0x00, 0x00, 0x00, 0x00, 0x00, 0x00, 0x00, 0x00, 0x00, 0x00, 0x00, 0x00, } },
  { .id = 649, .a = 259, .b = 413, .token = {' ', 'a', 'p', 'p', 0x00, 0x00, 0x00, 0x00, 0x00, 0x00, 0x00, 0x00, 0x00, 0x00, 0x00, 0x00, 0x00, 0x00, 0x00, 0x00, 0x00, 0x00, 0x00, 0x00, 0x00, 0x00, 0x00, 0x00, 0x00, 0x00, 0x00, 0x00, } },
  { .id = 650, .a = 326, .b = 99, .token = {' ', 'b', 'e', 'c', 0x00, 0x00, 0x00, 0x00, 0x00, 0x00, 0x00, 0x00, 0x00, 0x00, 0x00, 0x00, 0x00, 0x00, 0x00, 0x00, 0x00, 0x00, 0x00, 0x00, 0x00, 0x00, 0x00, 0x00, 0x00, 0x00, 0x00, 0x00, } },
  { .id = 651, .a = 427, .b = 345, .token = {' ', 'p', 'l', 'a', 'y', 0x00, 0x00, 0x00, 0x00, 0x00, 0x00, 0x00, 0x00, 0x00, 0x00, 0x00, 0x00, 0x00, 0x00, 0x00, 0x00, 0x00, 0x00, 0x00, 0x00, 0x00, 0x00, 0x00, 0x00, 0x00, 0x00, 0x00, } },
  { .id = 652, .a = 627, .b = 469, .token = {'e', 'o', 'p', 'l', 'e', 0x00, 0x00, 0x00, 0x00, 0x00, 0x00, 0x00, 0x00, 0x00, 0x00, 0x00, 0x00, 0x00, 0x00, 0x00, 0x00, 0x00, 0x00, 0x00, 0x00, 0x00, 0x00, 0x00, 0x00, 0x00, 0x00, 0x00, } },
  { .id = 653, .a = 395, .b = 104, .token = {' ', 'W', 'h', 0x00, 0x00, 0x00, 0x00, 0x00, 0x00, 0x00, 0x00, 0x00, 0x00, 0x00, 0x00, 0x00, 0x00, 0x00, 0x00, 0x00, 0x00, 0x00, 0x00, 0x00, 0x00, 0x00, 0x00, 0x00, 0x00, 0x00, 0x00, 0x00, } },
  { .id = 654, .a = 291, .b = 267, .token = {' ', 'd', 'i', 's', 0x00, 0x00, 0x00, 0x00, 0x00, 0x00, 0x00, 0x00, 0x00, 0x00, 0x00, 0x00, 0x00, 0x00, 0x00, 0x00, 0x00, 0x00, 0x00, 0x00, 0x00, 0x00, 0x00, 0x00, 0x00, 0x00, 0x00, 0x00, } },
  { .id = 655, .a = 266, .b = 318, .token = {'r', 'e', 's', 's', 0x00, 0x00, 0x00, 0x00, 0x00, 0x00, 0x00, 0x00, 0x00, 0x00, 0x00, 0x00, 0x00, 0x00, 0x00, 0x00, 0x00, 0x00, 0x00, 0x00, 0x00, 0x00, 0x00, 0x00, 0x00, 0x00, 0x00, 0x00, } },
  { .id = 656, .a = 111, .b = 112, .token = {'o', 'p', 0x00, 0x00, 0x00, 0x00, 0x00, 0x00, 0x00, 0x00, 0x00, 0x00, 0x00, 0x00, 0x00, 0x00, 0x00, 0x00, 0x00, 0x00, 0x00, 0x00, 0x00, 0x00, 0x00, 0x00, 0x00, 0x00, 0x00, 0x00, 0x00, 0x00, } },
  { .id = 657, .a = 263, .b = 101, .token = {'e', 'r', 'e', 0x00, 0x00, 0x00, 0x00, 0x00, 0x00, 0x00, 0x00, 0x00, 0x00, 0x00, 0x00, 0x00, 0x00, 0x00, 0x00, 0x00, 0x00, 0x00, 0x00, 0x00, 0x00, 0x00, 0x00, 0x00, 0x00, 0x00, 0x00, 0x00, } },
  { .id = 658, .a = 49, .b = 57, .token = {'1', '9', 0x00, 0x00, 0x00, 0x00, 0x00, 0x00, 0x00, 0x00, 0x00, 0x00, 0x00, 0x00, 0x00, 0x00, 0x00, 0x00, 0x00, 0x00, 0x00, 0x00, 0x00, 0x00, 0x00, 0x00, 0x00, 0x00, 0x00, 0x00, 0x00, 0x00, } },
  { .id = 659, .a = 528, .b = 315, .token = {' ', 'p', 'r', 'o', 'v', 'i', 'd', 0x00, 0x00, 0x00, 0x00, 0x00, 0x00, 0x00, 0x00, 0x00, 0x00, 0x00, 0x00, 0x00, 0x00, 0x00, 0x00, 0x00, 0x00, 0x00, 0x00, 0x00, 0x00, 0x00, 0x00, 0x00, } },
  { .id = 660, .a = 387, .b = 98, .token = {'r', 'i', 'b', 0x00, 0x00, 0x00, 0x00, 0x00, 0x00, 0x00, 0x00, 0x00, 0x00, 0x00, 0x00, 0x00, 0x00, 0x00, 0x00, 0x00, 0x00, 0x00, 0x00, 0x00, 0x00, 0x00, 0x00, 0x00, 0x00, 0x00, 0x00, 0x00, } },
  { .id = 661, .a = 571, .b = 99, .token = {' ', 's', 'p', 'e', 'c', 0x00, 0x00, 0x00, 0x00, 0x00, 0x00, 0x00, 0x00, 0x00, 0x00, 0x00, 0x00, 0x00, 0x00, 0x00, 0x00, 0x00, 0x00, 0x00, 0x00, 0x00, 0x00, 0x00, 0x00, 0x00, 0x00, 0x00, } },
  { .id = 662, .a = 99, .b = 377, .token = {'c', 'e', 's', 's', 0x00, 0x00, 0x00, 0x00, 0x00, 0x00, 0x00, 0x00, 0x00, 0x00, 0x00, 0x00, 0x00, 0x00, 0x00, 0x00, 0x00, 0x00, 0x00, 0x00, 0x00, 0x00, 0x00, 0x00, 0x00, 0x00, 0x00, 0x00, } },
  { .id = 663, .a = 261, .b = 359, .token = {' ', 't', 'h', 'e', 's', 'e', 0x00, 0x00, 0x00, 0x00, 0x00, 0x00, 0x00, 0x00, 0x00, 0x00, 0x00, 0x00, 0x00, 0x00, 0x00, 0x00, 0x00, 0x00, 0x00, 0x00, 0x00, 0x00, 0x00, 0x00, 0x00, 0x00, } },
  { .id = 664, .a = 286, .b = 115, .token = {'e', 'n', 't', 's', 0x00, 0x00, 0x00, 0x00, 0x00, 0x00, 0x00, 0x00, 0x00, 0x00, 0x00, 0x00, 0x00, 0x00, 0x00, 0x00, 0x00, 0x00, 0x00, 0x00, 0x00, 0x00, 0x00, 0x00, 0x00, 0x00, 0x00, 0x00, } },
  { .id = 665, .a = 391, .b = 283, .token = {' ', 'n', 'e', 'e', 'd', 0x00, 0x00, 0x00, 0x00, 0x00, 0x00, 0x00, 0x00, 0x00, 0x00, 0x00, 0x00, 0x00, 0x00, 0x00, 0x00, 0x00, 0x00, 0x00, 0x00, 0x00, 0x00, 0x00, 0x00, 0x00, 0x00, 0x00, } },
  { .id = 666, .a = 291, .b = 313, .token = {' ', 'd', 'e', 't', 0x00, 0x00, 0x00, 0x00, 0x00, 0x00, 0x00, 0x00, 0x00, 0x00, 0x00, 0x00, 0x00, 0x00, 0x00, 0x00, 0x00, 0x00, 0x00, 0x00, 0x00, 0x00, 0x00, 0x00, 0x00, 0x00, 0x00, 0x00, } },
  { .id = 667, .a = 111, .b = 100, .token = {'o', 'd', 0x00, 0x00, 0x00, 0x00, 0x00, 0x00, 0x00, 0x00, 0x00, 0x00, 0x00, 0x00, 0x00, 0x00, 0x00, 0x00, 0x00, 0x00, 0x00, 0x00, 0x00, 0x00, 0x00, 0x00, 0x00, 0x00, 0x00, 0x00, 0x00, 0x00, } },
  { .id = 668, .a = 291, .b = 336, .token = {' ', 'd', 'i', 'f', 0x00, 0x00, 0x00, 0x00, 0x00, 0x00, 0x00, 0x00, 0x00, 0x00, 0x00, 0x00, 0x00, 0x00, 0x00, 0x00, 0x00, 0x00, 0x00, 0x00, 0x00, 0x00, 0x00, 0x00, 0x00, 0x00, 0x00, 0x00, } },
  { .id = 669, .a = 304, .b = 525, .token = {' ', 'r', 'e', 'v', 'i', 'e', 0x00, 0x00, 0x00, 0x00, 0x00, 0x00, 0x00, 0x00, 0x00, 0x00, 0x00, 0x00, 0x00, 0x00, 0x00, 0x00, 0x00, 0x00, 0x00, 0x00, 0x00, 0x00, 0x00, 0x00, 0x00, 0x00, } },
  { .id = 670, .a = 115, .b = 111, .token = {'s', 'o', 0x00, 0x00, 0x00, 0x00, 0x00, 0x00, 0x00, 0x00, 0x00, 0x00, 0x00, 0x00, 0x00, 0x00, 0x00, 0x00, 0x00, 0x00, 0x00, 0x00, 0x00, 0x00, 0x00, 0x00, 0x00, 0x00, 0x00, 0x00, 0x00, 0x00, } },
  { .id = 671, .a = 274, .b = 472, .token = {' ', 'p', 'a', 'r', 't', 0x00, 0x00, 0x00, 0x00, 0x00, 0x00, 0x00, 0x00, 0x00, 0x00, 0x00, 0x00, 0x00, 0x00, 0x00, 0x00, 0x00, 0x00, 0x00, 0x00, 0x00, 0x00, 0x00, 0x00, 0x00, 0x00, 0x00, } },
  { .id = 672, .a = 106, .b = 450, .token = {'j', 'e', 'c', 't', 0x00, 0x00, 0x00, 0x00, 0x00, 0x00, 0x00, 0x00, 0x00, 0x00, 0x00, 0x00, 0x00, 0x00, 0x00, 0x00, 0x00, 0x00, 0x00, 0x00, 0x00, 0x00, 0x00, 0x00, 0x00, 0x00, 0x00, 0x00, } },
  { .id = 673, .a = 265, .b = 499, .token = {' ', 's', 'o', 'm', 'e', 0x00, 0x00, 0x00, 0x00, 0x00, 0x00, 0x00, 0x00, 0x00, 0x00, 0x00, 0x00, 0x00, 0x00, 0x00, 0x00, 0x00, 0x00, 0x00, 0x00, 0x00, 0x00, 0x00, 0x00, 0x00, 0x00, 0x00, } },
  { .id = 674, .a = 364, .b = 111, .token = {' ', 'w', 'h', 'o', 0x00, 0x00, 0x00, 0x00, 0x00, 0x00, 0x00, 0x00, 0x00, 0x00, 0x00, 0x00, 0x00, 0x00, 0x00, 0x00, 0x00, 0x00, 0x00, 0x00, 0x00, 0x00, 0x00, 0x00, 0x00, 0x00, 0x00, 0x00, } },
  { .id = 675, .a = 119, .b = 101, .token = {'w', 'e', 0x00, 0x00, 0x00, 0x00, 0x00, 0x00, 0x00, 0x00, 0x00, 0x00, 0x00, 0x00, 0x00, 0x00, 0x00, 0x00, 0x00, 0x00, 0x00, 0x00, 0x00, 0x00, 0x00, 0x00, 0x00, 0x00, 0x00, 0x00, 0x00, 0x00, } },
  { .id = 676, .a = 309, .b = 108, .token = {'v', 'e', 'l', 0x00, 0x00, 0x00, 0x00, 0x00, 0x00, 0x00, 0x00, 0x00, 0x00, 0x00, 0x00, 0x00, 0x00, 0x00, 0x00, 0x00, 0x00, 0x00, 0x00, 0x00, 0x00, 0x00, 0x00, 0x00, 0x00, 0x00, 0x00, 0x00, } },
  { .id = 677, .a = 280, .b = 313, .token = {' ', 'b', 'e', 't', 0x00, 0x00, 0x00, 0x00, 0x00, 0x00, 0x00, 0x00, 0x00, 0x00, 0x00, 0x00, 0x00, 0x00, 0x00, 0x00, 0x00, 0x00, 0x00, 0x00, 0x00, 0x00, 0x00, 0x00, 0x00, 0x00, 0x00, 0x00, } },
  { .id = 678, .a = 515, .b = 110, .token = {' ', 'k', 'n', 0x00, 0x00, 0x00, 0x00, 0x00, 0x00, 0x00, 0x00, 0x00, 0x00, 0x00, 0x00, 0x00, 0x00, 0x00, 0x00, 0x00, 0x00, 0x00, 0x00, 0x00, 0x00, 0x00, 0x00, 0x00, 0x00, 0x00, 0x00, 0x00, } },
  { .id = 679, .a = 385, .b = 109, .token = {' ', 'c', 'o', 'm', 'm', 0x00, 0x00, 0x00, 0x00, 0x00, 0x00, 0x00, 0x00, 0x00, 0x00, 0x00, 0x00, 0x00, 0x00, 0x00, 0x00, 0x00, 0x00, 0x00, 0x00, 0x00, 0x00, 0x00, 0x00, 0x00, 0x00, 0x00, } },
  { .id = 680, .a = 112, .b = 104, .token = {'p', 'h', 0x00, 0x00, 0x00, 0x00, 0x00, 0x00, 0x00, 0x00, 0x00, 0x00, 0x00, 0x00, 0x00, 0x00, 0x00, 0x00, 0x00, 0x00, 0x00, 0x00, 0x00, 0x00, 0x00, 0x00, 0x00, 0x00, 0x00, 0x00, 0x00, 0x00, } },
  { .id = 681, .a = 401, .b = 613, .token = {' ', 'p', 'o', 's', 's', 'i', 'b', 'l', 'e', 0x00, 0x00, 0x00, 0x00, 0x00, 0x00, 0x00, 0x00, 0x00, 0x00, 0x00, 0x00, 0x00, 0x00, 0x00, 0x00, 0x00, 0x00, 0x00, 0x00, 0x00, 0x00, 0x00, } },
  { .id = 682, .a = 348, .b = 262, .token = {'e', 'r', 's', 'o', 'n', 0x00, 0x00, 0x00, 0x00, 0x00, 0x00, 0x00, 0x00, 0x00, 0x00, 0x00, 0x00, 0x00, 0x00, 0x00, 0x00, 0x00, 0x00, 0x00, 0x00, 0x00, 0x00, 0x00, 0x00, 0x00, 0x00, 0x00, } },
  { .id = 683, .a = 264, .b = 516, .token = {'e', 'n', 'c', 'e', 's', 0x00, 0x00, 0x00, 0x00, 0x00, 0x00, 0x00, 0x00, 0x00, 0x00, 0x00, 0x00, 0x00, 0x00, 0x00, 0x00, 0x00, 0x00, 0x00, 0x00, 0x00, 0x00, 0x00, 0x00, 0x00, 0x00, 0x00, } },
  { .id = 684, .a = 274, .b = 652, .token = {' ', 'p', 'e', 'o', 'p', 'l', 'e', 0x00, 0x00, 0x00, 0x00, 0x00, 0x00, 0x00, 0x00, 0x00, 0x00, 0x00, 0x00, 0x00, 0x00, 0x00, 0x00, 0x00, 0x00, 0x00, 0x00, 0x00, 0x00, 0x00, 0x00, 0x00, } },
  { .id = 685, .a = 278, .b = 121, .token = {'o', 'r', 'y', 0x00, 0x00, 0x00, 0x00, 0x00, 0x00, 0x00, 0x00, 0x00, 0x00, 0x00, 0x00, 0x00, 0x00, 0x00, 0x00, 0x00, 0x00, 0x00, 0x00, 0x00, 0x00, 0x00, 0x00, 0x00, 0x00, 0x00, 0x00, 0x00, } },
  { .id = 686, .a = 304, .b = 108, .token = {' ', 'r', 'e', 'l', 0x00, 0x00, 0x00, 0x00, 0x00, 0x00, 0x00, 0x00, 0x00, 0x00, 0x00, 0x00, 0x00, 0x00, 0x00, 0x00, 0x00, 0x00, 0x00, 0x00, 0x00, 0x00, 0x00, 0x00, 0x00, 0x00, 0x00, 0x00, } },
  { .id = 687, .a = 401, .b = 115, .token = {' ', 'p', 'o', 's', 0x00, 0x00, 0x00, 0x00, 0x00, 0x00, 0x00, 0x00, 0x00, 0x00, 0x00, 0x00, 0x00, 0x00, 0x00, 0x00, 0x00, 0x00, 0x00, 0x00, 0x00, 0x00, 0x00, 0x00, 0x00, 0x00, 0x00, 0x00, } },
  { .id = 688, .a = 319, .b = 344, .token = {' ', 's', 't', 'e', 'p', 0x00, 0x00, 0x00, 0x00, 0x00, 0x00, 0x00, 0x00, 0x00, 0x00, 0x00, 0x00, 0x00, 0x00, 0x00, 0x00, 0x00, 0x00, 0x00, 0x00, 0x00, 0x00, 0x00, 0x00, 0x00, 0x00, 0x00, } },
  { .id = 689, .a = 312, .b = 114, .token = {' ', 'g', 'r', 0x00, 0x00, 0x00, 0x00, 0x00, 0x00, 0x00, 0x00, 0x00, 0x00, 0x00, 0x00, 0x00, 0x00, 0x00, 0x00, 0x00, 0x00, 0x00, 0x00, 0x00, 0x00, 0x00, 0x00, 0x00, 0x00, 0x00, 0x00, 0x00, } },
  { .id = 690, .a = 99, .b = 262, .token = {'c', 'o', 'n', 0x00, 0x00, 0x00, 0x00, 0x00, 0x00, 0x00, 0x00, 0x00, 0x00, 0x00, 0x00, 0x00, 0x00, 0x00, 0x00, 0x00, 0x00, 0x00, 0x00, 0x00, 0x00, 0x00, 0x00, 0x00, 0x00, 0x00, 0x00, 0x00, } },
  { .id = 691, .a = 300, .b = 397, .token = {' ', 'n', 'u', 'm', 0x00, 0x00, 0x00, 0x00, 0x00, 0x00, 0x00, 0x00, 0x00, 0x00, 0x00, 0x00, 0x00, 0x00, 0x00, 0x00, 0x00, 0x00, 0x00, 0x00, 0x00, 0x00, 0x00, 0x00, 0x00, 0x00, 0x00, 0x00, } },
  { .id = 692, .a = 282, .b = 121, .token = {'a', 'l', 'y', 0x00, 0x00, 0x00, 0x00, 0x00, 0x00, 0x00, 0x00, 0x00, 0x00, 0x00, 0x00, 0x00, 0x00, 0x00, 0x00, 0x00, 0x00, 0x00, 0x00, 0x00, 0x00, 0x00, 0x00, 0x00, 0x00, 0x00, 0x00, 0x00, } },
  { .id = 693, .a = 32, .b = 584, .token = {' ', 'u', 'p', 0x00, 0x00, 0x00, 0x00, 0x00, 0x00, 0x00, 0x00, 0x00, 0x00, 0x00, 0x00, 0x00, 0x00, 0x00, 0x00, 0x00, 0x00, 0x00, 0x00, 0x00, 0x00, 0x00, 0x00, 0x00, 0x00, 0x00, 0x00, 0x00, } },
  { .id = 694, .a = 276, .b = 373, .token = {'i', 't', 'i', 'v', 'e', 0x00, 0x00, 0x00, 0x00, 0x00, 0x00, 0x00, 0x00, 0x00, 0x00, 0x00, 0x00, 0x00, 0x00, 0x00, 0x00, 0x00, 0x00, 0x00, 0x00, 0x00, 0x00, 0x00, 0x00, 0x00, 0x00, 0x00, } },
  { .id = 695, .a = 261, .b = 266, .token = {' ', 't', 'h', 'e', 'r', 'e', 0x00, 0x00, 0x00, 0x00, 0x00, 0x00, 0x00, 0x00, 0x00, 0x00, 0x00, 0x00, 0x00, 0x00, 0x00, 0x00, 0x00, 0x00, 0x00, 0x00, 0x00, 0x00, 0x00, 0x00, 0x00, 0x00, } },
  { .id = 696, .a = 265, .b = 99, .token = {' ', 's', 'c', 0x00, 0x00, 0x00, 0x00, 0x00, 0x00, 0x00, 0x00, 0x00, 0x00, 0x00, 0x00, 0x00, 0x00, 0x00, 0x00, 0x00, 0x00, 0x00, 0x00, 0x00, 0x00, 0x00, 0x00, 0x00, 0x00, 0x00, 0x00, 0x00, } },
  { .id = 697, .a = 531, .b = 301, .token = {'d', 'u', 'c', 't', 0x00, 0x00, 0x00, 0x00, 0x00, 0x00, 0x00, 0x00, 0x00, 0x00, 0x00, 0x00, 0x00, 0x00, 0x00, 0x00, 0x00, 0x00, 0x00, 0x00, 0x00, 0x00, 0x00, 0x00, 0x00, 0x00, 0x00, 0x00, } },
  { .id = 698, .a = 399, .b = 281, .token = {'p', 't', 'i', 'o', 'n', 0x00, 0x00, 0x00, 0x00, 0x00, 0x00, 0x00, 0x00, 0x00, 0x00, 0x00, 0x00, 0x00, 0x00, 0x00, 0x00, 0x00, 0x00, 0x00, 0x00, 0x00, 0x00, 0x00, 0x00, 0x00, 0x00, 0x00, } },
  { .id = 699, .a = 295, .b = 262, .token = {'a', 's', 'o', 'n', 0x00, 0x00, 0x00, 0x00, 0x00, 0x00, 0x00, 0x00, 0x00, 0x00, 0x00, 0x00, 0x00, 0x00, 0x00, 0x00, 0x00, 0x00, 0x00, 0x00, 0x00, 0x00, 0x00, 0x00, 0x00, 0x00, 0x00, 0x00, } },
  { .id = 700, .a = 608, .b = 101, .token = {'a', 'u', 's', 'e', 0x00, 0x00, 0x00, 0x00, 0x00, 0x00, 0x00, 0x00, 0x00, 0x00, 0x00, 0x00, 0x00, 0x00, 0x00, 0x00, 0x00, 0x00, 0x00, 0x00, 0x00, 0x00, 0x00, 0x00, 0x00, 0x00, 0x00, 0x00, } },
  { .id = 701, .a = 73, .b = 110, .token = {'I', 'n', 0x00, 0x00, 0x00, 0x00, 0x00, 0x00, 0x00, 0x00, 0x00, 0x00, 0x00, 0x00, 0x00, 0x00, 0x00, 0x00, 0x00, 0x00, 0x00, 0x00, 0x00, 0x00, 0x00, 0x00, 0x00, 0x00, 0x00, 0x00, 0x00, 0x00, } },
  { .id = 702, .a = 312, .b = 111, .token = {' ', 'g', 'o', 0x00, 0x00, 0x00, 0x00, 0x00, 0x00, 0x00, 0x00, 0x00, 0x00, 0x00, 0x00, 0x00, 0x00, 0x00, 0x00, 0x00, 0x00, 0x00, 0x00, 0x00, 0x00, 0x00, 0x00, 0x00, 0x00, 0x00, 0x00, 0x00, } },
  { .id = 703, .a = 111, .b = 121, .token = {'o', 'y', 0x00, 0x00, 0x00, 0x00, 0x00, 0x00, 0x00, 0x00, 0x00, 0x00, 0x00, 0x00, 0x00, 0x00, 0x00, 0x00, 0x00, 0x00, 0x00, 0x00, 0x00, 0x00, 0x00, 0x00, 0x00, 0x00, 0x00, 0x00, 0x00, 0x00, } },
  { .id = 704, .a = 332, .b = 116, .token = {' ', 'S', 't', 0x00, 0x00, 0x00, 0x00, 0x00, 0x00, 0x00, 0x00, 0x00, 0x00, 0x00, 0x00, 0x00, 0x00, 0x00, 0x00, 0x00, 0x00, 0x00, 0x00, 0x00, 0x00, 0x00, 0x00, 0x00, 0x00, 0x00, 0x00, 0x00, } },
  { .id = 705, .a = 393, .b = 108, .token = {' ', 'a', 'l', 'l', 0x00, 0x00, 0x00, 0x00, 0x00, 0x00, 0x00, 0x00, 0x00, 0x00, 0x00, 0x00, 0x00, 0x00, 0x00, 0x00, 0x00, 0x00, 0x00, 0x00, 0x00, 0x00, 0x00, 0x00, 0x00, 0x00, 0x00, 0x00, } },
  { .id = 706, .a = 333, .b = 115, .token = {' ', 'c', 'o', 'n', 's', 0x00, 0x00, 0x00, 0x00, 0x00, 0x00, 0x00, 0x00, 0x00, 0x00, 0x00, 0x00, 0x00, 0x00, 0x00, 0x00, 0x00, 0x00, 0x00, 0x00, 0x00, 0x00, 0x00, 0x00, 0x00, 0x00, 0x00, } },
  { .id = 707, .a = 543, .b = 111, .token = {' ', 'i', 'n', 't', 'o', 0x00, 0x00, 0x00, 0x00, 0x00, 0x00, 0x00, 0x00, 0x00, 0x00, 0x00, 0x00, 0x00, 0x00, 0x00, 0x00, 0x00, 0x00, 0x00, 0x00, 0x00, 0x00, 0x00, 0x00, 0x00, 0x00, 0x00, } },
  { .id = 708, .a = 259, .b = 547, .token = {' ', 'a', 'c', 'c', 0x00, 0x00, 0x00, 0x00, 0x00, 0x00, 0x00, 0x00, 0x00, 0x00, 0x00, 0x00, 0x00, 0x00, 0x00, 0x00, 0x00, 0x00, 0x00, 0x00, 0x00, 0x00, 0x00, 0x00, 0x00, 0x00, 0x00, 0x00, } },
  { .id = 709, .a = 261, .b = 109, .token = {' ', 't', 'h', 'e', 'm', 0x00, 0x00, 0x00, 0x00, 0x00, 0x00, 0x00, 0x00, 0x00, 0x00, 0x00, 0x00, 0x00, 0x00, 0x00, 0x00, 0x00, 0x00, 0x00, 0x00, 0x00, 0x00, 0x00, 0x00, 0x00, 0x00, 0x00, } },
  { .id = 710, .a = 306, .b = 109, .token = {' ', 'e', 'm', 0x00, 0x00, 0x00, 0x00, 0x00, 0x00, 0x00, 0x00, 0x00, 0x00, 0x00, 0x00, 0x00, 0x00, 0x00, 0x00, 0x00, 0x00, 0x00, 0x00, 0x00, 0x00, 0x00, 0x00, 0x00, 0x00, 0x00, 0x00, 0x00, } },
  { .id = 711, .a = 105, .b = 541, .token = {'i', 'o', 'u', 's', 0x00, 0x00, 0x00, 0x00, 0x00, 0x00, 0x00, 0x00, 0x00, 0x00, 0x00, 0x00, 0x00, 0x00, 0x00, 0x00, 0x00, 0x00, 0x00, 0x00, 0x00, 0x00, 0x00, 0x00, 0x00, 0x00, 0x00, 0x00, } },
  { .id = 712, .a = 393, .b = 670, .token = {' ', 'a', 'l', 's', 'o', 0x00, 0x00, 0x00, 0x00, 0x00, 0x00, 0x00, 0x00, 0x00, 0x00, 0x00, 0x00, 0x00, 0x00, 0x00, 0x00, 0x00, 0x00, 0x00, 0x00, 0x00, 0x00, 0x00, 0x00, 0x00, 0x00, 0x00, } },
  { .id = 713, .a = 274, .b = 114, .token = {' ', 'p', 'r', 0x00, 0x00, 0x00, 0x00, 0x00, 0x00, 0x00, 0x00, 0x00, 0x00, 0x00, 0x00, 0x00, 0x00, 0x00, 0x00, 0x00, 0x00, 0x00, 0x00, 0x00, 0x00, 0x00, 0x00, 0x00, 0x00, 0x00, 0x00, 0x00, } },
  { .id = 714, .a = 277, .b = 121, .token = {' ', 'a', 'n', 'y', 0x00, 0x00, 0x00, 0x00, 0x00, 0x00, 0x00, 0x00, 0x00, 0x00, 0x00, 0x00, 0x00, 0x00, 0x00, 0x00, 0x00, 0x00, 0x00, 0x00, 0x00, 0x00, 0x00, 0x00, 0x00, 0x00, 0x00, 0x00, } },
  { .id = 715, .a = 101, .b = 496, .token = {'e', 'x', 't', 0x00, 0x00, 0x00, 0x00, 0x00, 0x00, 0x00, 0x00, 0x00, 0x00, 0x00, 0x00, 0x00, 0x00, 0x00, 0x00, 0x00, 0x00, 0x00, 0x00, 0x00, 0x00, 0x00, 0x00, 0x00, 0x00, 0x00, 0x00, 0x00, } },
  { .id = 716, .a = 116, .b = 275, .token = {'t', 'i', 'n', 'g', 0x00, 0x00, 0x00, 0x00, 0x00, 0x00, 0x00, 0x00, 0x00, 0x00, 0x00, 0x00, 0x00, 0x00, 0x00, 0x00, 0x00, 0x00, 0x00, 0x00, 0x00, 0x00, 0x00, 0x00, 0x00, 0x00, 0x00, 0x00, } },
  { .id = 717, .a = 32, .b = 286, .token = {' ', 'e', 'n', 't', 0x00, 0x00, 0x00, 0x00, 0x00, 0x00, 0x00, 0x00, 0x00, 0x00, 0x00, 0x00, 0x00, 0x00, 0x00, 0x00, 0x00, 0x00, 0x00, 0x00, 0x00, 0x00, 0x00, 0x00, 0x00, 0x00, 0x00, 0x00, } },
  { .id = 718, .a = 117, .b = 98, .token = {'u', 'b', 0x00, 0x00, 0x00, 0x00, 0x00, 0x00, 0x00, 0x00, 0x00, 0x00, 0x00, 0x00, 0x00, 0x00, 0x00, 0x00, 0x00, 0x00, 0x00, 0x00, 0x00, 0x00, 0x00, 0x00, 0x00, 0x00, 0x00, 0x00, 0x00, 0x00, } },
  { .id = 719, .a = 310, .b = 100, .token = {'i', 'l', 'd', 0x00, 0x00, 0x00, 0x00, 0x00, 0x00, 0x00, 0x00, 0x00, 0x00, 0x00, 0x00, 0x00, 0x00, 0x00, 0x00, 0x00, 0x00, 0x00, 0x00, 0x00, 0x00, 0x00, 0x00, 0x00, 0x00, 0x00, 0x00, 0x00, } },
  { .id = 720, .a = 293, .b = 301, .token = {'l', 'e', 'c', 't', 0x00, 0x00, 0x00, 0x00, 0x00, 0x00, 0x00, 0x00, 0x00, 0x00, 0x00, 0x00, 0x00, 0x00, 0x00, 0x00, 0x00, 0x00, 0x00, 0x00, 0x00, 0x00, 0x00, 0x00, 0x00, 0x00, 0x00, 0x00, } },
  { .id = 721, .a = 294, .b = 107, .token = {'i', 'c', 'k', 0x00, 0x00, 0x00, 0x00, 0x00, 0x00, 0x00, 0x00, 0x00, 0x00, 0x00, 0x00, 0x00, 0x00, 0x00, 0x00, 0x00, 0x00, 0x00, 0x00, 0x00, 0x00, 0x00, 0x00, 0x00, 0x00, 0x00, 0x00, 0x00, } },
  { .id = 722, .a = 116, .b = 115, .token = {'t', 's', 0x00, 0x00, 0x00, 0x00, 0x00, 0x00, 0x00, 0x00, 0x00, 0x00, 0x00, 0x00, 0x00, 0x00, 0x00, 0x00, 0x00, 0x00, 0x00, 0x00, 0x00, 0x00, 0x00, 0x00, 0x00, 0x00, 0x00, 0x00, 0x00, 0x00, } },
  { .id = 723, .a = 272, .b = 372, .token = {' ', 'o', 'v', 'e', 'r', 0x00, 0x00, 0x00, 0x00, 0x00, 0x00, 0x00, 0x00, 0x00, 0x00, 0x00, 0x00, 0x00, 0x00, 0x00, 0x00, 0x00, 0x00, 0x00, 0x00, 0x00, 0x00, 0x00, 0x00, 0x00, 0x00, 0x00, } },
  { .id = 724, .a = 668, .b = 513, .token = {' ', 'd', 'i', 'f', 'f', 'e', 'r', 0x00, 0x00, 0x00, 0x00, 0x00, 0x00, 0x00, 0x00, 0x00, 0x00, 0x00, 0x00, 0x00, 0x00, 0x00, 0x00, 0x00, 0x00, 0x00, 0x00, 0x00, 0x00, 0x00, 0x00, 0x00, } },
  { .id = 725, .a = 32, .b = 75, .token = {' ', 'K', 0x00, 0x00, 0x00, 0x00, 0x00, 0x00, 0x00, 0x00, 0x00, 0x00, 0x00, 0x00, 0x00, 0x00, 0x00, 0x00, 0x00, 0x00, 0x00, 0x00, 0x00, 0x00, 0x00, 0x00, 0x00, 0x00, 0x00, 0x00, 0x00, 0x00, } },
  { .id = 726, .a = 257, .b = 625, .token = {' ', 't', 'i', 'm', 'e', 0x00, 0x00, 0x00, 0x00, 0x00, 0x00, 0x00, 0x00, 0x00, 0x00, 0x00, 0x00, 0x00, 0x00, 0x00, 0x00, 0x00, 0x00, 0x00, 0x00, 0x00, 0x00, 0x00, 0x00, 0x00, 0x00, 0x00, } },
  { .id = 727, .a = 101, .b = 290, .token = {'e', 'a', 'r', 0x00, 0x00, 0x00, 0x00, 0x00, 0x00, 0x00, 0x00, 0x00, 0x00, 0x00, 0x00, 0x00, 0x00, 0x00, 0x00, 0x00, 0x00, 0x00, 0x00, 0x00, 0x00, 0x00, 0x00, 0x00, 0x00, 0x00, 0x00, 0x00, } },
  { .id = 728, .a = 280, .b = 599, .token = {' ', 'b', 'o', 't', 'h', 0x00, 0x00, 0x00, 0x00, 0x00, 0x00, 0x00, 0x00, 0x00, 0x00, 0x00, 0x00, 0x00, 0x00, 0x00, 0x00, 0x00, 0x00, 0x00, 0x00, 0x00, 0x00, 0x00, 0x00, 0x00, 0x00, 0x00, } },
  { .id = 729, .a = 354, .b = 104, .token = {' ', 'C', 'h', 0x00, 0x00, 0x00, 0x00, 0x00, 0x00, 0x00, 0x00, 0x00, 0x00, 0x00, 0x00, 0x00, 0x00, 0x00, 0x00, 0x00, 0x00, 0x00, 0x00, 0x00, 0x00, 0x00, 0x00, 0x00, 0x00, 0x00, 0x00, 0x00, } },
  { .id = 730, .a = 278, .b = 115, .token = {'o', 'r', 's', 0x00, 0x00, 0x00, 0x00, 0x00, 0x00, 0x00, 0x00, 0x00, 0x00, 0x00, 0x00, 0x00, 0x00, 0x00, 0x00, 0x00, 0x00, 0x00, 0x00, 0x00, 0x00, 0x00, 0x00, 0x00, 0x00, 0x00, 0x00, 0x00, } },
  { .id = 731, .a = 257, .b = 485, .token = {' ', 't', 'e', 'l', 'l', 0x00, 0x00, 0x00, 0x00, 0x00, 0x00, 0x00, 0x00, 0x00, 0x00, 0x00, 0x00, 0x00, 0x00, 0x00, 0x00, 0x00, 0x00, 0x00, 0x00, 0x00, 0x00, 0x00, 0x00, 0x00, 0x00, 0x00, } },
  { .id = 732, .a = 530, .b = 453, .token = {'e', 'r', 'm', 'i', 'n', 'e', 0x00, 0x00, 0x00, 0x00, 0x00, 0x00, 0x00, 0x00, 0x00, 0x00, 0x00, 0x00, 0x00, 0x00, 0x00, 0x00, 0x00, 0x00, 0x00, 0x00, 0x00, 0x00, 0x00, 0x00, 0x00, 0x00, } },
  { .id = 733, .a = 370, .b = 115, .token = {'m', 'e', 'n', 't', 's', 0x00, 0x00, 0x00, 0x00, 0x00, 0x00, 0x00, 0x00, 0x00, 0x00, 0x00, 0x00, 0x00, 0x00, 0x00, 0x00, 0x00, 0x00, 0x00, 0x00, 0x00, 0x00, 0x00, 0x00, 0x00, 0x00, 0x00, } },
  { .id = 734, .a = 274, .b = 682, .token = {' ', 'p', 'e', 'r', 's', 'o', 'n', 0x00, 0x00, 0x00, 0x00, 0x00, 0x00, 0x00, 0x00, 0x00, 0x00, 0x00, 0x00, 0x00, 0x00, 0x00, 0x00, 0x00, 0x00, 0x00, 0x00, 0x00, 0x00, 0x00, 0x00, 0x00, } },
  { .id = 735, .a = 269, .b = 278, .token = {' ', 'c', 'o', 'r', 0x00, 0x00, 0x00, 0x00, 0x00, 0x00, 0x00, 0x00, 0x00, 0x00, 0x00, 0x00, 0x00, 0x00, 0x00, 0x00, 0x00, 0x00, 0x00, 0x00, 0x00, 0x00, 0x00, 0x00, 0x00, 0x00, 0x00, 0x00, } },
  { .id = 736, .a = 105, .b = 271, .token = {'i', 'a', 'n', 0x00, 0x00, 0x00, 0x00, 0x00, 0x00, 0x00, 0x00, 0x00, 0x00, 0x00, 0x00, 0x00, 0x00, 0x00, 0x00, 0x00, 0x00, 0x00, 0x00, 0x00, 0x00, 0x00, 0x00, 0x00, 0x00, 0x00, 0x00, 0x00, } },
  { .id = 737, .a = 274, .b = 104, .token = {' ', 'p', 'h', 0x00, 0x00, 0x00, 0x00, 0x00, 0x00, 0x00, 0x00, 0x00, 0x00, 0x00, 0x00, 0x00, 0x00, 0x00, 0x00, 0x00, 0x00, 0x00, 0x00, 0x00, 0x00, 0x00, 0x00, 0x00, 0x00, 0x00, 0x00, 0x00, } },
  { .id = 738, .a = 403, .b = 108, .token = {' ', 'h', 'e', 'l', 0x00, 0x00, 0x00, 0x00, 0x00, 0x00, 0x00, 0x00, 0x00, 0x00, 0x00, 0x00, 0x00, 0x00, 0x00, 0x00, 0x00, 0x00, 0x00, 0x00, 0x00, 0x00, 0x00, 0x00, 0x00, 0x00, 0x00, 0x00, } },
  { .id = 739, .a = 266, .b = 101, .token = {'r', 'e', 'e', 0x00, 0x00, 0x00, 0x00, 0x00, 0x00, 0x00, 0x00, 0x00, 0x00, 0x00, 0x00, 0x00, 0x00, 0x00, 0x00, 0x00, 0x00, 0x00, 0x00, 0x00, 0x00, 0x00, 0x00, 0x00, 0x00, 0x00, 0x00, 0x00, } },
  { .id = 740, .a = 114, .b = 276, .token = {'r', 'i', 't', 0x00, 0x00, 0x00, 0x00, 0x00, 0x00, 0x00, 0x00, 0x00, 0x00, 0x00, 0x00, 0x00, 0x00, 0x00, 0x00, 0x00, 0x00, 0x00, 0x00, 0x00, 0x00, 0x00, 0x00, 0x00, 0x00, 0x00, 0x00, 0x00, } },
  { .id = 741, .a = 381, .b = 98, .token = {' ', 's', 'u', 'b', 0x00, 0x00, 0x00, 0x00, 0x00, 0x00, 0x00, 0x00, 0x00, 0x00, 0x00, 0x00, 0x00, 0x00, 0x00, 0x00, 0x00, 0x00, 0x00, 0x00, 0x00, 0x00, 0x00, 0x00, 0x00, 0x00, 0x00, 0x00, } },
  { .id = 742, .a = 669, .b = 119, .token = {' ', 'r', 'e', 'v', 'i', 'e', 'w', 0x00, 0x00, 0x00, 0x00, 0x00, 0x00, 0x00, 0x00, 0x00, 0x00, 0x00, 0x00, 0x00, 0x00, 0x00, 0x00, 0x00, 0x00, 0x00, 0x00, 0x00, 0x00, 0x00, 0x00, 0x00, } },
  { .id = 743, .a = 265, .b = 263, .token = {' ', 's', 'e', 'r', 0x00, 0x00, 0x00, 0x00, 0x00, 0x00, 0x00, 0x00, 0x00, 0x00, 0x00, 0x00, 0x00, 0x00, 0x00, 0x00, 0x00, 0x00, 0x00, 0x00, 0x00, 0x00, 0x00, 0x00, 0x00, 0x00, 0x00, 0x00, } },
  { .id = 744, .a = 264, .b = 115, .token = {'e', 'n', 's', 0x00, 0x00, 0x00, 0x00, 0x00, 0x00, 0x00, 0x00, 0x00, 0x00, 0x00, 0x00, 0x00, 0x00, 0x00, 0x00, 0x00, 0x00, 0x00, 0x00, 0x00, 0x00, 0x00, 0x00, 0x00, 0x00, 0x00, 0x00, 0x00, } },
  { .id = 745, .a = 102, .b = 494, .token = {'f', 'o', 'r', 'e', 0x00, 0x00, 0x00, 0x00, 0x00, 0x00, 0x00, 0x00, 0x00, 0x00, 0x00, 0x00, 0x00, 0x00, 0x00, 0x00, 0x00, 0x00, 0x00, 0x00, 0x00, 0x00, 0x00, 0x00, 0x00, 0x00, 0x00, 0x00, } },
  { .id = 746, .a = 381, .b = 343, .token = {' ', 's', 'u', 'c', 'h', 0x00, 0x00, 0x00, 0x00, 0x00, 0x00, 0x00, 0x00, 0x00, 0x00, 0x00, 0x00, 0x00, 0x00, 0x00, 0x00, 0x00, 0x00, 0x00, 0x00, 0x00, 0x00, 0x00, 0x00, 0x00, 0x00, 0x00, } },
  { .id = 747, .a = 287, .b = 286, .token = {' ', 'm', 'e', 'n', 't', 0x00, 0x00, 0x00, 0x00, 0x00, 0x00, 0x00, 0x00, 0x00, 0x00, 0x00, 0x00, 0x00, 0x00, 0x00, 0x00, 0x00, 0x00, 0x00, 0x00, 0x00, 0x00, 0x00, 0x00, 0x00, 0x00, 0x00, } },
  { .id = 748, .a = 102, .b = 363, .token = {'f', 'u', 'l', 0x00, 0x00, 0x00, 0x00, 0x00, 0x00, 0x00, 0x00, 0x00, 0x00, 0x00, 0x00, 0x00, 0x00, 0x00, 0x00, 0x00, 0x00, 0x00, 0x00, 0x00, 0x00, 0x00, 0x00, 0x00, 0x00, 0x00, 0x00, 0x00, } },
  { .id = 749, .a = 587, .b = 101, .token = {'c', 'l', 'u', 'd', 'e', 0x00, 0x00, 0x00, 0x00, 0x00, 0x00, 0x00, 0x00, 0x00, 0x00, 0x00, 0x00, 0x00, 0x00, 0x00, 0x00, 0x00, 0x00, 0x00, 0x00, 0x00, 0x00, 0x00, 0x00, 0x00, 0x00, 0x00, } },
  { .id = 750, .a = 275, .b = 115, .token = {'i', 'n', 'g', 's', 0x00, 0x00, 0x00, 0x00, 0x00, 0x00, 0x00, 0x00, 0x00, 0x00, 0x00, 0x00, 0x00, 0x00, 0x00, 0x00, 0x00, 0x00, 0x00, 0x00, 0x00, 0x00, 0x00, 0x00, 0x00, 0x00, 0x00, 0x00, } },
  { .id = 751, .a = 32, .b = 81, .token = {' ', 'Q', 0x00, 0x00, 0x00, 0x00, 0x00, 0x00, 0x00, 0x00, 0x00, 0x00, 0x00, 0x00, 0x00, 0x00, 0x00, 0x00, 0x00, 0x00, 0x00, 0x00, 0x00, 0x00, 0x00, 0x00, 0x00, 0x00, 0x00, 0x00, 0x00, 0x00, } },
  { .id = 752, .a = 269, .b = 444, .token = {' ', 'c', 'o', 'u', 'l', 'd', 0x00, 0x00, 0x00, 0x00, 0x00, 0x00, 0x00, 0x00, 0x00, 0x00, 0x00, 0x00, 0x00, 0x00, 0x00, 0x00, 0x00, 0x00, 0x00, 0x00, 0x00, 0x00, 0x00, 0x00, 0x00, 0x00, } },
  { .id = 753, .a = 298, .b = 119, .token = {'r', 'o', 'w', 0x00, 0x00, 0x00, 0x00, 0x00, 0x00, 0x00, 0x00, 0x00, 0x00, 0x00, 0x00, 0x00, 0x00, 0x00, 0x00, 0x00, 0x00, 0x00, 0x00, 0x00, 0x00, 0x00, 0x00, 0x00, 0x00, 0x00, 0x00, 0x00, } },
  { .id = 754, .a = 269, .b = 266, .token = {' ', 'c', 'r', 'e', 0x00, 0x00, 0x00, 0x00, 0x00, 0x00, 0x00, 0x00, 0x00, 0x00, 0x00, 0x00, 0x00, 0x00, 0x00, 0x00, 0x00, 0x00, 0x00, 0x00, 0x00, 0x00, 0x00, 0x00, 0x00, 0x00, 0x00, 0x00, } },
  { .id = 755, .a = 99, .b = 107, .token = {'c', 'k', 0x00, 0x00, 0x00, 0x00, 0x00, 0x00, 0x00, 0x00, 0x00, 0x00, 0x00, 0x00, 0x00, 0x00, 0x00, 0x00, 0x00, 0x00, 0x00, 0x00, 0x00, 0x00, 0x00, 0x00, 0x00, 0x00, 0x00, 0x00, 0x00, 0x00, } },
  { .id = 756, .a = 738, .b = 112, .token = {' ', 'h', 'e', 'l', 'p', 0x00, 0x00, 0x00, 0x00, 0x00, 0x00, 0x00, 0x00, 0x00, 0x00, 0x00, 0x00, 0x00, 0x00, 0x00, 0x00, 0x00, 0x00, 0x00, 0x00, 0x00, 0x00, 0x00, 0x00, 0x00, 0x00, 0x00, } },
  { .id = 757, .a = 282, .b = 316, .token = {'a', 'l', 'l', 'y', 0x00, 0x00, 0x00, 0x00, 0x00, 0x00, 0x00, 0x00, 0x00, 0x00, 0x00, 0x00, 0x00, 0x00, 0x00, 0x00, 0x00, 0x00, 0x00, 0x00, 0x00, 0x00, 0x00, 0x00, 0x00, 0x00, 0x00, 0x00, } },
  { .id = 758, .a = 474, .b = 497, .token = {' ', 'u', 'n', 'd', 'e', 'r', 0x00, 0x00, 0x00, 0x00, 0x00, 0x00, 0x00, 0x00, 0x00, 0x00, 0x00, 0x00, 0x00, 0x00, 0x00, 0x00, 0x00, 0x00, 0x00, 0x00, 0x00, 0x00, 0x00, 0x00, 0x00, 0x00, } },
  { .id = 759, .a = 32, .b = 374, .token = {' ', 'k', 'e', 0x00, 0x00, 0x00, 0x00, 0x00, 0x00, 0x00, 0x00, 0x00, 0x00, 0x00, 0x00, 0x00, 0x00, 0x00, 0x00, 0x00, 0x00, 0x00, 0x00, 0x00, 0x00, 0x00, 0x00, 0x00, 0x00, 0x00, 0x00, 0x00, } },
  { .id = 760, .a = 264, .b = 263, .token = {'e', 'n', 'e', 'r', 0x00, 0x00, 0x00, 0x00, 0x00, 0x00, 0x00, 0x00, 0x00, 0x00, 0x00, 0x00, 0x00, 0x00, 0x00, 0x00, 0x00, 0x00, 0x00, 0x00, 0x00, 0x00, 0x00, 0x00, 0x00, 0x00, 0x00, 0x00, } },
  { .id = 761, .a = 384, .b = 107, .token = {'o', 'o', 'k', 0x00, 0x00, 0x00, 0x00, 0x00, 0x00, 0x00, 0x00, 0x00, 0x00, 0x00, 0x00, 0x00, 0x00, 0x00, 0x00, 0x00, 0x00, 0x00, 0x00, 0x00, 0x00, 0x00, 0x00, 0x00, 0x00, 0x00, 0x00, 0x00, } },
  { .id = 762, .a = 310, .b = 121, .token = {'i', 'l', 'y', 0x00, 0x00, 0x00, 0x00, 0x00, 0x00, 0x00, 0x00, 0x00, 0x00, 0x00, 0x00, 0x00, 0x00, 0x00, 0x00, 0x00, 0x00, 0x00, 0x00, 0x00, 0x00, 0x00, 0x00, 0x00, 0x00, 0x00, 0x00, 0x00, } },
  { .id = 763, .a = 266, .b = 301, .token = {'r', 'e', 'c', 't', 0x00, 0x00, 0x00, 0x00, 0x00, 0x00, 0x00, 0x00, 0x00, 0x00, 0x00, 0x00, 0x00, 0x00, 0x00, 0x00, 0x00, 0x00, 0x00, 0x00, 0x00, 0x00, 0x00, 0x00, 0x00, 0x00, 0x00, 0x00, } },
  { .id = 764, .a = 286, .b = 352, .token = {'e', 'n', 't', 'e', 'n', 'c', 'e', 0x00, 0x00, 0x00, 0x00, 0x00, 0x00, 0x00, 0x00, 0x00, 0x00, 0x00, 0x00, 0x00, 0x00, 0x00, 0x00, 0x00, 0x00, 0x00, 0x00, 0x00, 0x00, 0x00, 0x00, 0x00, } },
  { .id = 765, .a = 391, .b = 119, .token = {' ', 'n', 'e', 'w', 0x00, 0x00, 0x00, 0x00, 0x00, 0x00, 0x00, 0x00, 0x00, 0x00, 0x00, 0x00, 0x00, 0x00, 0x00, 0x00, 0x00, 0x00, 0x00, 0x00, 0x00, 0x00, 0x00, 0x00, 0x00, 0x00, 0x00, 0x00, } },
  { .id = 766, .a = 114, .b = 535, .token = {'r', 'o', 'u', 'g', 'h', 0x00, 0x00, 0x00, 0x00, 0x00, 0x00, 0x00, 0x00, 0x00, 0x00, 0x00, 0x00, 0x00, 0x00, 0x00, 0x00, 0x00, 0x00, 0x00, 0x00, 0x00, 0x00, 0x00, 0x00, 0x00, 0x00, 0x00, } },
  { .id = 767, .a = 110, .b = 275, .token = {'n', 'i', 'n', 'g', 0x00, 0x00, 0x00, 0x00, 0x00, 0x00, 0x00, 0x00, 0x00, 0x00, 0x00, 0x00, 0x00, 0x00, 0x00, 0x00, 0x00, 0x00, 0x00, 0x00, 0x00, 0x00, 0x00, 0x00, 0x00, 0x00, 0x00, 0x00, } },
  { .id = 768, .a = 372, .b = 121, .token = {'v', 'e', 'r', 'y', 0x00, 0x00, 0x00, 0x00, 0x00, 0x00, 0x00, 0x00, 0x00, 0x00, 0x00, 0x00, 0x00, 0x00, 0x00, 0x00, 0x00, 0x00, 0x00, 0x00, 0x00, 0x00, 0x00, 0x00, 0x00, 0x00, 0x00, 0x00, } },
  { .id = 769, .a = 306, .b = 580, .token = {' ', 'e', 'a', 'c', 'h', 0x00, 0x00, 0x00, 0x00, 0x00, 0x00, 0x00, 0x00, 0x00, 0x00, 0x00, 0x00, 0x00, 0x00, 0x00, 0x00, 0x00, 0x00, 0x00, 0x00, 0x00, 0x00, 0x00, 0x00, 0x00, 0x00, 0x00, } },
  { .id = 770, .a = 103, .b = 103, .token = {'g', 'g', 0x00, 0x00, 0x00, 0x00, 0x00, 0x00, 0x00, 0x00, 0x00, 0x00, 0x00, 0x00, 0x00, 0x00, 0x00, 0x00, 0x00, 0x00, 0x00, 0x00, 0x00, 0x00, 0x00, 0x00, 0x00, 0x00, 0x00, 0x00, 0x00, 0x00, } },
  { .id = 771, .a = 284, .b = 396, .token = {' ', 'i', 'n', 't', 'e', 'r', 0x00, 0x00, 0x00, 0x00, 0x00, 0x00, 0x00, 0x00, 0x00, 0x00, 0x00, 0x00, 0x00, 0x00, 0x00, 0x00, 0x00, 0x00, 0x00, 0x00, 0x00, 0x00, 0x00, 0x00, 0x00, 0x00, } },
  { .id = 772, .a = 524, .b = 374, .token = {' ', 'm', 'a', 'k', 'e', 0x00, 0x00, 0x00, 0x00, 0x00, 0x00, 0x00, 0x00, 0x00, 0x00, 0x00, 0x00, 0x00, 0x00, 0x00, 0x00, 0x00, 0x00, 0x00, 0x00, 0x00, 0x00, 0x00, 0x00, 0x00, 0x00, 0x00, } },
  { .id = 773, .a = 308, .b = 449, .token = {' ', 'l', 'o', 'c', 0x00, 0x00, 0x00, 0x00, 0x00, 0x00, 0x00, 0x00, 0x00, 0x00, 0x00, 0x00, 0x00, 0x00, 0x00, 0x00, 0x00, 0x00, 0x00, 0x00, 0x00, 0x00, 0x00, 0x00, 0x00, 0x00, 0x00, 0x00, } },
  { .id = 774, .a = 687, .b = 694, .token = {' ', 'p', 'o', 's', 'i', 't', 'i', 'v', 'e', 0x00, 0x00, 0x00, 0x00, 0x00, 0x00, 0x00, 0x00, 0x00, 0x00, 0x00, 0x00, 0x00, 0x00, 0x00, 0x00, 0x00, 0x00, 0x00, 0x00, 0x00, 0x00, 0x00, } },
  { .id = 775, .a = 97, .b = 374, .token = {'a', 'k', 'e', 0x00, 0x00, 0x00, 0x00, 0x00, 0x00, 0x00, 0x00, 0x00, 0x00, 0x00, 0x00, 0x00, 0x00, 0x00, 0x00, 0x00, 0x00, 0x00, 0x00, 0x00, 0x00, 0x00, 0x00, 0x00, 0x00, 0x00, 0x00, 0x00, } },
  { .id = 776, .a = 290, .b = 107, .token = {'a', 'r', 'k', 0x00, 0x00, 0x00, 0x00, 0x00, 0x00, 0x00, 0x00, 0x00, 0x00, 0x00, 0x00, 0x00, 0x00, 0x00, 0x00, 0x00, 0x00, 0x00, 0x00, 0x00, 0x00, 0x00, 0x00, 0x00, 0x00, 0x00, 0x00, 0x00, } },
  { .id = 777, .a = 108, .b = 270, .token = {'l', 'e', 's', 0x00, 0x00, 0x00, 0x00, 0x00, 0x00, 0x00, 0x00, 0x00, 0x00, 0x00, 0x00, 0x00, 0x00, 0x00, 0x00, 0x00, 0x00, 0x00, 0x00, 0x00, 0x00, 0x00, 0x00, 0x00, 0x00, 0x00, 0x00, 0x00, } },
  { .id = 778, .a = 111, .b = 359, .token = {'o', 's', 'e', 0x00, 0x00, 0x00, 0x00, 0x00, 0x00, 0x00, 0x00, 0x00, 0x00, 0x00, 0x00, 0x00, 0x00, 0x00, 0x00, 0x00, 0x00, 0x00, 0x00, 0x00, 0x00, 0x00, 0x00, 0x00, 0x00, 0x00, 0x00, 0x00, } },
  { .id = 779, .a = 490, .b = 481, .token = {' ', 't', 'r', 'u', 'e', 0x00, 0x00, 0x00, 0x00, 0x00, 0x00, 0x00, 0x00, 0x00, 0x00, 0x00, 0x00, 0x00, 0x00, 0x00, 0x00, 0x00, 0x00, 0x00, 0x00, 0x00, 0x00, 0x00, 0x00, 0x00, 0x00, 0x00, } },
  { .id = 780, .a = 603, .b = 99, .token = {' ', 'd', 'e', 's', 'c', 0x00, 0x00, 0x00, 0x00, 0x00, 0x00, 0x00, 0x00, 0x00, 0x00, 0x00, 0x00, 0x00, 0x00, 0x00, 0x00, 0x00, 0x00, 0x00, 0x00, 0x00, 0x00, 0x00, 0x00, 0x00, 0x00, 0x00, } },
  { .id = 781, .a = 520, .b = 110, .token = {' ', 'w', 'h', 'e', 'n', 0x00, 0x00, 0x00, 0x00, 0x00, 0x00, 0x00, 0x00, 0x00, 0x00, 0x00, 0x00, 0x00, 0x00, 0x00, 0x00, 0x00, 0x00, 0x00, 0x00, 0x00, 0x00, 0x00, 0x00, 0x00, 0x00, 0x00, } },
  { .id = 782, .a = 364, .b = 268, .token = {' ', 'w', 'h', 'a', 't', 0x00, 0x00, 0x00, 0x00, 0x00, 0x00, 0x00, 0x00, 0x00, 0x00, 0x00, 0x00, 0x00, 0x00, 0x00, 0x00, 0x00, 0x00, 0x00, 0x00, 0x00, 0x00, 0x00, 0x00, 0x00, 0x00, 0x00, } },
  { .id = 783, .a = 99, .b = 266, .token = {'c', 'r', 'e', 0x00, 0x00, 0x00, 0x00, 0x00, 0x00, 0x00, 0x00, 0x00, 0x00, 0x00, 0x00, 0x00, 0x00, 0x00, 0x00, 0x00, 0x00, 0x00, 0x00, 0x00, 0x00, 0x00, 0x00, 0x00, 0x00, 0x00, 0x00, 0x00, } },
  { .id = 784, .a = 675, .b = 264, .token = {'w', 'e', 'e', 'n', 0x00, 0x00, 0x00, 0x00, 0x00, 0x00, 0x00, 0x00, 0x00, 0x00, 0x00, 0x00, 0x00, 0x00, 0x00, 0x00, 0x00, 0x00, 0x00, 0x00, 0x00, 0x00, 0x00, 0x00, 0x00, 0x00, 0x00, 0x00, } },
  { .id = 785, .a = 280, .b = 108, .token = {' ', 'b', 'l', 0x00, 0x00, 0x00, 0x00, 0x00, 0x00, 0x00, 0x00, 0x00, 0x00, 0x00, 0x00, 0x00, 0x00, 0x00, 0x00, 0x00, 0x00, 0x00, 0x00, 0x00, 0x00, 0x00, 0x00, 0x00, 0x00, 0x00, 0x00, 0x00, } },
  { .id = 786, .a = 286, .b = 639, .token = {'e', 'n', 't', 'i', 'f', 'y', 0x00, 0x00, 0x00, 0x00, 0x00, 0x00, 0x00, 0x00, 0x00, 0x00, 0x00, 0x00, 0x00, 0x00, 0x00, 0x00, 0x00, 0x00, 0x00, 0x00, 0x00, 0x00, 0x00, 0x00, 0x00, 0x00, } },
  { .id = 787, .a = 346, .b = 270, .token = {' ', 'y', 'e', 's', 0x00, 0x00, 0x00, 0x00, 0x00, 0x00, 0x00, 0x00, 0x00, 0x00, 0x00, 0x00, 0x00, 0x00, 0x00, 0x00, 0x00, 0x00, 0x00, 0x00, 0x00, 0x00, 0x00, 0x00, 0x00, 0x00, 0x00, 0x00, } },
  { .id = 788, .a = 478, .b = 715, .token = {' ', 'c', 'o', 'n', 't', 'e', 'x', 't', 0x00, 0x00, 0x00, 0x00, 0x00, 0x00, 0x00, 0x00, 0x00, 0x00, 0x00, 0x00, 0x00, 0x00, 0x00, 0x00, 0x00, 0x00, 0x00, 0x00, 0x00, 0x00, 0x00, 0x00, } },
  { .id = 789, .a = 108, .b = 108, .token = {'l', 'l', 0x00, 0x00, 0x00, 0x00, 0x00, 0x00, 0x00, 0x00, 0x00, 0x00, 0x00, 0x00, 0x00, 0x00, 0x00, 0x00, 0x00, 0x00, 0x00, 0x00, 0x00, 0x00, 0x00, 0x00, 0x00, 0x00, 0x00, 0x00, 0x00, 0x00, } },
  { .id = 790, .a = 677, .b = 784, .token = {' ', 'b', 'e', 't', 'w', 'e', 'e', 'n', 0x00, 0x00, 0x00, 0x00, 0x00, 0x00, 0x00, 0x00, 0x00, 0x00, 0x00, 0x00, 0x00, 0x00, 0x00, 0x00, 0x00, 0x00, 0x00, 0x00, 0x00, 0x00, 0x00, 0x00, } },
  { .id = 791, .a = 284, .b = 118, .token = {' ', 'i', 'n', 'v', 0x00, 0x00, 0x00, 0x00, 0x00, 0x00, 0x00, 0x00, 0x00, 0x00, 0x00, 0x00, 0x00, 0x00, 0x00, 0x00, 0x00, 0x00, 0x00, 0x00, 0x00, 0x00, 0x00, 0x00, 0x00, 0x00, 0x00, 0x00, } },
  { .id = 792, .a = 433, .b = 116, .token = {' ', 'l', 'e', 't', 0x00, 0x00, 0x00, 0x00, 0x00, 0x00, 0x00, 0x00, 0x00, 0x00, 0x00, 0x00, 0x00, 0x00, 0x00, 0x00, 0x00, 0x00, 0x00, 0x00, 0x00, 0x00, 0x00, 0x00, 0x00, 0x00, 0x00, 0x00, } },
  { .id = 793, .a = 65, .b = 110, .token = {'A', 'n', 0x00, 0x00, 0x00, 0x00, 0x00, 0x00, 0x00, 0x00, 0x00, 0x00, 0x00, 0x00, 0x00, 0x00, 0x00, 0x00, 0x00, 0x00, 0x00, 0x00, 0x00, 0x00, 0x00, 0x00, 0x00, 0x00, 0x00, 0x00, 0x00, 0x00, } },
  { .id = 794, .a = 265, .b = 511, .token = {' ', 's', 'a', 'm', 'e', 0x00, 0x00, 0x00, 0x00, 0x00, 0x00, 0x00, 0x00, 0x00, 0x00, 0x00, 0x00, 0x00, 0x00, 0x00, 0x00, 0x00, 0x00, 0x00, 0x00, 0x00, 0x00, 0x00, 0x00, 0x00, 0x00, 0x00, } },
  { .id = 795, .a = 540, .b = 100, .token = {' ', 'a', 'd', 'd', 0x00, 0x00, 0x00, 0x00, 0x00, 0x00, 0x00, 0x00, 0x00, 0x00, 0x00, 0x00, 0x00, 0x00, 0x00, 0x00, 0x00, 0x00, 0x00, 0x00, 0x00, 0x00, 0x00, 0x00, 0x00, 0x00, 0x00, 0x00, } },
  { .id = 796, .a = 294, .b = 116, .token = {'i', 'c', 't', 0x00, 0x00, 0x00, 0x00, 0x00, 0x00, 0x00, 0x00, 0x00, 0x00, 0x00, 0x00, 0x00, 0x00, 0x00, 0x00, 0x00, 0x00, 0x00, 0x00, 0x00, 0x00, 0x00, 0x00, 0x00, 0x00, 0x00, 0x00, 0x00, } },
  { .id = 797, .a = 116, .b = 101, .token = {'t', 'e', 0x00, 0x00, 0x00, 0x00, 0x00, 0x00, 0x00, 0x00, 0x00, 0x00, 0x00, 0x00, 0x00, 0x00, 0x00, 0x00, 0x00, 0x00, 0x00, 0x00, 0x00, 0x00, 0x00, 0x00, 0x00, 0x00, 0x00, 0x00, 0x00, 0x00, } },
  { .id = 798, .a = 345, .b = 115, .token = {'a', 'y', 's', 0x00, 0x00, 0x00, 0x00, 0x00, 0x00, 0x00, 0x00, 0x00, 0x00, 0x00, 0x00, 0x00, 0x00, 0x00, 0x00, 0x00, 0x00, 0x00, 0x00, 0x00, 0x00, 0x00, 0x00, 0x00, 0x00, 0x00, 0x00, 0x00, } },
  { .id = 799, .a = 650, .b = 700, .token = {' ', 'b', 'e', 'c', 'a', 'u', 's', 'e', 0x00, 0x00, 0x00, 0x00, 0x00, 0x00, 0x00, 0x00, 0x00, 0x00, 0x00, 0x00, 0x00, 0x00, 0x00, 0x00, 0x00, 0x00, 0x00, 0x00, 0x00, 0x00, 0x00, 0x00, } },
  { .id = 800, .a = 262, .b = 115, .token = {'o', 'n', 's', 0x00, 0x00, 0x00, 0x00, 0x00, 0x00, 0x00, 0x00, 0x00, 0x00, 0x00, 0x00, 0x00, 0x00, 0x00, 0x00, 0x00, 0x00, 0x00, 0x00, 0x00, 0x00, 0x00, 0x00, 0x00, 0x00, 0x00, 0x00, 0x00, } },
  { .id = 801, .a = 269, .b = 320, .token = {' ', 'c', 'o', 'l', 0x00, 0x00, 0x00, 0x00, 0x00, 0x00, 0x00, 0x00, 0x00, 0x00, 0x00, 0x00, 0x00, 0x00, 0x00, 0x00, 0x00, 0x00, 0x00, 0x00, 0x00, 0x00, 0x00, 0x00, 0x00, 0x00, 0x00, 0x00, } },
  { .id = 802, .a = 364, .b = 576, .token = {' ', 'w', 'h', 'i', 'l', 'e', 0x00, 0x00, 0x00, 0x00, 0x00, 0x00, 0x00, 0x00, 0x00, 0x00, 0x00, 0x00, 0x00, 0x00, 0x00, 0x00, 0x00, 0x00, 0x00, 0x00, 0x00, 0x00, 0x00, 0x00, 0x00, 0x00, } },
  { .id = 803, .a = 350, .b = 697, .token = {' ', 'p', 'r', 'o', 'd', 'u', 'c', 't', 0x00, 0x00, 0x00, 0x00, 0x00, 0x00, 0x00, 0x00, 0x00, 0x00, 0x00, 0x00, 0x00, 0x00, 0x00, 0x00, 0x00, 0x00, 0x00, 0x00, 0x00, 0x00, 0x00, 0x00, } },
  { .id = 804, .a = 259, .b = 109, .token = {' ', 'a', 'm', 0x00, 0x00, 0x00, 0x00, 0x00, 0x00, 0x00, 0x00, 0x00, 0x00, 0x00, 0x00, 0x00, 0x00, 0x00, 0x00, 0x00, 0x00, 0x00, 0x00, 0x00, 0x00, 0x00, 0x00, 0x00, 0x00, 0x00, 0x00, 0x00, } },
  { .id = 805, .a = 461, .b = 107, .token = {' ', 'w', 'o', 'r', 'k', 0x00, 0x00, 0x00, 0x00, 0x00, 0x00, 0x00, 0x00, 0x00, 0x00, 0x00, 0x00, 0x00, 0x00, 0x00, 0x00, 0x00, 0x00, 0x00, 0x00, 0x00, 0x00, 0x00, 0x00, 0x00, 0x00, 0x00, } },
  { .id = 806, .a = 122, .b = 101, .token = {'z', 'e', 0x00, 0x00, 0x00, 0x00, 0x00, 0x00, 0x00, 0x00, 0x00, 0x00, 0x00, 0x00, 0x00, 0x00, 0x00, 0x00, 0x00, 0x00, 0x00, 0x00, 0x00, 0x00, 0x00, 0x00, 0x00, 0x00, 0x00, 0x00, 0x00, 0x00, } },
  { .id = 807, .a = 304, .b = 99, .token = {' ', 'r', 'e', 'c', 0x00, 0x00, 0x00, 0x00, 0x00, 0x00, 0x00, 0x00, 0x00, 0x00, 0x00, 0x00, 0x00, 0x00, 0x00, 0x00, 0x00, 0x00, 0x00, 0x00, 0x00, 0x00, 0x00, 0x00, 0x00, 0x00, 0x00, 0x00, } },
  { .id = 808, .a = 265, .b = 258, .token = {' ', 's', 'h', 'e', 0x00, 0x00, 0x00, 0x00, 0x00, 0x00, 0x00, 0x00, 0x00, 0x00, 0x00, 0x00, 0x00, 0x00, 0x00, 0x00, 0x00, 0x00, 0x00, 0x00, 0x00, 0x00, 0x00, 0x00, 0x00, 0x00, 0x00, 0x00, } },
  { .id = 809, .a = 350, .b = 662, .token = {' ', 'p', 'r', 'o', 'c', 'e', 's', 's', 0x00, 0x00, 0x00, 0x00, 0x00, 0x00, 0x00, 0x00, 0x00, 0x00, 0x00, 0x00, 0x00, 0x00, 0x00, 0x00, 0x00, 0x00, 0x00, 0x00, 0x00, 0x00, 0x00, 0x00, } },
  { .id = 810, .a = 265, .b = 320, .token = {' ', 's', 'o', 'l', 0x00, 0x00, 0x00, 0x00, 0x00, 0x00, 0x00, 0x00, 0x00, 0x00, 0x00, 0x00, 0x00, 0x00, 0x00, 0x00, 0x00, 0x00, 0x00, 0x00, 0x00, 0x00, 0x00, 0x00, 0x00, 0x00, 0x00, 0x00, } },
  { .id = 811, .a = 257, .b = 371, .token = {' ', 't', 'r', 'a', 0x00, 0x00, 0x00, 0x00, 0x00, 0x00, 0x00, 0x00, 0x00, 0x00, 0x00, 0x00, 0x00, 0x00, 0x00, 0x00, 0x00, 0x00, 0x00, 0x00, 0x00, 0x00, 0x00, 0x00, 0x00, 0x00, 0x00, 0x00, } },
  { .id = 812, .a = 110, .b = 101, .token = {'n', 'e', 0x00, 0x00, 0x00, 0x00, 0x00, 0x00, 0x00, 0x00, 0x00, 0x00, 0x00, 0x00, 0x00, 0x00, 0x00, 0x00, 0x00, 0x00, 0x00, 0x00, 0x00, 0x00, 0x00, 0x00, 0x00, 0x00, 0x00, 0x00, 0x00, 0x00, } },
  { .id = 813, .a = 105, .b = 352, .token = {'i', 'e', 'n', 'c', 'e', 0x00, 0x00, 0x00, 0x00, 0x00, 0x00, 0x00, 0x00, 0x00, 0x00, 0x00, 0x00, 0x00, 0x00, 0x00, 0x00, 0x00, 0x00, 0x00, 0x00, 0x00, 0x00, 0x00, 0x00, 0x00, 0x00, 0x00, } },
  { .id = 814, .a = 276, .b = 428, .token = {'i', 't', 'i', 'e', 's', 0x00, 0x00, 0x00, 0x00, 0x00, 0x00, 0x00, 0x00, 0x00, 0x00, 0x00, 0x00, 0x00, 0x00, 0x00, 0x00, 0x00, 0x00, 0x00, 0x00, 0x00, 0x00, 0x00, 0x00, 0x00, 0x00, 0x00, } },
  { .id = 815, .a = 519, .b = 496, .token = {' ', 't', 'e', 'x', 't', 0x00, 0x00, 0x00, 0x00, 0x00, 0x00, 0x00, 0x00, 0x00, 0x00, 0x00, 0x00, 0x00, 0x00, 0x00, 0x00, 0x00, 0x00, 0x00, 0x00, 0x00, 0x00, 0x00, 0x00, 0x00, 0x00, 0x00, } },
  { .id = 816, .a = 398, .b = 323, .token = {' ', 'm', 'o', 's', 't', 0x00, 0x00, 0x00, 0x00, 0x00, 0x00, 0x00, 0x00, 0x00, 0x00, 0x00, 0x00, 0x00, 0x00, 0x00, 0x00, 0x00, 0x00, 0x00, 0x00, 0x00, 0x00, 0x00, 0x00, 0x00, 0x00, 0x00, } },
  { .id = 817, .a = 299, .b = 317, .token = {' ', 'h', 'o', 'w', 0x00, 0x00, 0x00, 0x00, 0x00, 0x00, 0x00, 0x00, 0x00, 0x00, 0x00, 0x00, 0x00, 0x00, 0x00, 0x00, 0x00, 0x00, 0x00, 0x00, 0x00, 0x00, 0x00, 0x00, 0x00, 0x00, 0x00, 0x00, } },
  { .id = 818, .a = 286, .b = 470, .token = {'e', 'n', 't', 'i', 'a', 'l', 0x00, 0x00, 0x00, 0x00, 0x00, 0x00, 0x00, 0x00, 0x00, 0x00, 0x00, 0x00, 0x00, 0x00, 0x00, 0x00, 0x00, 0x00, 0x00, 0x00, 0x00, 0x00, 0x00, 0x00, 0x00, 0x00, } },
  { .id = 819, .a = 102, .b = 396, .token = {'f', 't', 'e', 'r', 0x00, 0x00, 0x00, 0x00, 0x00, 0x00, 0x00, 0x00, 0x00, 0x00, 0x00, 0x00, 0x00, 0x00, 0x00, 0x00, 0x00, 0x00, 0x00, 0x00, 0x00, 0x00, 0x00, 0x00, 0x00, 0x00, 0x00, 0x00, } },
  { .id = 820, .a = 302, .b = 111, .token = {' ', 'T', 'o', 0x00, 0x00, 0x00, 0x00, 0x00, 0x00, 0x00, 0x00, 0x00, 0x00, 0x00, 0x00, 0x00, 0x00, 0x00, 0x00, 0x00, 0x00, 0x00, 0x00, 0x00, 0x00, 0x00, 0x00, 0x00, 0x00, 0x00, 0x00, 0x00, } },
  { .id = 821, .a = 483, .b = 316, .token = {'i', 'c', 'a', 'l', 'l', 'y', 0x00, 0x00, 0x00, 0x00, 0x00, 0x00, 0x00, 0x00, 0x00, 0x00, 0x00, 0x00, 0x00, 0x00, 0x00, 0x00, 0x00, 0x00, 0x00, 0x00, 0x00, 0x00, 0x00, 0x00, 0x00, 0x00, } },
  { .id = 822, .a = 391, .b = 103, .token = {' ', 'n', 'e', 'g', 0x00, 0x00, 0x00, 0x00, 0x00, 0x00, 0x00, 0x00, 0x00, 0x00, 0x00, 0x00, 0x00, 0x00, 0x00, 0x00, 0x00, 0x00, 0x00, 0x00, 0x00, 0x00, 0x00, 0x00, 0x00, 0x00, 0x00, 0x00, } },
  { .id = 823, .a = 602, .b = 110, .token = {' ', 'U', 'n', 0x00, 0x00, 0x00, 0x00, 0x00, 0x00, 0x00, 0x00, 0x00, 0x00, 0x00, 0x00, 0x00, 0x00, 0x00, 0x00, 0x00, 0x00, 0x00, 0x00, 0x00, 0x00, 0x00, 0x00, 0x00, 0x00, 0x00, 0x00, 0x00, } },
  { .id = 824, .a = 269, .b = 290, .token = {' ', 'c', 'a', 'r', 0x00, 0x00, 0x00, 0x00, 0x00, 0x00, 0x00, 0x00, 0x00, 0x00, 0x00, 0x00, 0x00, 0x00, 0x00, 0x00, 0x00, 0x00, 0x00, 0x00, 0x00, 0x00, 0x00, 0x00, 0x00, 0x00, 0x00, 0x00, } },
  { .id = 825, .a = 32, .b = 43, .token = {' ', '+', 0x00, 0x00, 0x00, 0x00, 0x00, 0x00, 0x00, 0x00, 0x00, 0x00, 0x00, 0x00, 0x00, 0x00, 0x00, 0x00, 0x00, 0x00, 0x00, 0x00, 0x00, 0x00, 0x00, 0x00, 0x00, 0x00, 0x00, 0x00, 0x00, 0x00, } },
  { .id = 826, .a = 273, .b = 609, .token = {' ', 'w', 'a', 't', 'e', 'r', 0x00, 0x00, 0x00, 0x00, 0x00, 0x00, 0x00, 0x00, 0x00, 0x00, 0x00, 0x00, 0x00, 0x00, 0x00, 0x00, 0x00, 0x00, 0x00, 0x00, 0x00, 0x00, 0x00, 0x00, 0x00, 0x00, } },
  { .id = 827, .a = 315, .b = 263, .token = {'i', 'd', 'e', 'r', 0x00, 0x00, 0x00, 0x00, 0x00, 0x00, 0x00, 0x00, 0x00, 0x00, 0x00, 0x00, 0x00, 0x00, 0x00, 0x00, 0x00, 0x00, 0x00, 0x00, 0x00, 0x00, 0x00, 0x00, 0x00, 0x00, 0x00, 0x00, } },
  { .id = 828, .a = 279, .b = 569, .token = {' ', 'f', 'i', 'n', 'd', 0x00, 0x00, 0x00, 0x00, 0x00, 0x00, 0x00, 0x00, 0x00, 0x00, 0x00, 0x00, 0x00, 0x00, 0x00, 0x00, 0x00, 0x00, 0x00, 0x00, 0x00, 0x00, 0x00, 0x00, 0x00, 0x00, 0x00, } },
  { .id = 829, .a = 340, .b = 275, .token = {'u', 'r', 'i', 'n', 'g', 0x00, 0x00, 0x00, 0x00, 0x00, 0x00, 0x00, 0x00, 0x00, 0x00, 0x00, 0x00, 0x00, 0x00, 0x00, 0x00, 0x00, 0x00, 0x00, 0x00, 0x00, 0x00, 0x00, 0x00, 0x00, 0x00, 0x00, } },
  { .id = 830, .a = 520, .b = 266, .token = {' ', 'w', 'h', 'e', 'r', 'e', 0x00, 0x00, 0x00, 0x00, 0x00, 0x00, 0x00, 0x00, 0x00, 0x00, 0x00, 0x00, 0x00, 0x00, 0x00, 0x00, 0x00, 0x00, 0x00, 0x00, 0x00, 0x00, 0x00, 0x00, 0x00, 0x00, } },
  { .id = 831, .a = 691, .b = 565, .token = {' ', 'n', 'u', 'm', 'b', 'e', 'r', 0x00, 0x00, 0x00, 0x00, 0x00, 0x00, 0x00, 0x00, 0x00, 0x00, 0x00, 0x00, 0x00, 0x00, 0x00, 0x00, 0x00, 0x00, 0x00, 0x00, 0x00, 0x00, 0x00, 0x00, 0x00, } },
  { .id = 832, .a = 111, .b = 309, .token = {'o', 'v', 'e', 0x00, 0x00, 0x00, 0x00, 0x00, 0x00, 0x00, 0x00, 0x00, 0x00, 0x00, 0x00, 0x00, 0x00, 0x00, 0x00, 0x00, 0x00, 0x00, 0x00, 0x00, 0x00, 0x00, 0x00, 0x00, 0x00, 0x00, 0x00, 0x00, } },
  { .id = 833, .a = 423, .b = 423, .token = {' ', ' ', ' ', ' ', 0x00, 0x00, 0x00, 0x00, 0x00, 0x00, 0x00, 0x00, 0x00, 0x00, 0x00, 0x00, 0x00, 0x00, 0x00, 0x00, 0x00, 0x00, 0x00, 0x00, 0x00, 0x00, 0x00, 0x00, 0x00, 0x00, 0x00, 0x00, } },
  { .id = 834, .a = 304, .b = 699, .token = {' ', 'r', 'e', 'a', 's', 'o', 'n', 0x00, 0x00, 0x00, 0x00, 0x00, 0x00, 0x00, 0x00, 0x00, 0x00, 0x00, 0x00, 0x00, 0x00, 0x00, 0x00, 0x00, 0x00, 0x00, 0x00, 0x00, 0x00, 0x00, 0x00, 0x00, } },
  { .id = 835, .a = 266, .b = 115, .token = {'r', 'e', 's', 0x00, 0x00, 0x00, 0x00, 0x00, 0x00, 0x00, 0x00, 0x00, 0x00, 0x00, 0x00, 0x00, 0x00, 0x00, 0x00, 0x00, 0x00, 0x00, 0x00, 0x00, 0x00, 0x00, 0x00, 0x00, 0x00, 0x00, 0x00, 0x00, } },
  { .id = 836, .a = 287, .b = 345, .token = {' ', 'm', 'a', 'y', 0x00, 0x00, 0x00, 0x00, 0x00, 0x00, 0x00, 0x00, 0x00, 0x00, 0x00, 0x00, 0x00, 0x00, 0x00, 0x00, 0x00, 0x00, 0x00, 0x00, 0x00, 0x00, 0x00, 0x00, 0x00, 0x00, 0x00, 0x00, } },
  { .id = 837, .a = 49, .b = 48, .token = {'1', '0', 0x00, 0x00, 0x00, 0x00, 0x00, 0x00, 0x00, 0x00, 0x00, 0x00, 0x00, 0x00, 0x00, 0x00, 0x00, 0x00, 0x00, 0x00, 0x00, 0x00, 0x00, 0x00, 0x00, 0x00, 0x00, 0x00, 0x00, 0x00, 0x00, 0x00, } },
  { .id = 838, .a = 659, .b = 283, .token = {' ', 'p', 'r', 'o', 'v', 'i', 'd', 'e', 'd', 0x00, 0x00, 0x00, 0x00, 0x00, 0x00, 0x00, 0x00, 0x00, 0x00, 0x00, 0x00, 0x00, 0x00, 0x00, 0x00, 0x00, 0x00, 0x00, 0x00, 0x00, 0x00, 0x00, } },
  { .id = 839, .a = 506, .b = 271, .token = {' ', 'm', 'e', 'a', 'n', 0x00, 0x00, 0x00, 0x00, 0x00, 0x00, 0x00, 0x00, 0x00, 0x00, 0x00, 0x00, 0x00, 0x00, 0x00, 0x00, 0x00, 0x00, 0x00, 0x00, 0x00, 0x00, 0x00, 0x00, 0x00, 0x00, 0x00, } },
  { .id = 840, .a = 334, .b = 109, .token = {' ', 'f', 'o', 'r', 'm', 0x00, 0x00, 0x00, 0x00, 0x00, 0x00, 0x00, 0x00, 0x00, 0x00, 0x00, 0x00, 0x00, 0x00, 0x00, 0x00, 0x00, 0x00, 0x00, 0x00, 0x00, 0x00, 0x00, 0x00, 0x00, 0x00, 0x00, } },
  { .id = 841, .a = 421, .b = 317, .token = {' ', 'H', 'o', 'w', 0x00, 0x00, 0x00, 0x00, 0x00, 0x00, 0x00, 0x00, 0x00, 0x00, 0x00, 0x00, 0x00, 0x00, 0x00, 0x00, 0x00, 0x00, 0x00, 0x00, 0x00, 0x00, 0x00, 0x00, 0x00, 0x00, 0x00, 0x00, } },
  { .id = 842, .a = 287, .b = 402, .token = {' ', 'm', 'a', 'i', 'n', 0x00, 0x00, 0x00, 0x00, 0x00, 0x00, 0x00, 0x00, 0x00, 0x00, 0x00, 0x00, 0x00, 0x00, 0x00, 0x00, 0x00, 0x00, 0x00, 0x00, 0x00, 0x00, 0x00, 0x00, 0x00, 0x00, 0x00, } },
  { .id = 843, .a = 451, .b = 101, .token = {' ', 'R', 'e', 0x00, 0x00, 0x00, 0x00, 0x00, 0x00, 0x00, 0x00, 0x00, 0x00, 0x00, 0x00, 0x00, 0x00, 0x00, 0x00, 0x00, 0x00, 0x00, 0x00, 0x00, 0x00, 0x00, 0x00, 0x00, 0x00, 0x00, 0x00, 0x00, } },
  { .id = 844, .a = 280, .b = 538, .token = {' ', 'b', 'a', 's', 'e', 'd', 0x00, 0x00, 0x00, 0x00, 0x00, 0x00, 0x00, 0x00, 0x00, 0x00, 0x00, 0x00, 0x00, 0x00, 0x00, 0x00, 0x00, 0x00, 0x00, 0x00, 0x00, 0x00, 0x00, 0x00, 0x00, 0x00, } },
  { .id = 845, .a = 268, .b = 97, .token = {'a', 't', 'a', 0x00, 0x00, 0x00, 0x00, 0x00, 0x00, 0x00, 0x00, 0x00, 0x00, 0x00, 0x00, 0x00, 0x00, 0x00, 0x00, 0x00, 0x00, 0x00, 0x00, 0x00, 0x00, 0x00, 0x00, 0x00, 0x00, 0x00, 0x00, 0x00, } },
  { .id = 846, .a = 292, .b = 102, .token = {' ', 'o', 'f', 'f', 0x00, 0x00, 0x00, 0x00, 0x00, 0x00, 0x00, 0x00, 0x00, 0x00, 0x00, 0x00, 0x00, 0x00, 0x00, 0x00, 0x00, 0x00, 0x00, 0x00, 0x00, 0x00, 0x00, 0x00, 0x00, 0x00, 0x00, 0x00, } },
  { .id = 847, .a = 271, .b = 507, .token = {'a', 'n', 'g', 'e', 0x00, 0x00, 0x00, 0x00, 0x00, 0x00, 0x00, 0x00, 0x00, 0x00, 0x00, 0x00, 0x00, 0x00, 0x00, 0x00, 0x00, 0x00, 0x00, 0x00, 0x00, 0x00, 0x00, 0x00, 0x00, 0x00, 0x00, 0x00, } },
  { .id = 848, .a = 111, .b = 98, .token = {'o', 'b', 0x00, 0x00, 0x00, 0x00, 0x00, 0x00, 0x00, 0x00, 0x00, 0x00, 0x00, 0x00, 0x00, 0x00, 0x00, 0x00, 0x00, 0x00, 0x00, 0x00, 0x00, 0x00, 0x00, 0x00, 0x00, 0x00, 0x00, 0x00, 0x00, 0x00, } },
  { .id = 849, .a = 394, .b = 501, .token = {' ', 'e', 'x', 'p', 'e', 'r', 0x00, 0x00, 0x00, 0x00, 0x00, 0x00, 0x00, 0x00, 0x00, 0x00, 0x00, 0x00, 0x00, 0x00, 0x00, 0x00, 0x00, 0x00, 0x00, 0x00, 0x00, 0x00, 0x00, 0x00, 0x00, 0x00, } },
  { .id = 850, .a = 735, .b = 763, .token = {' ', 'c', 'o', 'r', 'r', 'e', 'c', 't', 0x00, 0x00, 0x00, 0x00, 0x00, 0x00, 0x00, 0x00, 0x00, 0x00, 0x00, 0x00, 0x00, 0x00, 0x00, 0x00, 0x00, 0x00, 0x00, 0x00, 0x00, 0x00, 0x00, 0x00, } },
  { .id = 851, .a = 592, .b = 301, .token = {'r', 'u', 'c', 't', 0x00, 0x00, 0x00, 0x00, 0x00, 0x00, 0x00, 0x00, 0x00, 0x00, 0x00, 0x00, 0x00, 0x00, 0x00, 0x00, 0x00, 0x00, 0x00, 0x00, 0x00, 0x00, 0x00, 0x00, 0x00, 0x00, 0x00, 0x00, } },
  { .id = 852, .a = 265, .b = 121, .token = {' ', 's', 'y', 0x00, 0x00, 0x00, 0x00, 0x00, 0x00, 0x00, 0x00, 0x00, 0x00, 0x00, 0x00, 0x00, 0x00, 0x00, 0x00, 0x00, 0x00, 0x00, 0x00, 0x00, 0x00, 0x00, 0x00, 0x00, 0x00, 0x00, 0x00, 0x00, } },
  { .id = 853, .a = 280, .b = 117, .token = {' ', 'b', 'u', 0x00, 0x00, 0x00, 0x00, 0x00, 0x00, 0x00, 0x00, 0x00, 0x00, 0x00, 0x00, 0x00, 0x00, 0x00, 0x00, 0x00, 0x00, 0x00, 0x00, 0x00, 0x00, 0x00, 0x00, 0x00, 0x00, 0x00, 0x00, 0x00, } },
  { .id = 854, .a = 388, .b = 301, .token = {'p', 'e', 'c', 't', 0x00, 0x00, 0x00, 0x00, 0x00, 0x00, 0x00, 0x00, 0x00, 0x00, 0x00, 0x00, 0x00, 0x00, 0x00, 0x00, 0x00, 0x00, 0x00, 0x00, 0x00, 0x00, 0x00, 0x00, 0x00, 0x00, 0x00, 0x00, } },
  { .id = 855, .a = 323, .b = 408, .token = {'s', 't', 'a', 'n', 'd', 0x00, 0x00, 0x00, 0x00, 0x00, 0x00, 0x00, 0x00, 0x00, 0x00, 0x00, 0x00, 0x00, 0x00, 0x00, 0x00, 0x00, 0x00, 0x00, 0x00, 0x00, 0x00, 0x00, 0x00, 0x00, 0x00, 0x00, } },
  { .id = 856, .a = 259, .b = 103, .token = {' ', 'a', 'g', 0x00, 0x00, 0x00, 0x00, 0x00, 0x00, 0x00, 0x00, 0x00, 0x00, 0x00, 0x00, 0x00, 0x00, 0x00, 0x00, 0x00, 0x00, 0x00, 0x00, 0x00, 0x00, 0x00, 0x00, 0x00, 0x00, 0x00, 0x00, 0x00, } },
  { .id = 857, .a = 103, .b = 313, .token = {'g', 'e', 't', 0x00, 0x00, 0x00, 0x00, 0x00, 0x00, 0x00, 0x00, 0x00, 0x00, 0x00, 0x00, 0x00, 0x00, 0x00, 0x00, 0x00, 0x00, 0x00, 0x00, 0x00, 0x00, 0x00, 0x00, 0x00, 0x00, 0x00, 0x00, 0x00, } },
  { .id = 858, .a = 297, .b = 766, .token = {' ', 't', 'h', 'r', 'o', 'u', 'g', 'h', 0x00, 0x00, 0x00, 0x00, 0x00, 0x00, 0x00, 0x00, 0x00, 0x00, 0x00, 0x00, 0x00, 0x00, 0x00, 0x00, 0x00, 0x00, 0x00, 0x00, 0x00, 0x00, 0x00, 0x00, } },
  { .id = 859, .a = 466, .b = 311, .token = {'c', 'l', 'u', 's', 0x00, 0x00, 0x00, 0x00, 0x00, 0x00, 0x00, 0x00, 0x00, 0x00, 0x00, 0x00, 0x00, 0x00, 0x00, 0x00, 0x00, 0x00, 0x00, 0x00, 0x00, 0x00, 0x00, 0x00, 0x00, 0x00, 0x00, 0x00, } },
  { .id = 860, .a = 112, .b = 329, .token = {'p', 'u', 't', 0x00, 0x00, 0x00, 0x00, 0x00, 0x00, 0x00, 0x00, 0x00, 0x00, 0x00, 0x00, 0x00, 0x00, 0x00, 0x00, 0x00, 0x00, 0x00, 0x00, 0x00, 0x00, 0x00, 0x00, 0x00, 0x00, 0x00, 0x00, 0x00, } },
  { .id = 861, .a = 822, .b = 636, .token = {' ', 'n', 'e', 'g', 'a', 't', 'i', 'v', 'e', 0x00, 0x00, 0x00, 0x00, 0x00, 0x00, 0x00, 0x00, 0x00, 0x00, 0x00, 0x00, 0x00, 0x00, 0x00, 0x00, 0x00, 0x00, 0x00, 0x00, 0x00, 0x00, 0x00, } },
  { .id = 862, .a = 319, .b = 114, .token = {' ', 's', 't', 'r', 0x00, 0x00, 0x00, 0x00, 0x00, 0x00, 0x00, 0x00, 0x00, 0x00, 0x00, 0x00, 0x00, 0x00, 0x00, 0x00, 0x00, 0x00, 0x00, 0x00, 0x00, 0x00, 0x00, 0x00, 0x00, 0x00, 0x00, 0x00, } },
  { .id = 863, .a = 265, .b = 109, .token = {' ', 's', 'm', 0x00, 0x00, 0x00, 0x00, 0x00, 0x00, 0x00, 0x00, 0x00, 0x00, 0x00, 0x00, 0x00, 0x00, 0x00, 0x00, 0x00, 0x00, 0x00, 0x00, 0x00, 0x00, 0x00, 0x00, 0x00, 0x00, 0x00, 0x00, 0x00, } },
  { .id = 864, .a = 268, .b = 445, .token = {'a', 't', 'u', 'r', 'e', 0x00, 0x00, 0x00, 0x00, 0x00, 0x00, 0x00, 0x00, 0x00, 0x00, 0x00, 0x00, 0x00, 0x00, 0x00, 0x00, 0x00, 0x00, 0x00, 0x00, 0x00, 0x00, 0x00, 0x00, 0x00, 0x00, 0x00, } },
  { .id = 865, .a = 326, .b = 275, .token = {' ', 'b', 'e', 'i', 'n', 'g', 0x00, 0x00, 0x00, 0x00, 0x00, 0x00, 0x00, 0x00, 0x00, 0x00, 0x00, 0x00, 0x00, 0x00, 0x00, 0x00, 0x00, 0x00, 0x00, 0x00, 0x00, 0x00, 0x00, 0x00, 0x00, 0x00, } },
  { .id = 866, .a = 282, .b = 115, .token = {'a', 'l', 's', 0x00, 0x00, 0x00, 0x00, 0x00, 0x00, 0x00, 0x00, 0x00, 0x00, 0x00, 0x00, 0x00, 0x00, 0x00, 0x00, 0x00, 0x00, 0x00, 0x00, 0x00, 0x00, 0x00, 0x00, 0x00, 0x00, 0x00, 0x00, 0x00, } },
  { .id = 867, .a = 406, .b = 290, .token = {' ', 'v', 'a', 'r', 0x00, 0x00, 0x00, 0x00, 0x00, 0x00, 0x00, 0x00, 0x00, 0x00, 0x00, 0x00, 0x00, 0x00, 0x00, 0x00, 0x00, 0x00, 0x00, 0x00, 0x00, 0x00, 0x00, 0x00, 0x00, 0x00, 0x00, 0x00, } },
  { .id = 868, .a = 32, .b = 86, .token = {' ', 'V', 0x00, 0x00, 0x00, 0x00, 0x00, 0x00, 0x00, 0x00, 0x00, 0x00, 0x00, 0x00, 0x00, 0x00, 0x00, 0x00, 0x00, 0x00, 0x00, 0x00, 0x00, 0x00, 0x00, 0x00, 0x00, 0x00, 0x00, 0x00, 0x00, 0x00, } },
  { .id = 869, .a = 274, .b = 290, .token = {' ', 'p', 'a', 'r', 0x00, 0x00, 0x00, 0x00, 0x00, 0x00, 0x00, 0x00, 0x00, 0x00, 0x00, 0x00, 0x00, 0x00, 0x00, 0x00, 0x00, 0x00, 0x00, 0x00, 0x00, 0x00, 0x00, 0x00, 0x00, 0x00, 0x00, 0x00, } },
  { .id = 870, .a = 371, .b = 301, .token = {'r', 'a', 'c', 't', 0x00, 0x00, 0x00, 0x00, 0x00, 0x00, 0x00, 0x00, 0x00, 0x00, 0x00, 0x00, 0x00, 0x00, 0x00, 0x00, 0x00, 0x00, 0x00, 0x00, 0x00, 0x00, 0x00, 0x00, 0x00, 0x00, 0x00, 0x00, } },
  { .id = 871, .a = 310, .b = 420, .token = {'i', 'l', 'i', 't', 'y', 0x00, 0x00, 0x00, 0x00, 0x00, 0x00, 0x00, 0x00, 0x00, 0x00, 0x00, 0x00, 0x00, 0x00, 0x00, 0x00, 0x00, 0x00, 0x00, 0x00, 0x00, 0x00, 0x00, 0x00, 0x00, 0x00, 0x00, } },
  { .id = 872, .a = 299, .b = 358, .token = {' ', 'h', 'a', 'd', 0x00, 0x00, 0x00, 0x00, 0x00, 0x00, 0x00, 0x00, 0x00, 0x00, 0x00, 0x00, 0x00, 0x00, 0x00, 0x00, 0x00, 0x00, 0x00, 0x00, 0x00, 0x00, 0x00, 0x00, 0x00, 0x00, 0x00, 0x00, } },
  { .id = 873, .a = 260, .b = 107, .token = {'i', 'n', 'k', 0x00, 0x00, 0x00, 0x00, 0x00, 0x00, 0x00, 0x00, 0x00, 0x00, 0x00, 0x00, 0x00, 0x00, 0x00, 0x00, 0x00, 0x00, 0x00, 0x00, 0x00, 0x00, 0x00, 0x00, 0x00, 0x00, 0x00, 0x00, 0x00, } },
  { .id = 874, .a = 297, .b = 271, .token = {' ', 't', 'h', 'a', 'n', 0x00, 0x00, 0x00, 0x00, 0x00, 0x00, 0x00, 0x00, 0x00, 0x00, 0x00, 0x00, 0x00, 0x00, 0x00, 0x00, 0x00, 0x00, 0x00, 0x00, 0x00, 0x00, 0x00, 0x00, 0x00, 0x00, 0x00, } },
  { .id = 875, .a = 724, .b = 286, .token = {' ', 'd', 'i', 'f', 'f', 'e', 'r', 'e', 'n', 't', 0x00, 0x00, 0x00, 0x00, 0x00, 0x00, 0x00, 0x00, 0x00, 0x00, 0x00, 0x00, 0x00, 0x00, 0x00, 0x00, 0x00, 0x00, 0x00, 0x00, 0x00, 0x00, } },
  { .id = 876, .a = 264, .b = 359, .token = {'e', 'n', 's', 'e', 0x00, 0x00, 0x00, 0x00, 0x00, 0x00, 0x00, 0x00, 0x00, 0x00, 0x00, 0x00, 0x00, 0x00, 0x00, 0x00, 0x00, 0x00, 0x00, 0x00, 0x00, 0x00, 0x00, 0x00, 0x00, 0x00, 0x00, 0x00, } },
  { .id = 877, .a = 105, .b = 98, .token = {'i', 'b', 0x00, 0x00, 0x00, 0x00, 0x00, 0x00, 0x00, 0x00, 0x00, 0x00, 0x00, 0x00, 0x00, 0x00, 0x00, 0x00, 0x00, 0x00, 0x00, 0x00, 0x00, 0x00, 0x00, 0x00, 0x00, 0x00, 0x00, 0x00, 0x00, 0x00, } },
  { .id = 878, .a = 304, .b = 109, .token = {' ', 'r', 'e', 'm', 0x00, 0x00, 0x00, 0x00, 0x00, 0x00, 0x00, 0x00, 0x00, 0x00, 0x00, 0x00, 0x00, 0x00, 0x00, 0x00, 0x00, 0x00, 0x00, 0x00, 0x00, 0x00, 0x00, 0x00, 0x00, 0x00, 0x00, 0x00, } },
  { .id = 879, .a = 266, .b = 268, .token = {'r', 'e', 'a', 't', 0x00, 0x00, 0x00, 0x00, 0x00, 0x00, 0x00, 0x00, 0x00, 0x00, 0x00, 0x00, 0x00, 0x00, 0x00, 0x00, 0x00, 0x00, 0x00, 0x00, 0x00, 0x00, 0x00, 0x00, 0x00, 0x00, 0x00, 0x00, } },
  { .id = 880, .a = 573, .b = 450, .token = {'f', 'f', 'e', 'c', 't', 0x00, 0x00, 0x00, 0x00, 0x00, 0x00, 0x00, 0x00, 0x00, 0x00, 0x00, 0x00, 0x00, 0x00, 0x00, 0x00, 0x00, 0x00, 0x00, 0x00, 0x00, 0x00, 0x00, 0x00, 0x00, 0x00, 0x00, } },
  { .id = 881, .a = 116, .b = 402, .token = {'t', 'a', 'i', 'n', 0x00, 0x00, 0x00, 0x00, 0x00, 0x00, 0x00, 0x00, 0x00, 0x00, 0x00, 0x00, 0x00, 0x00, 0x00, 0x00, 0x00, 0x00, 0x00, 0x00, 0x00, 0x00, 0x00, 0x00, 0x00, 0x00, 0x00, 0x00, } },
  { .id = 882, .a = 329, .b = 281, .token = {'u', 't', 'i', 'o', 'n', 0x00, 0x00, 0x00, 0x00, 0x00, 0x00, 0x00, 0x00, 0x00, 0x00, 0x00, 0x00, 0x00, 0x00, 0x00, 0x00, 0x00, 0x00, 0x00, 0x00, 0x00, 0x00, 0x00, 0x00, 0x00, 0x00, 0x00, } },
  { .id = 883, .a = 440, .b = 101, .token = {' ', 'u', 's', 'e', 0x00, 0x00, 0x00, 0x00, 0x00, 0x00, 0x00, 0x00, 0x00, 0x00, 0x00, 0x00, 0x00, 0x00, 0x00, 0x00, 0x00, 0x00, 0x00, 0x00, 0x00, 0x00, 0x00, 0x00, 0x00, 0x00, 0x00, 0x00, } },
  { .id = 884, .a = 306, .b = 355, .token = {' ', 'e', 'q', 'u', 0x00, 0x00, 0x00, 0x00, 0x00, 0x00, 0x00, 0x00, 0x00, 0x00, 0x00, 0x00, 0x00, 0x00, 0x00, 0x00, 0x00, 0x00, 0x00, 0x00, 0x00, 0x00, 0x00, 0x00, 0x00, 0x00, 0x00, 0x00, } },
  { .id = 885, .a = 363, .b = 290, .token = {'u', 'l', 'a', 'r', 0x00, 0x00, 0x00, 0x00, 0x00, 0x00, 0x00, 0x00, 0x00, 0x00, 0x00, 0x00, 0x00, 0x00, 0x00, 0x00, 0x00, 0x00, 0x00, 0x00, 0x00, 0x00, 0x00, 0x00, 0x00, 0x00, 0x00, 0x00, } },
  { .id = 886, .a = 308, .b = 321, .token = {' ', 'l', 'i', 's', 't', 0x00, 0x00, 0x00, 0x00, 0x00, 0x00, 0x00, 0x00, 0x00, 0x00, 0x00, 0x00, 0x00, 0x00, 0x00, 0x00, 0x00, 0x00, 0x00, 0x00, 0x00, 0x00, 0x00, 0x00, 0x00, 0x00, 0x00, } },
  { .id = 887, .a = 295, .b = 107, .token = {'a', 's', 'k', 0x00, 0x00, 0x00, 0x00, 0x00, 0x00, 0x00, 0x00, 0x00, 0x00, 0x00, 0x00, 0x00, 0x00, 0x00, 0x00, 0x00, 0x00, 0x00, 0x00, 0x00, 0x00, 0x00, 0x00, 0x00, 0x00, 0x00, 0x00, 0x00, } },
  { .id = 888, .a = 358, .b = 101, .token = {'a', 'd', 'e', 0x00, 0x00, 0x00, 0x00, 0x00, 0x00, 0x00, 0x00, 0x00, 0x00, 0x00, 0x00, 0x00, 0x00, 0x00, 0x00, 0x00, 0x00, 0x00, 0x00, 0x00, 0x00, 0x00, 0x00, 0x00, 0x00, 0x00, 0x00, 0x00, } },
  { .id = 889, .a = 110, .b = 103, .token = {'n', 'g', 0x00, 0x00, 0x00, 0x00, 0x00, 0x00, 0x00, 0x00, 0x00, 0x00, 0x00, 0x00, 0x00, 0x00, 0x00, 0x00, 0x00, 0x00, 0x00, 0x00, 0x00, 0x00, 0x00, 0x00, 0x00, 0x00, 0x00, 0x00, 0x00, 0x00, } },
  { .id = 890, .a = 653, .b = 268, .token = {' ', 'W', 'h', 'a', 't', 0x00, 0x00, 0x00, 0x00, 0x00, 0x00, 0x00, 0x00, 0x00, 0x00, 0x00, 0x00, 0x00, 0x00, 0x00, 0x00, 0x00, 0x00, 0x00, 0x00, 0x00, 0x00, 0x00, 0x00, 0x00, 0x00, 0x00, } },
  { .id = 891, .a = 330, .b = 100, .token = {' ', 'I', 'd', 0x00, 0x00, 0x00, 0x00, 0x00, 0x00, 0x00, 0x00, 0x00, 0x00, 0x00, 0x00, 0x00, 0x00, 0x00, 0x00, 0x00, 0x00, 0x00, 0x00, 0x00, 0x00, 0x00, 0x00, 0x00, 0x00, 0x00, 0x00, 0x00, } },
  { .id = 892, .a = 561, .b = 116, .token = {' ', 'a', 'r', 't', 0x00, 0x00, 0x00, 0x00, 0x00, 0x00, 0x00, 0x00, 0x00, 0x00, 0x00, 0x00, 0x00, 0x00, 0x00, 0x00, 0x00, 0x00, 0x00, 0x00, 0x00, 0x00, 0x00, 0x00, 0x00, 0x00, 0x00, 0x00, } },
  { .id = 893, .a = 294, .b = 270, .token = {'i', 'c', 'e', 's', 0x00, 0x00, 0x00, 0x00, 0x00, 0x00, 0x00, 0x00, 0x00, 0x00, 0x00, 0x00, 0x00, 0x00, 0x00, 0x00, 0x00, 0x00, 0x00, 0x00, 0x00, 0x00, 0x00, 0x00, 0x00, 0x00, 0x00, 0x00, } },
  { .id = 894, .a = 273, .b = 657, .token = {' ', 'w', 'e', 'r', 'e', 0x00, 0x00, 0x00, 0x00, 0x00, 0x00, 0x00, 0x00, 0x00, 0x00, 0x00, 0x00, 0x00, 0x00, 0x00, 0x00, 0x00, 0x00, 0x00, 0x00, 0x00, 0x00, 0x00, 0x00, 0x00, 0x00, 0x00, } },
  { .id = 895, .a = 440, .b = 283, .token = {' ', 'u', 's', 'e', 'd', 0x00, 0x00, 0x00, 0x00, 0x00, 0x00, 0x00, 0x00, 0x00, 0x00, 0x00, 0x00, 0x00, 0x00, 0x00, 0x00, 0x00, 0x00, 0x00, 0x00, 0x00, 0x00, 0x00, 0x00, 0x00, 0x00, 0x00, } },
  { .id = 896, .a = 118, .b = 275, .token = {'v', 'i', 'n', 'g', 0x00, 0x00, 0x00, 0x00, 0x00, 0x00, 0x00, 0x00, 0x00, 0x00, 0x00, 0x00, 0x00, 0x00, 0x00, 0x00, 0x00, 0x00, 0x00, 0x00, 0x00, 0x00, 0x00, 0x00, 0x00, 0x00, 0x00, 0x00, } },
  { .id = 897, .a = 116, .b = 264, .token = {'t', 'e', 'n', 0x00, 0x00, 0x00, 0x00, 0x00, 0x00, 0x00, 0x00, 0x00, 0x00, 0x00, 0x00, 0x00, 0x00, 0x00, 0x00, 0x00, 0x00, 0x00, 0x00, 0x00, 0x00, 0x00, 0x00, 0x00, 0x00, 0x00, 0x00, 0x00, } },
  { .id = 898, .a = 532, .b = 301, .token = {'i', 'r', 'e', 'c', 't', 0x00, 0x00, 0x00, 0x00, 0x00, 0x00, 0x00, 0x00, 0x00, 0x00, 0x00, 0x00, 0x00, 0x00, 0x00, 0x00, 0x00, 0x00, 0x00, 0x00, 0x00, 0x00, 0x00, 0x00, 0x00, 0x00, 0x00, } },
  { .id = 899, .a = 265, .b = 276, .token = {' ', 's', 'i', 't', 0x00, 0x00, 0x00, 0x00, 0x00, 0x00, 0x00, 0x00, 0x00, 0x00, 0x00, 0x00, 0x00, 0x00, 0x00, 0x00, 0x00, 0x00, 0x00, 0x00, 0x00, 0x00, 0x00, 0x00, 0x00, 0x00, 0x00, 0x00, } },
  { .id = 900, .a = 314, .b = 282, .token = {'a', 't', 'i', 'o', 'n', 'a', 'l', 0x00, 0x00, 0x00, 0x00, 0x00, 0x00, 0x00, 0x00, 0x00, 0x00, 0x00, 0x00, 0x00, 0x00, 0x00, 0x00, 0x00, 0x00, 0x00, 0x00, 0x00, 0x00, 0x00, 0x00, 0x00, } },
  { .id = 901, .a = 354, .b = 307, .token = {' ', 'C', 'o', 'm', 0x00, 0x00, 0x00, 0x00, 0x00, 0x00, 0x00, 0x00, 0x00, 0x00, 0x00, 0x00, 0x00, 0x00, 0x00, 0x00, 0x00, 0x00, 0x00, 0x00, 0x00, 0x00, 0x00, 0x00, 0x00, 0x00, 0x00, 0x00, } },
  { .id = 902, .a = 32, .b = 371, .token = {' ', 'r', 'a', 0x00, 0x00, 0x00, 0x00, 0x00, 0x00, 0x00, 0x00, 0x00, 0x00, 0x00, 0x00, 0x00, 0x00, 0x00, 0x00, 0x00, 0x00, 0x00, 0x00, 0x00, 0x00, 0x00, 0x00, 0x00, 0x00, 0x00, 0x00, 0x00, } },
  { .id = 903, .a = 379, .b = 683, .token = {' ', 's', 'e', 'n', 't', 'e', 'n', 'c', 'e', 's', 0x00, 0x00, 0x00, 0x00, 0x00, 0x00, 0x00, 0x00, 0x00, 0x00, 0x00, 0x00, 0x00, 0x00, 0x00, 0x00, 0x00, 0x00, 0x00, 0x00, 0x00, 0x00, } },
  { .id = 904, .a = 101, .b = 372, .token = {'e', 'v', 'e', 'r', 0x00, 0x00, 0x00, 0x00, 0x00, 0x00, 0x00, 0x00, 0x00, 0x00, 0x00, 0x00, 0x00, 0x00, 0x00, 0x00, 0x00, 0x00, 0x00, 0x00, 0x00, 0x00, 0x00, 0x00, 0x00, 0x00, 0x00, 0x00, } },
  { .id = 905, .a = 277, .b = 692, .token = {' ', 'a', 'n', 'a', 'l', 'y', 0x00, 0x00, 0x00, 0x00, 0x00, 0x00, 0x00, 0x00, 0x00, 0x00, 0x00, 0x00, 0x00, 0x00, 0x00, 0x00, 0x00, 0x00, 0x00, 0x00, 0x00, 0x00, 0x00, 0x00, 0x00, 0x00, } },
  { .id = 906, .a = 528, .b = 464, .token = {' ', 'p', 'r', 'o', 'v', 'i', 'd', 'e', 0x00, 0x00, 0x00, 0x00, 0x00, 0x00, 0x00, 0x00, 0x00, 0x00, 0x00, 0x00, 0x00, 0x00, 0x00, 0x00, 0x00, 0x00, 0x00, 0x00, 0x00, 0x00, 0x00, 0x00, } },
  { .id = 907, .a = 426, .b = 290, .token = {' ', 'c', 'h', 'a', 'r', 0x00, 0x00, 0x00, 0x00, 0x00, 0x00, 0x00, 0x00, 0x00, 0x00, 0x00, 0x00, 0x00, 0x00, 0x00, 0x00, 0x00, 0x00, 0x00, 0x00, 0x00, 0x00, 0x00, 0x00, 0x00, 0x00, 0x00, } },
  { .id = 908, .a = 291, .b = 845, .token = {' ', 'd', 'a', 't', 'a', 0x00, 0x00, 0x00, 0x00, 0x00, 0x00, 0x00, 0x00, 0x00, 0x00, 0x00, 0x00, 0x00, 0x00, 0x00, 0x00, 0x00, 0x00, 0x00, 0x00, 0x00, 0x00, 0x00, 0x00, 0x00, 0x00, 0x00, } },
  { .id = 909, .a = 299, .b = 411, .token = {' ', 'h', 'i', 'g', 'h', 0x00, 0x00, 0x00, 0x00, 0x00, 0x00, 0x00, 0x00, 0x00, 0x00, 0x00, 0x00, 0x00, 0x00, 0x00, 0x00, 0x00, 0x00, 0x00, 0x00, 0x00, 0x00, 0x00, 0x00, 0x00, 0x00, 0x00, } },
  { .id = 910, .a = 333, .b = 749, .token = {' ', 'c', 'o', 'n', 'c', 'l', 'u', 'd', 'e', 0x00, 0x00, 0x00, 0x00, 0x00, 0x00, 0x00, 0x00, 0x00, 0x00, 0x00, 0x00, 0x00, 0x00, 0x00, 0x00, 0x00, 0x00, 0x00, 0x00, 0x00, 0x00, 0x00, } },
  { .id = 911, .a = 273, .b = 307, .token = {' ', 'w', 'o', 'm', 0x00, 0x00, 0x00, 0x00, 0x00, 0x00, 0x00, 0x00, 0x00, 0x00, 0x00, 0x00, 0x00, 0x00, 0x00, 0x00, 0x00, 0x00, 0x00, 0x00, 0x00, 0x00, 0x00, 0x00, 0x00, 0x00, 0x00, 0x00, } },
  { .id = 912, .a = 859, .b = 281, .token = {'c', 'l', 'u', 's', 'i', 'o', 'n', 0x00, 0x00, 0x00, 0x00, 0x00, 0x00, 0x00, 0x00, 0x00, 0x00, 0x00, 0x00, 0x00, 0x00, 0x00, 0x00, 0x00, 0x00, 0x00, 0x00, 0x00, 0x00, 0x00, 0x00, 0x00, } },
  { .id = 913, .a = 891, .b = 786, .token = {' ', 'I', 'd', 'e', 'n', 't', 'i', 'f', 'y', 0x00, 0x00, 0x00, 0x00, 0x00, 0x00, 0x00, 0x00, 0x00, 0x00, 0x00, 0x00, 0x00, 0x00, 0x00, 0x00, 0x00, 0x00, 0x00, 0x00, 0x00, 0x00, 0x00, } },
  { .id = 914, .a = 118, .b = 283, .token = {'v', 'e', 'd', 0x00, 0x00, 0x00, 0x00, 0x00, 0x00, 0x00, 0x00, 0x00, 0x00, 0x00, 0x00, 0x00, 0x00, 0x00, 0x00, 0x00, 0x00, 0x00, 0x00, 0x00, 0x00, 0x00, 0x00, 0x00, 0x00, 0x00, 0x00, 0x00, } },
  { .id = 915, .a = 338, .b = 266, .token = {' ', 'T', 'h', 'e', 'r', 'e', 0x00, 0x00, 0x00, 0x00, 0x00, 0x00, 0x00, 0x00, 0x00, 0x00, 0x00, 0x00, 0x00, 0x00, 0x00, 0x00, 0x00, 0x00, 0x00, 0x00, 0x00, 0x00, 0x00, 0x00, 0x00, 0x00, } },
  { .id = 916, .a = 279, .b = 555, .token = {' ', 'f', 'o', 'o', 'd', 0x00, 0x00, 0x00, 0x00, 0x00, 0x00, 0x00, 0x00, 0x00, 0x00, 0x00, 0x00, 0x00, 0x00, 0x00, 0x00, 0x00, 0x00, 0x00, 0x00, 0x00, 0x00, 0x00, 0x00, 0x00, 0x00, 0x00, } },
  { .id = 917, .a = 324, .b = 286, .token = {'i', 'm', 'e', 'n', 't', 0x00, 0x00, 0x00, 0x00, 0x00, 0x00, 0x00, 0x00, 0x00, 0x00, 0x00, 0x00, 0x00, 0x00, 0x00, 0x00, 0x00, 0x00, 0x00, 0x00, 0x00, 0x00, 0x00, 0x00, 0x00, 0x00, 0x00, } },
  { .id = 918, .a = 780, .b = 660, .token = {' ', 'd', 'e', 's', 'c', 'r', 'i', 'b', 0x00, 0x00, 0x00, 0x00, 0x00, 0x00, 0x00, 0x00, 0x00, 0x00, 0x00, 0x00, 0x00, 0x00, 0x00, 0x00, 0x00, 0x00, 0x00, 0x00, 0x00, 0x00, 0x00, 0x00, } },
  { .id = 919, .a = 546, .b = 283, .token = {'a', 'i', 'l', 'e', 'd', 0x00, 0x00, 0x00, 0x00, 0x00, 0x00, 0x00, 0x00, 0x00, 0x00, 0x00, 0x00, 0x00, 0x00, 0x00, 0x00, 0x00, 0x00, 0x00, 0x00, 0x00, 0x00, 0x00, 0x00, 0x00, 0x00, 0x00, } },
  { .id = 920, .a = 332, .b = 429, .token = {' ', 'S', 't', 'e', 'p', 0x00, 0x00, 0x00, 0x00, 0x00, 0x00, 0x00, 0x00, 0x00, 0x00, 0x00, 0x00, 0x00, 0x00, 0x00, 0x00, 0x00, 0x00, 0x00, 0x00, 0x00, 0x00, 0x00, 0x00, 0x00, 0x00, 0x00, } },
  { .id = 921, .a = 276, .b = 283, .token = {'i', 't', 'e', 'd', 0x00, 0x00, 0x00, 0x00, 0x00, 0x00, 0x00, 0x00, 0x00, 0x00, 0x00, 0x00, 0x00, 0x00, 0x00, 0x00, 0x00, 0x00, 0x00, 0x00, 0x00, 0x00, 0x00, 0x00, 0x00, 0x00, 0x00, 0x00, } },
  { .id = 922, .a = 793, .b = 392, .token = {'A', 'n', 's', 'w', 'e', 'r', 0x00, 0x00, 0x00, 0x00, 0x00, 0x00, 0x00, 0x00, 0x00, 0x00, 0x00, 0x00, 0x00, 0x00, 0x00, 0x00, 0x00, 0x00, 0x00, 0x00, 0x00, 0x00, 0x00, 0x00, 0x00, 0x00, } },
  { .id = 923, .a = 459, .b = 116, .token = {' ', 'a', 't', 't', 0x00, 0x00, 0x00, 0x00, 0x00, 0x00, 0x00, 0x00, 0x00, 0x00, 0x00, 0x00, 0x00, 0x00, 0x00, 0x00, 0x00, 0x00, 0x00, 0x00, 0x00, 0x00, 0x00, 0x00, 0x00, 0x00, 0x00, 0x00, } },
  { .id = 924, .a = 104, .b = 593, .token = {'h', 'i', 'p', 0x00, 0x00, 0x00, 0x00, 0x00, 0x00, 0x00, 0x00, 0x00, 0x00, 0x00, 0x00, 0x00, 0x00, 0x00, 0x00, 0x00, 0x00, 0x00, 0x00, 0x00, 0x00, 0x00, 0x00, 0x00, 0x00, 0x00, 0x00, 0x00, } },
  { .id = 925, .a = 99, .b = 283, .token = {'c', 'e', 'd', 0x00, 0x00, 0x00, 0x00, 0x00, 0x00, 0x00, 0x00, 0x00, 0x00, 0x00, 0x00, 0x00, 0x00, 0x00, 0x00, 0x00, 0x00, 0x00, 0x00, 0x00, 0x00, 0x00, 0x00, 0x00, 0x00, 0x00, 0x00, 0x00, } },
  { .id = 926, .a = 258, .b = 110, .token = {'h', 'e', 'n', 0x00, 0x00, 0x00, 0x00, 0x00, 0x00, 0x00, 0x00, 0x00, 0x00, 0x00, 0x00, 0x00, 0x00, 0x00, 0x00, 0x00, 0x00, 0x00, 0x00, 0x00, 0x00, 0x00, 0x00, 0x00, 0x00, 0x00, 0x00, 0x00, } },
  { .id = 927, .a = 759, .b = 121, .token = {' ', 'k', 'e', 'y', 0x00, 0x00, 0x00, 0x00, 0x00, 0x00, 0x00, 0x00, 0x00, 0x00, 0x00, 0x00, 0x00, 0x00, 0x00, 0x00, 0x00, 0x00, 0x00, 0x00, 0x00, 0x00, 0x00, 0x00, 0x00, 0x00, 0x00, 0x00, } },
  { .id = 928, .a = 406, .b = 282, .token = {' ', 'v', 'a', 'l', 0x00, 0x00, 0x00, 0x00, 0x00, 0x00, 0x00, 0x00, 0x00, 0x00, 0x00, 0x00, 0x00, 0x00, 0x00, 0x00, 0x00, 0x00, 0x00, 0x00, 0x00, 0x00, 0x00, 0x00, 0x00, 0x00, 0x00, 0x00, } },
  { .id = 929, .a = 109, .b = 263, .token = {'m', 'e', 'r', 0x00, 0x00, 0x00, 0x00, 0x00, 0x00, 0x00, 0x00, 0x00, 0x00, 0x00, 0x00, 0x00, 0x00, 0x00, 0x00, 0x00, 0x00, 0x00, 0x00, 0x00, 0x00, 0x00, 0x00, 0x00, 0x00, 0x00, 0x00, 0x00, } },
  { .id = 930, .a = 381, .b = 413, .token = {' ', 's', 'u', 'p', 'p', 0x00, 0x00, 0x00, 0x00, 0x00, 0x00, 0x00, 0x00, 0x00, 0x00, 0x00, 0x00, 0x00, 0x00, 0x00, 0x00, 0x00, 0x00, 0x00, 0x00, 0x00, 0x00, 0x00, 0x00, 0x00, 0x00, 0x00, } },
  { .id = 931, .a = 427, .b = 577, .token = {' ', 'p', 'l', 'a', 'c', 'e', 0x00, 0x00, 0x00, 0x00, 0x00, 0x00, 0x00, 0x00, 0x00, 0x00, 0x00, 0x00, 0x00, 0x00, 0x00, 0x00, 0x00, 0x00, 0x00, 0x00, 0x00, 0x00, 0x00, 0x00, 0x00, 0x00, } },
  { .id = 932, .a = 291, .b = 615, .token = {' ', 'd', 'o', 'w', 'n', 0x00, 0x00, 0x00, 0x00, 0x00, 0x00, 0x00, 0x00, 0x00, 0x00, 0x00, 0x00, 0x00, 0x00, 0x00, 0x00, 0x00, 0x00, 0x00, 0x00, 0x00, 0x00, 0x00, 0x00, 0x00, 0x00, 0x00, } },
  { .id = 933, .a = 260, .b = 305, .token = {'i', 'n', 'c', 'e', 0x00, 0x00, 0x00, 0x00, 0x00, 0x00, 0x00, 0x00, 0x00, 0x00, 0x00, 0x00, 0x00, 0x00, 0x00, 0x00, 0x00, 0x00, 0x00, 0x00, 0x00, 0x00, 0x00, 0x00, 0x00, 0x00, 0x00, 0x00, } },
  { .id = 934, .a = 272, .b = 628, .token = {' ', 'o', 'p', 't', 'i', 'o', 'n', 's', 0x00, 0x00, 0x00, 0x00, 0x00, 0x00, 0x00, 0x00, 0x00, 0x00, 0x00, 0x00, 0x00, 0x00, 0x00, 0x00, 0x00, 0x00, 0x00, 0x00, 0x00, 0x00, 0x00, 0x00, } },
  { .id = 935, .a = 306, .b = 293, .token = {' ', 'e', 'l', 'e', 0x00, 0x00, 0x00, 0x00, 0x00, 0x00, 0x00, 0x00, 0x00, 0x00, 0x00, 0x00, 0x00, 0x00, 0x00, 0x00, 0x00, 0x00, 0x00, 0x00, 0x00, 0x00, 0x00, 0x00, 0x00, 0x00, 0x00, 0x00, } },
  { .id = 936, .a = 102, .b = 116, .token = {'f', 't', 0x00, 0x00, 0x00, 0x00, 0x00, 0x00, 0x00, 0x00, 0x00, 0x00, 0x00, 0x00, 0x00, 0x00, 0x00, 0x00, 0x00, 0x00, 0x00, 0x00, 0x00, 0x00, 0x00, 0x00, 0x00, 0x00, 0x00, 0x00, 0x00, 0x00, } },
  { .id = 937, .a = 312, .b = 313, .token = {' ', 'g', 'e', 't', 0x00, 0x00, 0x00, 0x00, 0x00, 0x00, 0x00, 0x00, 0x00, 0x00, 0x00, 0x00, 0x00, 0x00, 0x00, 0x00, 0x00, 0x00, 0x00, 0x00, 0x00, 0x00, 0x00, 0x00, 0x00, 0x00, 0x00, 0x00, } },
  { .id = 938, .a = 690, .b = 100, .token = {'c', 'o', 'n', 'd', 0x00, 0x00, 0x00, 0x00, 0x00, 0x00, 0x00, 0x00, 0x00, 0x00, 0x00, 0x00, 0x00, 0x00, 0x00, 0x00, 0x00, 0x00, 0x00, 0x00, 0x00, 0x00, 0x00, 0x00, 0x00, 0x00, 0x00, 0x00, } },
  { .id = 939, .a = 279, .b = 486, .token = {' ', 'f', 'a', 'c', 't', 0x00, 0x00, 0x00, 0x00, 0x00, 0x00, 0x00, 0x00, 0x00, 0x00, 0x00, 0x00, 0x00, 0x00, 0x00, 0x00, 0x00, 0x00, 0x00, 0x00, 0x00, 0x00, 0x00, 0x00, 0x00, 0x00, 0x00, } },
  { .id = 940, .a = 265, .b = 626, .token = {' ', 's', 'i', 'g', 'n', 0x00, 0x00, 0x00, 0x00, 0x00, 0x00, 0x00, 0x00, 0x00, 0x00, 0x00, 0x00, 0x00, 0x00, 0x00, 0x00, 0x00, 0x00, 0x00, 0x00, 0x00, 0x00, 0x00, 0x00, 0x00, 0x00, 0x00, } },
  { .id = 941, .a = 678, .b = 317, .token = {' ', 'k', 'n', 'o', 'w', 0x00, 0x00, 0x00, 0x00, 0x00, 0x00, 0x00, 0x00, 0x00, 0x00, 0x00, 0x00, 0x00, 0x00, 0x00, 0x00, 0x00, 0x00, 0x00, 0x00, 0x00, 0x00, 0x00, 0x00, 0x00, 0x00, 0x00, } },
  { .id = 942, .a = 747, .b = 281, .token = {' ', 'm', 'e', 'n', 't', 'i', 'o', 'n', 0x00, 0x00, 0x00, 0x00, 0x00, 0x00, 0x00, 0x00, 0x00, 0x00, 0x00, 0x00, 0x00, 0x00, 0x00, 0x00, 0x00, 0x00, 0x00, 0x00, 0x00, 0x00, 0x00, 0x00, } },
  { .id = 943, .a = 278, .b = 100, .token = {'o', 'r', 'd', 0x00, 0x00, 0x00, 0x00, 0x00, 0x00, 0x00, 0x00, 0x00, 0x00, 0x00, 0x00, 0x00, 0x00, 0x00, 0x00, 0x00, 0x00, 0x00, 0x00, 0x00, 0x00, 0x00, 0x00, 0x00, 0x00, 0x00, 0x00, 0x00, } },
  { .id = 944, .a = 313, .b = 104, .token = {'e', 't', 'h', 0x00, 0x00, 0x00, 0x00, 0x00, 0x00, 0x00, 0x00, 0x00, 0x00, 0x00, 0x00, 0x00, 0x00, 0x00, 0x00, 0x00, 0x00, 0x00, 0x00, 0x00, 0x00, 0x00, 0x00, 0x00, 0x00, 0x00, 0x00, 0x00, } },
  { .id = 945, .a = 279, .b = 337, .token = {' ', 'f', 'a', 'm', 0x00, 0x00, 0x00, 0x00, 0x00, 0x00, 0x00, 0x00, 0x00, 0x00, 0x00, 0x00, 0x00, 0x00, 0x00, 0x00, 0x00, 0x00, 0x00, 0x00, 0x00, 0x00, 0x00, 0x00, 0x00, 0x00, 0x00, 0x00, } },
  { .id = 946, .a = 279, .b = 108, .token = {' ', 'f', 'l', 0x00, 0x00, 0x00, 0x00, 0x00, 0x00, 0x00, 0x00, 0x00, 0x00, 0x00, 0x00, 0x00, 0x00, 0x00, 0x00, 0x00, 0x00, 0x00, 0x00, 0x00, 0x00, 0x00, 0x00, 0x00, 0x00, 0x00, 0x00, 0x00, } },
  { .id = 947, .a = 265, .b = 324, .token = {' ', 's', 'i', 'm', 0x00, 0x00, 0x00, 0x00, 0x00, 0x00, 0x00, 0x00, 0x00, 0x00, 0x00, 0x00, 0x00, 0x00, 0x00, 0x00, 0x00, 0x00, 0x00, 0x00, 0x00, 0x00, 0x00, 0x00, 0x00, 0x00, 0x00, 0x00, } },
  { .id = 948, .a = 98, .b = 121, .token = {'b', 'y', 0x00, 0x00, 0x00, 0x00, 0x00, 0x00, 0x00, 0x00, 0x00, 0x00, 0x00, 0x00, 0x00, 0x00, 0x00, 0x00, 0x00, 0x00, 0x00, 0x00, 0x00, 0x00, 0x00, 0x00, 0x00, 0x00, 0x00, 0x00, 0x00, 0x00, } },
  { .id = 949, .a = 79, .b = 628, .token = {'O', 'p', 't', 'i', 'o', 'n', 's', 0x00, 0x00, 0x00, 0x00, 0x00, 0x00, 0x00, 0x00, 0x00, 0x00, 0x00, 0x00, 0x00, 0x00, 0x00, 0x00, 0x00, 0x00, 0x00, 0x00, 0x00, 0x00, 0x00, 0x00, 0x00, } },
  { .id = 950, .a = 394, .b = 112, .token = {' ', 'e', 'x', 'p', 0x00, 0x00, 0x00, 0x00, 0x00, 0x00, 0x00, 0x00, 0x00, 0x00, 0x00, 0x00, 0x00, 0x00, 0x00, 0x00, 0x00, 0x00, 0x00, 0x00, 0x00, 0x00, 0x00, 0x00, 0x00, 0x00, 0x00, 0x00, } },
  { .id = 951, .a = 105, .b = 283, .token = {'i', 'e', 'd', 0x00, 0x00, 0x00, 0x00, 0x00, 0x00, 0x00, 0x00, 0x00, 0x00, 0x00, 0x00, 0x00, 0x00, 0x00, 0x00, 0x00, 0x00, 0x00, 0x00, 0x00, 0x00, 0x00, 0x00, 0x00, 0x00, 0x00, 0x00, 0x00, } },
  { .id = 952, .a = 346, .b = 727, .token = {' ', 'y', 'e', 'a', 'r', 0x00, 0x00, 0x00, 0x00, 0x00, 0x00, 0x00, 0x00, 0x00, 0x00, 0x00, 0x00, 0x00, 0x00, 0x00, 0x00, 0x00, 0x00, 0x00, 0x00, 0x00, 0x00, 0x00, 0x00, 0x00, 0x00, 0x00, } },
  { .id = 953, .a = 32, .b = 42, .token = {' ', '*', 0x00, 0x00, 0x00, 0x00, 0x00, 0x00, 0x00, 0x00, 0x00, 0x00, 0x00, 0x00, 0x00, 0x00, 0x00, 0x00, 0x00, 0x00, 0x00, 0x00, 0x00, 0x00, 0x00, 0x00, 0x00, 0x00, 0x00, 0x00, 0x00, 0x00, } },
  { .id = 954, .a = 394, .b = 480, .token = {' ', 'e', 'x', 'p', 'l', 0x00, 0x00, 0x00, 0x00, 0x00, 0x00, 0x00, 0x00, 0x00, 0x00, 0x00, 0x00, 0x00, 0x00, 0x00, 0x00, 0x00, 0x00, 0x00, 0x00, 0x00, 0x00, 0x00, 0x00, 0x00, 0x00, 0x00, } },
  { .id = 955, .a = 490, .b = 560, .token = {' ', 't', 'r', 'a', 'n', 's', 0x00, 0x00, 0x00, 0x00, 0x00, 0x00, 0x00, 0x00, 0x00, 0x00, 0x00, 0x00, 0x00, 0x00, 0x00, 0x00, 0x00, 0x00, 0x00, 0x00, 0x00, 0x00, 0x00, 0x00, 0x00, 0x00, } },
  { .id = 956, .a = 336, .b = 101, .token = {'i', 'f', 'e', 0x00, 0x00, 0x00, 0x00, 0x00, 0x00, 0x00, 0x00, 0x00, 0x00, 0x00, 0x00, 0x00, 0x00, 0x00, 0x00, 0x00, 0x00, 0x00, 0x00, 0x00, 0x00, 0x00, 0x00, 0x00, 0x00, 0x00, 0x00, 0x00, } },
  { .id = 957, .a = 105, .b = 111, .token = {'i', 'o', 0x00, 0x00, 0x00, 0x00, 0x00, 0x00, 0x00, 0x00, 0x00, 0x00, 0x00, 0x00, 0x00, 0x00, 0x00, 0x00, 0x00, 0x00, 0x00, 0x00, 0x00, 0x00, 0x00, 0x00, 0x00, 0x00, 0x00, 0x00, 0x00, 0x00, } },
  { .id = 958, .a = 522, .b = 101, .token = {'i', 'z', 'e', 0x00, 0x00, 0x00, 0x00, 0x00, 0x00, 0x00, 0x00, 0x00, 0x00, 0x00, 0x00, 0x00, 0x00, 0x00, 0x00, 0x00, 0x00, 0x00, 0x00, 0x00, 0x00, 0x00, 0x00, 0x00, 0x00, 0x00, 0x00, 0x00, } },
  { .id = 959, .a = 421, .b = 101, .token = {' ', 'H', 'e', 0x00, 0x00, 0x00, 0x00, 0x00, 0x00, 0x00, 0x00, 0x00, 0x00, 0x00, 0x00, 0x00, 0x00, 0x00, 0x00, 0x00, 0x00, 0x00, 0x00, 0x00, 0x00, 0x00, 0x00, 0x00, 0x00, 0x00, 0x00, 0x00, } },
  { .id = 960, .a = 118, .b = 270, .token = {'v', 'e', 's', 0x00, 0x00, 0x00, 0x00, 0x00, 0x00, 0x00, 0x00, 0x00, 0x00, 0x00, 0x00, 0x00, 0x00, 0x00, 0x00, 0x00, 0x00, 0x00, 0x00, 0x00, 0x00, 0x00, 0x00, 0x00, 0x00, 0x00, 0x00, 0x00, } },
  { .id = 961, .a = 265, .b = 97, .token = {' ', 's', 'a', 0x00, 0x00, 0x00, 0x00, 0x00, 0x00, 0x00, 0x00, 0x00, 0x00, 0x00, 0x00, 0x00, 0x00, 0x00, 0x00, 0x00, 0x00, 0x00, 0x00, 0x00, 0x00, 0x00, 0x00, 0x00, 0x00, 0x00, 0x00, 0x00, } },
  { .id = 962, .a = 260, .b = 282, .token = {'i', 'n', 'a', 'l', 0x00, 0x00, 0x00, 0x00, 0x00, 0x00, 0x00, 0x00, 0x00, 0x00, 0x00, 0x00, 0x00, 0x00, 0x00, 0x00, 0x00, 0x00, 0x00, 0x00, 0x00, 0x00, 0x00, 0x00, 0x00, 0x00, 0x00, 0x00, } },
  { .id = 963, .a = 320, .b = 100, .token = {'o', 'l', 'd', 0x00, 0x00, 0x00, 0x00, 0x00, 0x00, 0x00, 0x00, 0x00, 0x00, 0x00, 0x00, 0x00, 0x00, 0x00, 0x00, 0x00, 0x00, 0x00, 0x00, 0x00, 0x00, 0x00, 0x00, 0x00, 0x00, 0x00, 0x00, 0x00, } },
  { .id = 964, .a = 433, .b = 358, .token = {' ', 'l', 'e', 'a', 'd', 0x00, 0x00, 0x00, 0x00, 0x00, 0x00, 0x00, 0x00, 0x00, 0x00, 0x00, 0x00, 0x00, 0x00, 0x00, 0x00, 0x00, 0x00, 0x00, 0x00, 0x00, 0x00, 0x00, 0x00, 0x00, 0x00, 0x00, } },
  { .id = 965, .a = 284, .b = 323, .token = {' ', 'i', 'n', 's', 't', 0x00, 0x00, 0x00, 0x00, 0x00, 0x00, 0x00, 0x00, 0x00, 0x00, 0x00, 0x00, 0x00, 0x00, 0x00, 0x00, 0x00, 0x00, 0x00, 0x00, 0x00, 0x00, 0x00, 0x00, 0x00, 0x00, 0x00, } },
  { .id = 966, .a = 268, .b = 104, .token = {'a', 't', 'h', 0x00, 0x00, 0x00, 0x00, 0x00, 0x00, 0x00, 0x00, 0x00, 0x00, 0x00, 0x00, 0x00, 0x00, 0x00, 0x00, 0x00, 0x00, 0x00, 0x00, 0x00, 0x00, 0x00, 0x00, 0x00, 0x00, 0x00, 0x00, 0x00, } },
  { .id = 967, .a = 279, .b = 310, .token = {' ', 'f', 'i', 'l', 0x00, 0x00, 0x00, 0x00, 0x00, 0x00, 0x00, 0x00, 0x00, 0x00, 0x00, 0x00, 0x00, 0x00, 0x00, 0x00, 0x00, 0x00, 0x00, 0x00, 0x00, 0x00, 0x00, 0x00, 0x00, 0x00, 0x00, 0x00, } },
  { .id = 968, .a = 105, .b = 286, .token = {'i', 'e', 'n', 't', 0x00, 0x00, 0x00, 0x00, 0x00, 0x00, 0x00, 0x00, 0x00, 0x00, 0x00, 0x00, 0x00, 0x00, 0x00, 0x00, 0x00, 0x00, 0x00, 0x00, 0x00, 0x00, 0x00, 0x00, 0x00, 0x00, 0x00, 0x00, } },
  { .id = 969, .a = 103, .b = 271, .token = {'g', 'a', 'n', 0x00, 0x00, 0x00, 0x00, 0x00, 0x00, 0x00, 0x00, 0x00, 0x00, 0x00, 0x00, 0x00, 0x00, 0x00, 0x00, 0x00, 0x00, 0x00, 0x00, 0x00, 0x00, 0x00, 0x00, 0x00, 0x00, 0x00, 0x00, 0x00, } },
  { .id = 970, .a = 272, .b = 98, .token = {' ', 'o', 'b', 0x00, 0x00, 0x00, 0x00, 0x00, 0x00, 0x00, 0x00, 0x00, 0x00, 0x00, 0x00, 0x00, 0x00, 0x00, 0x00, 0x00, 0x00, 0x00, 0x00, 0x00, 0x00, 0x00, 0x00, 0x00, 0x00, 0x00, 0x00, 0x00, } },
  { .id = 971, .a = 465, .b = 99, .token = {' ', 'd', 'e', 'c', 0x00, 0x00, 0x00, 0x00, 0x00, 0x00, 0x00, 0x00, 0x00, 0x00, 0x00, 0x00, 0x00, 0x00, 0x00, 0x00, 0x00, 0x00, 0x00, 0x00, 0x00, 0x00, 0x00, 0x00, 0x00, 0x00, 0x00, 0x00, } },
  { .id = 972, .a = 304, .b = 103, .token = {' ', 'r', 'e', 'g', 0x00, 0x00, 0x00, 0x00, 0x00, 0x00, 0x00, 0x00, 0x00, 0x00, 0x00, 0x00, 0x00, 0x00, 0x00, 0x00, 0x00, 0x00, 0x00, 0x00, 0x00, 0x00, 0x00, 0x00, 0x00, 0x00, 0x00, 0x00, } },
  { .id = 973, .a = 461, .b = 458, .token = {' ', 'w', 'o', 'r', 'd', 's', 0x00, 0x00, 0x00, 0x00, 0x00, 0x00, 0x00, 0x00, 0x00, 0x00, 0x00, 0x00, 0x00, 0x00, 0x00, 0x00, 0x00, 0x00, 0x00, 0x00, 0x00, 0x00, 0x00, 0x00, 0x00, 0x00, } },
  { .id = 974, .a = 323, .b = 430, .token = {'s', 't', 'e', 'm', 0x00, 0x00, 0x00, 0x00, 0x00, 0x00, 0x00, 0x00, 0x00, 0x00, 0x00, 0x00, 0x00, 0x00, 0x00, 0x00, 0x00, 0x00, 0x00, 0x00, 0x00, 0x00, 0x00, 0x00, 0x00, 0x00, 0x00, 0x00, } },
  { .id = 975, .a = 258, .b = 100, .token = {'h', 'e', 'd', 0x00, 0x00, 0x00, 0x00, 0x00, 0x00, 0x00, 0x00, 0x00, 0x00, 0x00, 0x00, 0x00, 0x00, 0x00, 0x00, 0x00, 0x00, 0x00, 0x00, 0x00, 0x00, 0x00, 0x00, 0x00, 0x00, 0x00, 0x00, 0x00, } },
  { .id = 976, .a = 751, .b = 117, .token = {' ', 'Q', 'u', 0x00, 0x00, 0x00, 0x00, 0x00, 0x00, 0x00, 0x00, 0x00, 0x00, 0x00, 0x00, 0x00, 0x00, 0x00, 0x00, 0x00, 0x00, 0x00, 0x00, 0x00, 0x00, 0x00, 0x00, 0x00, 0x00, 0x00, 0x00, 0x00, } },
  { .id = 977, .a = 409, .b = 115, .token = {' ', 'p', 'r', 'e', 's', 0x00, 0x00, 0x00, 0x00, 0x00, 0x00, 0x00, 0x00, 0x00, 0x00, 0x00, 0x00, 0x00, 0x00, 0x00, 0x00, 0x00, 0x00, 0x00, 0x00, 0x00, 0x00, 0x00, 0x00, 0x00, 0x00, 0x00, } },
  { .id = 978, .a = 260, .b = 116, .token = {'i', 'n', 't', 0x00, 0x00, 0x00, 0x00, 0x00, 0x00, 0x00, 0x00, 0x00, 0x00, 0x00, 0x00, 0x00, 0x00, 0x00, 0x00, 0x00, 0x00, 0x00, 0x00, 0x00, 0x00, 0x00, 0x00, 0x00, 0x00, 0x00, 0x00, 0x00, } },
  { .id = 979, .a = 226, .b = 128, .token = {0xe2, 0x80, 0x00, 0x00, 0x00, 0x00, 0x00, 0x00, 0x00, 0x00, 0x00, 0x00, 0x00, 0x00, 0x00, 0x00, 0x00, 0x00, 0x00, 0x00, 0x00, 0x00, 0x00, 0x00, 0x00, 0x00, 0x00, 0x00, 0x00, 0x00, 0x00, 0x00, } },
  { .id = 980, .a = 103, .b = 114, .token = {'g', 'r', 0x00, 0x00, 0x00, 0x00, 0x00, 0x00, 0x00, 0x00, 0x00, 0x00, 0x00, 0x00, 0x00, 0x00, 0x00, 0x00, 0x00, 0x00, 0x00, 0x00, 0x00, 0x00, 0x00, 0x00, 0x00, 0x00, 0x00, 0x00, 0x00, 0x00, } },
  { .id = 981, .a = 265, .b = 107, .token = {' ', 's', 'k', 0x00, 0x00, 0x00, 0x00, 0x00, 0x00, 0x00, 0x00, 0x00, 0x00, 0x00, 0x00, 0x00, 0x00, 0x00, 0x00, 0x00, 0x00, 0x00, 0x00, 0x00, 0x00, 0x00, 0x00, 0x00, 0x00, 0x00, 0x00, 0x00, } },
  { .id = 982, .a = 479, .b = 307, .token = {'u', 's', 't', 'o', 'm', 0x00, 0x00, 0x00, 0x00, 0x00, 0x00, 0x00, 0x00, 0x00, 0x00, 0x00, 0x00, 0x00, 0x00, 0x00, 0x00, 0x00, 0x00, 0x00, 0x00, 0x00, 0x00, 0x00, 0x00, 0x00, 0x00, 0x00, } },
  { .id = 983, .a = 542, .b = 479, .token = {' ', 'j', 'u', 's', 't', 0x00, 0x00, 0x00, 0x00, 0x00, 0x00, 0x00, 0x00, 0x00, 0x00, 0x00, 0x00, 0x00, 0x00, 0x00, 0x00, 0x00, 0x00, 0x00, 0x00, 0x00, 0x00, 0x00, 0x00, 0x00, 0x00, 0x00, } },
  { .id = 984, .a = 304, .b = 112, .token = {' ', 'r', 'e', 'p', 0x00, 0x00, 0x00, 0x00, 0x00, 0x00, 0x00, 0x00, 0x00, 0x00, 0x00, 0x00, 0x00, 0x00, 0x00, 0x00, 0x00, 0x00, 0x00, 0x00, 0x00, 0x00, 0x00, 0x00, 0x00, 0x00, 0x00, 0x00, } },
  { .id = 985, .a = 340, .b = 282, .token = {'u', 'r', 'a', 'l', 0x00, 0x00, 0x00, 0x00, 0x00, 0x00, 0x00, 0x00, 0x00, 0x00, 0x00, 0x00, 0x00, 0x00, 0x00, 0x00, 0x00, 0x00, 0x00, 0x00, 0x00, 0x00, 0x00, 0x00, 0x00, 0x00, 0x00, 0x00, } },
  { .id = 986, .a = 279, .b = 387, .token = {' ', 'f', 'r', 'i', 0x00, 0x00, 0x00, 0x00, 0x00, 0x00, 0x00, 0x00, 0x00, 0x00, 0x00, 0x00, 0x00, 0x00, 0x00, 0x00, 0x00, 0x00, 0x00, 0x00, 0x00, 0x00, 0x00, 0x00, 0x00, 0x00, 0x00, 0x00, } },
  { .id = 987, .a = 330, .b = 102, .token = {' ', 'I', 'f', 0x00, 0x00, 0x00, 0x00, 0x00, 0x00, 0x00, 0x00, 0x00, 0x00, 0x00, 0x00, 0x00, 0x00, 0x00, 0x00, 0x00, 0x00, 0x00, 0x00, 0x00, 0x00, 0x00, 0x00, 0x00, 0x00, 0x00, 0x00, 0x00, } },
  { .id = 988, .a = 340, .b = 110, .token = {'u', 'r', 'n', 0x00, 0x00, 0x00, 0x00, 0x00, 0x00, 0x00, 0x00, 0x00, 0x00, 0x00, 0x00, 0x00, 0x00, 0x00, 0x00, 0x00, 0x00, 0x00, 0x00, 0x00, 0x00, 0x00, 0x00, 0x00, 0x00, 0x00, 0x00, 0x00, } },
  { .id = 989, .a = 279, .b = 357, .token = {' ', 'f', 'u', 'n', 0x00, 0x00, 0x00, 0x00, 0x00, 0x00, 0x00, 0x00, 0x00, 0x00, 0x00, 0x00, 0x00, 0x00, 0x00, 0x00, 0x00, 0x00, 0x00, 0x00, 0x00, 0x00, 0x00, 0x00, 0x00, 0x00, 0x00, 0x00, } },
  { .id = 990, .a = 328, .b = 316, .token = {' ', 'o', 'n', 'l', 'y', 0x00, 0x00, 0x00, 0x00, 0x00, 0x00, 0x00, 0x00, 0x00, 0x00, 0x00, 0x00, 0x00, 0x00, 0x00, 0x00, 0x00, 0x00, 0x00, 0x00, 0x00, 0x00, 0x00, 0x00, 0x00, 0x00, 0x00, } },
  { .id = 991, .a = 338, .b = 121, .token = {' ', 'T', 'h', 'e', 'y', 0x00, 0x00, 0x00, 0x00, 0x00, 0x00, 0x00, 0x00, 0x00, 0x00, 0x00, 0x00, 0x00, 0x00, 0x00, 0x00, 0x00, 0x00, 0x00, 0x00, 0x00, 0x00, 0x00, 0x00, 0x00, 0x00, 0x00, } },
  { .id = 992, .a = 48, .b = 48, .token = {'0', '0', 0x00, 0x00, 0x00, 0x00, 0x00, 0x00, 0x00, 0x00, 0x00, 0x00, 0x00, 0x00, 0x00, 0x00, 0x00, 0x00, 0x00, 0x00, 0x00, 0x00, 0x00, 0x00, 0x00, 0x00, 0x00, 0x00, 0x00, 0x00, 0x00, 0x00, } },
  { .id = 993, .a = 521, .b = 121, .token = {' ', 'm', 'a', 'n', 'y', 0x00, 0x00, 0x00, 0x00, 0x00, 0x00, 0x00, 0x00, 0x00, 0x00, 0x00, 0x00, 0x00, 0x00, 0x00, 0x00, 0x00, 0x00, 0x00, 0x00, 0x00, 0x00, 0x00, 0x00, 0x00, 0x00, 0x00, } },
  { .id = 994, .a = 332, .b = 764, .token = {' ', 'S', 'e', 'n', 't', 'e', 'n', 'c', 'e', 0x00, 0x00, 0x00, 0x00, 0x00, 0x00, 0x00, 0x00, 0x00, 0x00, 0x00, 0x00, 0x00, 0x00, 0x00, 0x00, 0x00, 0x00, 0x00, 0x00, 0x00, 0x00, 0x00, } },
  { .id = 995, .a = 287, .b = 460, .token = {' ', 'm', 'i', 'g', 'h', 't', 0x00, 0x00, 0x00, 0x00, 0x00, 0x00, 0x00, 0x00, 0x00, 0x00, 0x00, 0x00, 0x00, 0x00, 0x00, 0x00, 0x00, 0x00, 0x00, 0x00, 0x00, 0x00, 0x00, 0x00, 0x00, 0x00, } },
  { .id = 996, .a = 114, .b = 264, .token = {'r', 'e', 'n', 0x00, 0x00, 0x00, 0x00, 0x00, 0x00, 0x00, 0x00, 0x00, 0x00, 0x00, 0x00, 0x00, 0x00, 0x00, 0x00, 0x00, 0x00, 0x00, 0x00, 0x00, 0x00, 0x00, 0x00, 0x00, 0x00, 0x00, 0x00, 0x00, } },
  { .id = 997, .a = 454, .b = 444, .token = {' ', 's', 'h', 'o', 'u', 'l', 'd', 0x00, 0x00, 0x00, 0x00, 0x00, 0x00, 0x00, 0x00, 0x00, 0x00, 0x00, 0x00, 0x00, 0x00, 0x00, 0x00, 0x00, 0x00, 0x00, 0x00, 0x00, 0x00, 0x00, 0x00, 0x00, } },
  { .id = 998, .a = 666, .b = 732, .token = {' ', 'd', 'e', 't', 'e', 'r', 'm', 'i', 'n', 'e', 0x00, 0x00, 0x00, 0x00, 0x00, 0x00, 0x00, 0x00, 0x00, 0x00, 0x00, 0x00, 0x00, 0x00, 0x00, 0x00, 0x00, 0x00, 0x00, 0x00, 0x00, 0x00, } },
  { .id = 999, .a = 312, .b = 760, .token = {' ', 'g', 'e', 'n', 'e', 'r', 0x00, 0x00, 0x00, 0x00, 0x00, 0x00, 0x00, 0x00, 0x00, 0x00, 0x00, 0x00, 0x00, 0x00, 0x00, 0x00, 0x00, 0x00, 0x00, 0x00, 0x00, 0x00, 0x00, 0x00, 0x00, 0x00, } },
  { .id = 1000, .a = 291, .b = 898, .token = {' ', 'd', 'i', 'r', 'e', 'c', 't', 0x00, 0x00, 0x00, 0x00, 0x00, 0x00, 0x00, 0x00, 0x00, 0x00, 0x00, 0x00, 0x00, 0x00, 0x00, 0x00, 0x00, 0x00, 0x00, 0x00, 0x00, 0x00, 0x00, 0x00, 0x00, } },
  { .id = 1001, .a = 326, .b = 264, .token = {' ', 'b', 'e', 'e', 'n', 0x00, 0x00, 0x00, 0x00, 0x00, 0x00, 0x00, 0x00, 0x00, 0x00, 0x00, 0x00, 0x00, 0x00, 0x00, 0x00, 0x00, 0x00, 0x00, 0x00, 0x00, 0x00, 0x00, 0x00, 0x00, 0x00, 0x00, } },
  { .id = 1002, .a = 317, .b = 263, .token = {'o', 'w', 'e', 'r', 0x00, 0x00, 0x00, 0x00, 0x00, 0x00, 0x00, 0x00, 0x00, 0x00, 0x00, 0x00, 0x00, 0x00, 0x00, 0x00, 0x00, 0x00, 0x00, 0x00, 0x00, 0x00, 0x00, 0x00, 0x00, 0x00, 0x00, 0x00, } },
  { .id = 1003, .a = 121, .b = 115, .token = {'y', 's', 0x00, 0x00, 0x00, 0x00, 0x00, 0x00, 0x00, 0x00, 0x00, 0x00, 0x00, 0x00, 0x00, 0x00, 0x00, 0x00, 0x00, 0x00, 0x00, 0x00, 0x00, 0x00, 0x00, 0x00, 0x00, 0x00, 0x00, 0x00, 0x00, 0x00, } },
  { .id = 1004, .a = 259, .b = 99, .token = {' ', 'a', 'c', 0x00, 0x00, 0x00, 0x00, 0x00, 0x00, 0x00, 0x00, 0x00, 0x00, 0x00, 0x00, 0x00, 0x00, 0x00, 0x00, 0x00, 0x00, 0x00, 0x00, 0x00, 0x00, 0x00, 0x00, 0x00, 0x00, 0x00, 0x00, 0x00, } },
  { .id = 1005, .a = 273, .b = 485, .token = {' ', 'w', 'e', 'l', 'l', 0x00, 0x00, 0x00, 0x00, 0x00, 0x00, 0x00, 0x00, 0x00, 0x00, 0x00, 0x00, 0x00, 0x00, 0x00, 0x00, 0x00, 0x00, 0x00, 0x00, 0x00, 0x00, 0x00, 0x00, 0x00, 0x00, 0x00, } },
  { .id = 1006, .a = 265, .b = 340, .token = {' ', 's', 'u', 'r', 0x00, 0x00, 0x00, 0x00, 0x00, 0x00, 0x00, 0x00, 0x00, 0x00, 0x00, 0x00, 0x00, 0x00, 0x00, 0x00, 0x00, 0x00, 0x00, 0x00, 0x00, 0x00, 0x00, 0x00, 0x00, 0x00, 0x00, 0x00, } },
  { .id = 1007, .a = 87, .b = 104, .token = {'W', 'h', 0x00, 0x00, 0x00, 0x00, 0x00, 0x00, 0x00, 0x00, 0x00, 0x00, 0x00, 0x00, 0x00, 0x00, 0x00, 0x00, 0x00, 0x00, 0x00, 0x00, 0x00, 0x00, 0x00, 0x00, 0x00, 0x00, 0x00, 0x00, 0x00, 0x00, } },
  { .id = 1008, .a = 269, .b = 631, .token = {' ', 'c', 'o', 'u', 'n', 't', 0x00, 0x00, 0x00, 0x00, 0x00, 0x00, 0x00, 0x00, 0x00, 0x00, 0x00, 0x00, 0x00, 0x00, 0x00, 0x00, 0x00, 0x00, 0x00, 0x00, 0x00, 0x00, 0x00, 0x00, 0x00, 0x00, } },
  { .id = 1009, .a = 371, .b = 680, .token = {'r', 'a', 'p', 'h', 0x00, 0x00, 0x00, 0x00, 0x00, 0x00, 0x00, 0x00, 0x00, 0x00, 0x00, 0x00, 0x00, 0x00, 0x00, 0x00, 0x00, 0x00, 0x00, 0x00, 0x00, 0x00, 0x00, 0x00, 0x00, 0x00, 0x00, 0x00, } },
  { .id = 1010, .a = 119, .b = 110, .token = {'w', 'n', 0x00, 0x00, 0x00, 0x00, 0x00, 0x00, 0x00, 0x00, 0x00, 0x00, 0x00, 0x00, 0x00, 0x00, 0x00, 0x00, 0x00, 0x00, 0x00, 0x00, 0x00, 0x00, 0x00, 0x00, 0x00, 0x00, 0x00, 0x00, 0x00, 0x00, } },
  { .id = 1011, .a = 269, .b = 293, .token = {' ', 'c', 'l', 'e', 0x00, 0x00, 0x00, 0x00, 0x00, 0x00, 0x00, 0x00, 0x00, 0x00, 0x00, 0x00, 0x00, 0x00, 0x00, 0x00, 0x00, 0x00, 0x00, 0x00, 0x00, 0x00, 0x00, 0x00, 0x00, 0x00, 0x00, 0x00, } },
  { .id = 1012, .a = 274, .b = 320, .token = {' ', 'p', 'o', 'l', 0x00, 0x00, 0x00, 0x00, 0x00, 0x00, 0x00, 0x00, 0x00, 0x00, 0x00, 0x00, 0x00, 0x00, 0x00, 0x00, 0x00, 0x00, 0x00, 0x00, 0x00, 0x00, 0x00, 0x00, 0x00, 0x00, 0x00, 0x00, } },
  { .id = 1013, .a = 287, .b = 311, .token = {' ', 'm', 'u', 's', 0x00, 0x00, 0x00, 0x00, 0x00, 0x00, 0x00, 0x00, 0x00, 0x00, 0x00, 0x00, 0x00, 0x00, 0x00, 0x00, 0x00, 0x00, 0x00, 0x00, 0x00, 0x00, 0x00, 0x00, 0x00, 0x00, 0x00, 0x00, } },
  { .id = 1014, .a = 440, .b = 275, .token = {' ', 'u', 's', 'i', 'n', 'g', 0x00, 0x00, 0x00, 0x00, 0x00, 0x00, 0x00, 0x00, 0x00, 0x00, 0x00, 0x00, 0x00, 0x00, 0x00, 0x00, 0x00, 0x00, 0x00, 0x00, 0x00, 0x00, 0x00, 0x00, 0x00, 0x00, } },
  { .id = 1015, .a = 263, .b = 103, .token = {'e', 'r', 'g', 0x00, 0x00, 0x00, 0x00, 0x00, 0x00, 0x00, 0x00, 0x00, 0x00, 0x00, 0x00, 0x00, 0x00, 0x00, 0x00, 0x00, 0x00, 0x00, 0x00, 0x00, 0x00, 0x00, 0x00, 0x00, 0x00, 0x00, 0x00, 0x00, } },
  { .id = 1016, .a = 259, .b = 819, .token = {' ', 'a', 'f', 't', 'e', 'r', 0x00, 0x00, 0x00, 0x00, 0x00, 0x00, 0x00, 0x00, 0x00, 0x00, 0x00, 0x00, 0x00, 0x00, 0x00, 0x00, 0x00, 0x00, 0x00, 0x00, 0x00, 0x00, 0x00, 0x00, 0x00, 0x00, } },
  { .id = 1017, .a = 272, .b = 698, .token = {' ', 'o', 'p', 't', 'i', 'o', 'n', 0x00, 0x00, 0x00, 0x00, 0x00, 0x00, 0x00, 0x00, 0x00, 0x00, 0x00, 0x00, 0x00, 0x00, 0x00, 0x00, 0x00, 0x00, 0x00, 0x00, 0x00, 0x00, 0x00, 0x00, 0x00, } },
  { .id = 1018, .a = 437, .b = 938, .token = {' ', 's', 'e', 'c', 'o', 'n', 'd', 0x00, 0x00, 0x00, 0x00, 0x00, 0x00, 0x00, 0x00, 0x00, 0x00, 0x00, 0x00, 0x00, 0x00, 0x00, 0x00, 0x00, 0x00, 0x00, 0x00, 0x00, 0x00, 0x00, 0x00, 0x00, } },
  { .id = 1019, .a = 706, .b = 827, .token = {' ', 'c', 'o', 'n', 's', 'i', 'd', 'e', 'r', 0x00, 0x00, 0x00, 0x00, 0x00, 0x00, 0x00, 0x00, 0x00, 0x00, 0x00, 0x00, 0x00, 0x00, 0x00, 0x00, 0x00, 0x00, 0x00, 0x00, 0x00, 0x00, 0x00, } },
  { .id = 1020, .a = 259, .b = 318, .token = {' ', 'a', 's', 's', 0x00, 0x00, 0x00, 0x00, 0x00, 0x00, 0x00, 0x00, 0x00, 0x00, 0x00, 0x00, 0x00, 0x00, 0x00, 0x00, 0x00, 0x00, 0x00, 0x00, 0x00, 0x00, 0x00, 0x00, 0x00, 0x00, 0x00, 0x00, } },
  { .id = 1021, .a = 349, .b = 315, .token = {'i', 'v', 'i', 'd', 0x00, 0x00, 0x00, 0x00, 0x00, 0x00, 0x00, 0x00, 0x00, 0x00, 0x00, 0x00, 0x00, 0x00, 0x00, 0x00, 0x00, 0x00, 0x00, 0x00, 0x00, 0x00, 0x00, 0x00, 0x00, 0x00, 0x00, 0x00, } },
  { .id = 1022, .a = 294, .b = 115, .token = {'i', 'c', 's', 0x00, 0x00, 0x00, 0x00, 0x00, 0x00, 0x00, 0x00, 0x00, 0x00, 0x00, 0x00, 0x00, 0x00, 0x00, 0x00, 0x00, 0x00, 0x00, 0x00, 0x00, 0x00, 0x00, 0x00, 0x00, 0x00, 0x00, 0x00, 0x00, } },
  { .id = 1023, .a = 630, .b = 117, .token = {'a', 'n', 'g', 'u', 0x00, 0x00, 0x00, 0x00, 0x00, 0x00, 0x00, 0x00, 0x00, 0x00, 0x00, 0x00, 0x00, 0x00, 0x00, 0x00, 0x00, 0x00, 0x00, 0x00, 0x00, 0x00, 0x00, 0x00, 0x00, 0x00, 0x00, 0x00, } },
  { .id = 1024, .a = 304, .b = 323, .token = {' ', 'r', 'e', 's', 't', 0x00, 0x00, 0x00, 0x00, 0x00, 0x00, 0x00, 0x00, 0x00, 0x00, 0x00, 0x00, 0x00, 0x00, 0x00, 0x00, 0x00, 0x00, 0x00, 0x00, 0x00, 0x00, 0x00, 0x00, 0x00, 0x00, 0x00, } },
  { .id = 1025, .a = 285, .b = 112, .token = {'o', 'u', 'p', 0x00, 0x00, 0x00, 0x00, 0x00, 0x00, 0x00, 0x00, 0x00, 0x00, 0x00, 0x00, 0x00, 0x00, 0x00, 0x00, 0x00, 0x00, 0x00, 0x00, 0x00, 0x00, 0x00, 0x00, 0x00, 0x00, 0x00, 0x00, 0x00, } },
  { .id = 1026, .a = 264, .b = 103, .token = {'e', 'n', 'g', 0x00, 0x00, 0x00, 0x00, 0x00, 0x00, 0x00, 0x00, 0x00, 0x00, 0x00, 0x00, 0x00, 0x00, 0x00, 0x00, 0x00, 0x00, 0x00, 0x00, 0x00, 0x00, 0x00, 0x00, 0x00, 0x00, 0x00, 0x00, 0x00, } },
  { .id = 1027, .a = 384, .b = 359, .token = {'o', 'o', 's', 'e', 0x00, 0x00, 0x00, 0x00, 0x00, 0x00, 0x00, 0x00, 0x00, 0x00, 0x00, 0x00, 0x00, 0x00, 0x00, 0x00, 0x00, 0x00, 0x00, 0x00, 0x00, 0x00, 0x00, 0x00, 0x00, 0x00, 0x00, 0x00, } },
  { .id = 1028, .a = 585, .b = 467, .token = {' ', 'i', 'm', 'p', 'o', 'r', 't', 0x00, 0x00, 0x00, 0x00, 0x00, 0x00, 0x00, 0x00, 0x00, 0x00, 0x00, 0x00, 0x00, 0x00, 0x00, 0x00, 0x00, 0x00, 0x00, 0x00, 0x00, 0x00, 0x00, 0x00, 0x00, } },
  { .id = 1029, .a = 267, .b = 115, .token = {'i', 's', 's', 0x00, 0x00, 0x00, 0x00, 0x00, 0x00, 0x00, 0x00, 0x00, 0x00, 0x00, 0x00, 0x00, 0x00, 0x00, 0x00, 0x00, 0x00, 0x00, 0x00, 0x00, 0x00, 0x00, 0x00, 0x00, 0x00, 0x00, 0x00, 0x00, } },
  { .id = 1030, .a = 268, .b = 351, .token = {'a', 't', 'h', 'e', 'r', 0x00, 0x00, 0x00, 0x00, 0x00, 0x00, 0x00, 0x00, 0x00, 0x00, 0x00, 0x00, 0x00, 0x00, 0x00, 0x00, 0x00, 0x00, 0x00, 0x00, 0x00, 0x00, 0x00, 0x00, 0x00, 0x00, 0x00, } },
  { .id = 1031, .a = 398, .b = 525, .token = {' ', 'm', 'o', 'v', 'i', 'e', 0x00, 0x00, 0x00, 0x00, 0x00, 0x00, 0x00, 0x00, 0x00, 0x00, 0x00, 0x00, 0x00, 0x00, 0x00, 0x00, 0x00, 0x00, 0x00, 0x00, 0x00, 0x00, 0x00, 0x00, 0x00, 0x00, } },
  { .id = 1032, .a = 269, .b = 982, .token = {' ', 'c', 'u', 's', 't', 'o', 'm', 0x00, 0x00, 0x00, 0x00, 0x00, 0x00, 0x00, 0x00, 0x00, 0x00, 0x00, 0x00, 0x00, 0x00, 0x00, 0x00, 0x00, 0x00, 0x00, 0x00, 0x00, 0x00, 0x00, 0x00, 0x00, } },
  { .id = 1033, .a = 661, .b = 616, .token = {' ', 's', 'p', 'e', 'c', 'i', 'f', 'i', 'c', 0x00, 0x00, 0x00, 0x00, 0x00, 0x00, 0x00, 0x00, 0x00, 0x00, 0x00, 0x00, 0x00, 0x00, 0x00, 0x00, 0x00, 0x00, 0x00, 0x00, 0x00, 0x00, 0x00, } },
  { .id = 1034, .a = 271, .b = 121, .token = {'a', 'n', 'y', 0x00, 0x00, 0x00, 0x00, 0x00, 0x00, 0x00, 0x00, 0x00, 0x00, 0x00, 0x00, 0x00, 0x00, 0x00, 0x00, 0x00, 0x00, 0x00, 0x00, 0x00, 0x00, 0x00, 0x00, 0x00, 0x00, 0x00, 0x00, 0x00, } },
  { .id = 1035, .a = 287, .b = 121, .token = {' ', 'm', 'y', 0x00, 0x00, 0x00, 0x00, 0x00, 0x00, 0x00, 0x00, 0x00, 0x00, 0x00, 0x00, 0x00, 0x00, 0x00, 0x00, 0x00, 0x00, 0x00, 0x00, 0x00, 0x00, 0x00, 0x00, 0x00, 0x00, 0x00, 0x00, 0x00, } },
  { .id = 1036, .a = 276, .b = 115, .token = {'i', 't', 's', 0x00, 0x00, 0x00, 0x00, 0x00, 0x00, 0x00, 0x00, 0x00, 0x00, 0x00, 0x00, 0x00, 0x00, 0x00, 0x00, 0x00, 0x00, 0x00, 0x00, 0x00, 0x00, 0x00, 0x00, 0x00, 0x00, 0x00, 0x00, 0x00, } },
  { .id = 1037, .a = 269, .b = 436, .token = {' ', 'c', 'a', 'l', 'l', 0x00, 0x00, 0x00, 0x00, 0x00, 0x00, 0x00, 0x00, 0x00, 0x00, 0x00, 0x00, 0x00, 0x00, 0x00, 0x00, 0x00, 0x00, 0x00, 0x00, 0x00, 0x00, 0x00, 0x00, 0x00, 0x00, 0x00, } },
  { .id = 1038, .a = 284, .b = 587, .token = {' ', 'i', 'n', 'c', 'l', 'u', 'd', 0x00, 0x00, 0x00, 0x00, 0x00, 0x00, 0x00, 0x00, 0x00, 0x00, 0x00, 0x00, 0x00, 0x00, 0x00, 0x00, 0x00, 0x00, 0x00, 0x00, 0x00, 0x00, 0x00, 0x00, 0x00, } },
  { .id = 1039, .a = 290, .b = 115, .token = {'a', 'r', 's', 0x00, 0x00, 0x00, 0x00, 0x00, 0x00, 0x00, 0x00, 0x00, 0x00, 0x00, 0x00, 0x00, 0x00, 0x00, 0x00, 0x00, 0x00, 0x00, 0x00, 0x00, 0x00, 0x00, 0x00, 0x00, 0x00, 0x00, 0x00, 0x00, } },
  { .id = 1040, .a = 349, .b = 348, .token = {'i', 'v', 'e', 'r', 's', 0x00, 0x00, 0x00, 0x00, 0x00, 0x00, 0x00, 0x00, 0x00, 0x00, 0x00, 0x00, 0x00, 0x00, 0x00, 0x00, 0x00, 0x00, 0x00, 0x00, 0x00, 0x00, 0x00, 0x00, 0x00, 0x00, 0x00, } },
  { .id = 1041, .a = 741, .b = 672, .token = {' ', 's', 'u', 'b', 'j', 'e', 'c', 't', 0x00, 0x00, 0x00, 0x00, 0x00, 0x00, 0x00, 0x00, 0x00, 0x00, 0x00, 0x00, 0x00, 0x00, 0x00, 0x00, 0x00, 0x00, 0x00, 0x00, 0x00, 0x00, 0x00, 0x00, } },
  { .id = 1042, .a = 108, .b = 294, .token = {'l', 'i', 'c', 0x00, 0x00, 0x00, 0x00, 0x00, 0x00, 0x00, 0x00, 0x00, 0x00, 0x00, 0x00, 0x00, 0x00, 0x00, 0x00, 0x00, 0x00, 0x00, 0x00, 0x00, 0x00, 0x00, 0x00, 0x00, 0x00, 0x00, 0x00, 0x00, } },
  { .id = 1043, .a = 431, .b = 313, .token = {' ', 'D', 'e', 't', 0x00, 0x00, 0x00, 0x00, 0x00, 0x00, 0x00, 0x00, 0x00, 0x00, 0x00, 0x00, 0x00, 0x00, 0x00, 0x00, 0x00, 0x00, 0x00, 0x00, 0x00, 0x00, 0x00, 0x00, 0x00, 0x00, 0x00, 0x00, } },
  { .id = 1044, .a = 758, .b = 855, .token = {' ', 'u', 'n', 'd', 'e', 'r', 's', 't', 'a', 'n', 'd', 0x00, 0x00, 0x00, 0x00, 0x00, 0x00, 0x00, 0x00, 0x00, 0x00, 0x00, 0x00, 0x00, 0x00, 0x00, 0x00, 0x00, 0x00, 0x00, 0x00, 0x00, } },
  { .id = 1045, .a = 265, .b = 313, .token = {' ', 's', 'e', 't', 0x00, 0x00, 0x00, 0x00, 0x00, 0x00, 0x00, 0x00, 0x00, 0x00, 0x00, 0x00, 0x00, 0x00, 0x00, 0x00, 0x00, 0x00, 0x00, 0x00, 0x00, 0x00, 0x00, 0x00, 0x00, 0x00, 0x00, 0x00, } },
  { .id = 1046, .a = 308, .b = 1023, .token = {' ', 'l', 'a', 'n', 'g', 'u', 0x00, 0x00, 0x00, 0x00, 0x00, 0x00, 0x00, 0x00, 0x00, 0x00, 0x00, 0x00, 0x00, 0x00, 0x00, 0x00, 0x00, 0x00, 0x00, 0x00, 0x00, 0x00, 0x00, 0x00, 0x00, 0x00, } },
  { .id = 1047, .a = 110, .b = 303, .token = {'n', 'o', 't', 0x00, 0x00, 0x00, 0x00, 0x00, 0x00, 0x00, 0x00, 0x00, 0x00, 0x00, 0x00, 0x00, 0x00, 0x00, 0x00, 0x00, 0x00, 0x00, 0x00, 0x00, 0x00, 0x00, 0x00, 0x00, 0x00, 0x00, 0x00, 0x00, } },
  { .id = 1048, .a = 304, .b = 293, .token = {' ', 'r', 'e', 'l', 'e', 0x00, 0x00, 0x00, 0x00, 0x00, 0x00, 0x00, 0x00, 0x00, 0x00, 0x00, 0x00, 0x00, 0x00, 0x00, 0x00, 0x00, 0x00, 0x00, 0x00, 0x00, 0x00, 0x00, 0x00, 0x00, 0x00, 0x00, } },
  { .id = 1049, .a = 331, .b = 100, .token = {' ', 'A', 'd', 0x00, 0x00, 0x00, 0x00, 0x00, 0x00, 0x00, 0x00, 0x00, 0x00, 0x00, 0x00, 0x00, 0x00, 0x00, 0x00, 0x00, 0x00, 0x00, 0x00, 0x00, 0x00, 0x00, 0x00, 0x00, 0x00, 0x00, 0x00, 0x00, } },
  { .id = 1050, .a = 633, .b = 441, .token = {' ', 'p', 'e', 'r', 'f', 'o', 'r', 'm', 0x00, 0x00, 0x00, 0x00, 0x00, 0x00, 0x00, 0x00, 0x00, 0x00, 0x00, 0x00, 0x00, 0x00, 0x00, 0x00, 0x00, 0x00, 0x00, 0x00, 0x00, 0x00, 0x00, 0x00, } },
  { .id = 1051, .a = 295, .b = 270, .token = {'a', 's', 'e', 's', 0x00, 0x00, 0x00, 0x00, 0x00, 0x00, 0x00, 0x00, 0x00, 0x00, 0x00, 0x00, 0x00, 0x00, 0x00, 0x00, 0x00, 0x00, 0x00, 0x00, 0x00, 0x00, 0x00, 0x00, 0x00, 0x00, 0x00, 0x00, } },
  { .id = 1052, .a = 322, .b = 115, .token = {'a', 'n', 't', 's', 0x00, 0x00, 0x00, 0x00, 0x00, 0x00, 0x00, 0x00, 0x00, 0x00, 0x00, 0x00, 0x00, 0x00, 0x00, 0x00, 0x00, 0x00, 0x00, 0x00, 0x00, 0x00, 0x00, 0x00, 0x00, 0x00, 0x00, 0x00, } },
  { .id = 1053, .a = 101, .b = 119, .token = {'e', 'w', 0x00, 0x00, 0x00, 0x00, 0x00, 0x00, 0x00, 0x00, 0x00, 0x00, 0x00, 0x00, 0x00, 0x00, 0x00, 0x00, 0x00, 0x00, 0x00, 0x00, 0x00, 0x00, 0x00, 0x00, 0x00, 0x00, 0x00, 0x00, 0x00, 0x00, } },
  { .id = 1054, .a = 331, .b = 108, .token = {' ', 'A', 'l', 0x00, 0x00, 0x00, 0x00, 0x00, 0x00, 0x00, 0x00, 0x00, 0x00, 0x00, 0x00, 0x00, 0x00, 0x00, 0x00, 0x00, 0x00, 0x00, 0x00, 0x00, 0x00, 0x00, 0x00, 0x00, 0x00, 0x00, 0x00, 0x00, } },
  { .id = 1055, .a = 379, .b = 917, .token = {' ', 's', 'e', 'n', 't', 'i', 'm', 'e', 'n', 't', 0x00, 0x00, 0x00, 0x00, 0x00, 0x00, 0x00, 0x00, 0x00, 0x00, 0x00, 0x00, 0x00, 0x00, 0x00, 0x00, 0x00, 0x00, 0x00, 0x00, 0x00, 0x00, } },
  { .id = 1056, .a = 114, .b = 588, .token = {'r', 'i', 't', 'e', 0x00, 0x00, 0x00, 0x00, 0x00, 0x00, 0x00, 0x00, 0x00, 0x00, 0x00, 0x00, 0x00, 0x00, 0x00, 0x00, 0x00, 0x00, 0x00, 0x00, 0x00, 0x00, 0x00, 0x00, 0x00, 0x00, 0x00, 0x00, } },
  { .id = 1057, .a = 111, .b = 323, .token = {'o', 's', 't', 0x00, 0x00, 0x00, 0x00, 0x00, 0x00, 0x00, 0x00, 0x00, 0x00, 0x00, 0x00, 0x00, 0x00, 0x00, 0x00, 0x00, 0x00, 0x00, 0x00, 0x00, 0x00, 0x00, 0x00, 0x00, 0x00, 0x00, 0x00, 0x00, } },
  { .id = 1058, .a = 266, .b = 100, .token = {'r', 'e', 'd', 0x00, 0x00, 0x00, 0x00, 0x00, 0x00, 0x00, 0x00, 0x00, 0x00, 0x00, 0x00, 0x00, 0x00, 0x00, 0x00, 0x00, 0x00, 0x00, 0x00, 0x00, 0x00, 0x00, 0x00, 0x00, 0x00, 0x00, 0x00, 0x00, } },
  { .id = 1059, .a = 620, .b = 270, .token = {' ', 'Y', 'e', 's', 0x00, 0x00, 0x00, 0x00, 0x00, 0x00, 0x00, 0x00, 0x00, 0x00, 0x00, 0x00, 0x00, 0x00, 0x00, 0x00, 0x00, 0x00, 0x00, 0x00, 0x00, 0x00, 0x00, 0x00, 0x00, 0x00, 0x00, 0x00, } },
  { .id = 1060, .a = 99, .b = 263, .token = {'c', 'e', 'r', 0x00, 0x00, 0x00, 0x00, 0x00, 0x00, 0x00, 0x00, 0x00, 0x00, 0x00, 0x00, 0x00, 0x00, 0x00, 0x00, 0x00, 0x00, 0x00, 0x00, 0x00, 0x00, 0x00, 0x00, 0x00, 0x00, 0x00, 0x00, 0x00, } },
  { .id = 1061, .a = 489, .b = 111, .token = {' ', 'N', 'o', 0x00, 0x00, 0x00, 0x00, 0x00, 0x00, 0x00, 0x00, 0x00, 0x00, 0x00, 0x00, 0x00, 0x00, 0x00, 0x00, 0x00, 0x00, 0x00, 0x00, 0x00, 0x00, 0x00, 0x00, 0x00, 0x00, 0x00, 0x00, 0x00, } },
  { .id = 1062, .a = 274, .b = 303, .token = {' ', 'p', 'o', 't', 0x00, 0x00, 0x00, 0x00, 0x00, 0x00, 0x00, 0x00, 0x00, 0x00, 0x00, 0x00, 0x00, 0x00, 0x00, 0x00, 0x00, 0x00, 0x00, 0x00, 0x00, 0x00, 0x00, 0x00, 0x00, 0x00, 0x00, 0x00, } },
  { .id = 1063, .a = 303, .b = 351, .token = {'o', 't', 'h', 'e', 'r', 0x00, 0x00, 0x00, 0x00, 0x00, 0x00, 0x00, 0x00, 0x00, 0x00, 0x00, 0x00, 0x00, 0x00, 0x00, 0x00, 0x00, 0x00, 0x00, 0x00, 0x00, 0x00, 0x00, 0x00, 0x00, 0x00, 0x00, } },
  { .id = 1064, .a = 462, .b = 484, .token = {' ', 'G', 'i', 'v', 'e', 'n', 0x00, 0x00, 0x00, 0x00, 0x00, 0x00, 0x00, 0x00, 0x00, 0x00, 0x00, 0x00, 0x00, 0x00, 0x00, 0x00, 0x00, 0x00, 0x00, 0x00, 0x00, 0x00, 0x00, 0x00, 0x00, 0x00, } },
  { .id = 1065, .a = 354, .b = 262, .token = {' ', 'C', 'o', 'n', 0x00, 0x00, 0x00, 0x00, 0x00, 0x00, 0x00, 0x00, 0x00, 0x00, 0x00, 0x00, 0x00, 0x00, 0x00, 0x00, 0x00, 0x00, 0x00, 0x00, 0x00, 0x00, 0x00, 0x00, 0x00, 0x00, 0x00, 0x00, } },
  { .id = 1066, .a = 280, .b = 114, .token = {' ', 'b', 'r', 0x00, 0x00, 0x00, 0x00, 0x00, 0x00, 0x00, 0x00, 0x00, 0x00, 0x00, 0x00, 0x00, 0x00, 0x00, 0x00, 0x00, 0x00, 0x00, 0x00, 0x00, 0x00, 0x00, 0x00, 0x00, 0x00, 0x00, 0x00, 0x00, } },
  { .id = 1067, .a = 319, .b = 581, .token = {' ', 's', 't', 'a', 't', 'e', 's', 0x00, 0x00, 0x00, 0x00, 0x00, 0x00, 0x00, 0x00, 0x00, 0x00, 0x00, 0x00, 0x00, 0x00, 0x00, 0x00, 0x00, 0x00, 0x00, 0x00, 0x00, 0x00, 0x00, 0x00, 0x00, } },
  { .id = 1068, .a = 299, .b = 397, .token = {' ', 'h', 'u', 'm', 0x00, 0x00, 0x00, 0x00, 0x00, 0x00, 0x00, 0x00, 0x00, 0x00, 0x00, 0x00, 0x00, 0x00, 0x00, 0x00, 0x00, 0x00, 0x00, 0x00, 0x00, 0x00, 0x00, 0x00, 0x00, 0x00, 0x00, 0x00, } },
  { .id = 1069, .a = 261, .b = 110, .token = {' ', 't', 'h', 'e', 'n', 0x00, 0x00, 0x00, 0x00, 0x00, 0x00, 0x00, 0x00, 0x00, 0x00, 0x00, 0x00, 0x00, 0x00, 0x00, 0x00, 0x00, 0x00, 0x00, 0x00, 0x00, 0x00, 0x00, 0x00, 0x00, 0x00, 0x00, } },
  { .id = 1070, .a = 265, .b = 345, .token = {' ', 's', 'a', 'y', 0x00, 0x00, 0x00, 0x00, 0x00, 0x00, 0x00, 0x00, 0x00, 0x00, 0x00, 0x00, 0x00, 0x00, 0x00, 0x00, 0x00, 0x00, 0x00, 0x00, 0x00, 0x00, 0x00, 0x00, 0x00, 0x00, 0x00, 0x00, } },
  { .id = 1071, .a = 116, .b = 293, .token = {'t', 'l', 'e', 0x00, 0x00, 0x00, 0x00, 0x00, 0x00, 0x00, 0x00, 0x00, 0x00, 0x00, 0x00, 0x00, 0x00, 0x00, 0x00, 0x00, 0x00, 0x00, 0x00, 0x00, 0x00, 0x00, 0x00, 0x00, 0x00, 0x00, 0x00, 0x00, } },
  { .id = 1072, .a = 649, .b = 298, .token = {' ', 'a', 'p', 'p', 'r', 'o', 0x00, 0x00, 0x00, 0x00, 0x00, 0x00, 0x00, 0x00, 0x00, 0x00, 0x00, 0x00, 0x00, 0x00, 0x00, 0x00, 0x00, 0x00, 0x00, 0x00, 0x00, 0x00, 0x00, 0x00, 0x00, 0x00, } },
  { .id = 1073, .a = 290, .b = 275, .token = {'a', 'r', 'i', 'n', 'g', 0x00, 0x00, 0x00, 0x00, 0x00, 0x00, 0x00, 0x00, 0x00, 0x00, 0x00, 0x00, 0x00, 0x00, 0x00, 0x00, 0x00, 0x00, 0x00, 0x00, 0x00, 0x00, 0x00, 0x00, 0x00, 0x00, 0x00, } },
  { .id = 1074, .a = 646, .b = 347, .token = {' ', 'f', 'e', 'e', 'l', 0x00, 0x00, 0x00, 0x00, 0x00, 0x00, 0x00, 0x00, 0x00, 0x00, 0x00, 0x00, 0x00, 0x00, 0x00, 0x00, 0x00, 0x00, 0x00, 0x00, 0x00, 0x00, 0x00, 0x00, 0x00, 0x00, 0x00, } },
  { .id = 1075, .a = 260, .b = 377, .token = {'i', 'n', 'e', 's', 's', 0x00, 0x00, 0x00, 0x00, 0x00, 0x00, 0x00, 0x00, 0x00, 0x00, 0x00, 0x00, 0x00, 0x00, 0x00, 0x00, 0x00, 0x00, 0x00, 0x00, 0x00, 0x00, 0x00, 0x00, 0x00, 0x00, 0x00, } },
  { .id = 1076, .a = 967, .b = 109, .token = {' ', 'f', 'i', 'l', 'm', 0x00, 0x00, 0x00, 0x00, 0x00, 0x00, 0x00, 0x00, 0x00, 0x00, 0x00, 0x00, 0x00, 0x00, 0x00, 0x00, 0x00, 0x00, 0x00, 0x00, 0x00, 0x00, 0x00, 0x00, 0x00, 0x00, 0x00, } },
  { .id = 1077, .a = 291, .b = 114, .token = {' ', 'd', 'r', 0x00, 0x00, 0x00, 0x00, 0x00, 0x00, 0x00, 0x00, 0x00, 0x00, 0x00, 0x00, 0x00, 0x00, 0x00, 0x00, 0x00, 0x00, 0x00, 0x00, 0x00, 0x00, 0x00, 0x00, 0x00, 0x00, 0x00, 0x00, 0x00, } },
  { .id = 1078, .a = 320, .b = 579, .token = {'o', 'l', 'o', 'g', 0x00, 0x00, 0x00, 0x00, 0x00, 0x00, 0x00, 0x00, 0x00, 0x00, 0x00, 0x00, 0x00, 0x00, 0x00, 0x00, 0x00, 0x00, 0x00, 0x00, 0x00, 0x00, 0x00, 0x00, 0x00, 0x00, 0x00, 0x00, } },
  { .id = 1079, .a = 304, .b = 102, .token = {' ', 'r', 'e', 'f', 0x00, 0x00, 0x00, 0x00, 0x00, 0x00, 0x00, 0x00, 0x00, 0x00, 0x00, 0x00, 0x00, 0x00, 0x00, 0x00, 0x00, 0x00, 0x00, 0x00, 0x00, 0x00, 0x00, 0x00, 0x00, 0x00, 0x00, 0x00, } },
  { .id = 1080, .a = 257, .b = 887, .token = {' ', 't', 'a', 's', 'k', 0x00, 0x00, 0x00, 0x00, 0x00, 0x00, 0x00, 0x00, 0x00, 0x00, 0x00, 0x00, 0x00, 0x00, 0x00, 0x00, 0x00, 0x00, 0x00, 0x00, 0x00, 0x00, 0x00, 0x00, 0x00, 0x00, 0x00, } },
  { .id = 1081, .a = 791, .b = 320, .token = {' ', 'i', 'n', 'v', 'o', 'l', 0x00, 0x00, 0x00, 0x00, 0x00, 0x00, 0x00, 0x00, 0x00, 0x00, 0x00, 0x00, 0x00, 0x00, 0x00, 0x00, 0x00, 0x00, 0x00, 0x00, 0x00, 0x00, 0x00, 0x00, 0x00, 0x00, } },
  { .id = 1082, .a = 110, .b = 377, .token = {'n', 'e', 's', 's', 0x00, 0x00, 0x00, 0x00, 0x00, 0x00, 0x00, 0x00, 0x00, 0x00, 0x00, 0x00, 0x00, 0x00, 0x00, 0x00, 0x00, 0x00, 0x00, 0x00, 0x00, 0x00, 0x00, 0x00, 0x00, 0x00, 0x00, 0x00, } },
  { .id = 1083, .a = 257, .b = 530, .token = {' ', 't', 'e', 'r', 'm', 0x00, 0x00, 0x00, 0x00, 0x00, 0x00, 0x00, 0x00, 0x00, 0x00, 0x00, 0x00, 0x00, 0x00, 0x00, 0x00, 0x00, 0x00, 0x00, 0x00, 0x00, 0x00, 0x00, 0x00, 0x00, 0x00, 0x00, } },
  { .id = 1084, .a = 117, .b = 270, .token = {'u', 'e', 's', 0x00, 0x00, 0x00, 0x00, 0x00, 0x00, 0x00, 0x00, 0x00, 0x00, 0x00, 0x00, 0x00, 0x00, 0x00, 0x00, 0x00, 0x00, 0x00, 0x00, 0x00, 0x00, 0x00, 0x00, 0x00, 0x00, 0x00, 0x00, 0x00, } },
  { .id = 1085, .a = 654, .b = 99, .token = {' ', 'd', 'i', 's', 'c', 0x00, 0x00, 0x00, 0x00, 0x00, 0x00, 0x00, 0x00, 0x00, 0x00, 0x00, 0x00, 0x00, 0x00, 0x00, 0x00, 0x00, 0x00, 0x00, 0x00, 0x00, 0x00, 0x00, 0x00, 0x00, 0x00, 0x00, } },
  { .id = 1086, .a = 907, .b = 486, .token = {' ', 'c', 'h', 'a', 'r', 'a', 'c', 't', 0x00, 0x00, 0x00, 0x00, 0x00, 0x00, 0x00, 0x00, 0x00, 0x00, 0x00, 0x00, 0x00, 0x00, 0x00, 0x00, 0x00, 0x00, 0x00, 0x00, 0x00, 0x00, 0x00, 0x00, } },
  { .id = 1087, .a = 332, .b = 111, .token = {' ', 'S', 'o', 0x00, 0x00, 0x00, 0x00, 0x00, 0x00, 0x00, 0x00, 0x00, 0x00, 0x00, 0x00, 0x00, 0x00, 0x00, 0x00, 0x00, 0x00, 0x00, 0x00, 0x00, 0x00, 0x00, 0x00, 0x00, 0x00, 0x00, 0x00, 0x00, } },
  { .id = 1088, .a = 770, .b = 341, .token = {'g', 'g', 'e', 's', 't', 0x00, 0x00, 0x00, 0x00, 0x00, 0x00, 0x00, 0x00, 0x00, 0x00, 0x00, 0x00, 0x00, 0x00, 0x00, 0x00, 0x00, 0x00, 0x00, 0x00, 0x00, 0x00, 0x00, 0x00, 0x00, 0x00, 0x00, } },
  { .id = 1089, .a = 265, .b = 876, .token = {' ', 's', 'e', 'n', 's', 'e', 0x00, 0x00, 0x00, 0x00, 0x00, 0x00, 0x00, 0x00, 0x00, 0x00, 0x00, 0x00, 0x00, 0x00, 0x00, 0x00, 0x00, 0x00, 0x00, 0x00, 0x00, 0x00, 0x00, 0x00, 0x00, 0x00, } },
  { .id = 1090, .a = 308, .b = 553, .token = {' ', 'l', 'o', 'n', 'g', 0x00, 0x00, 0x00, 0x00, 0x00, 0x00, 0x00, 0x00, 0x00, 0x00, 0x00, 0x00, 0x00, 0x00, 0x00, 0x00, 0x00, 0x00, 0x00, 0x00, 0x00, 0x00, 0x00, 0x00, 0x00, 0x00, 0x00, } },
  { .id = 1091, .a = 423, .b = 32, .token = {' ', ' ', ' ', 0x00, 0x00, 0x00, 0x00, 0x00, 0x00, 0x00, 0x00, 0x00, 0x00, 0x00, 0x00, 0x00, 0x00, 0x00, 0x00, 0x00, 0x00, 0x00, 0x00, 0x00, 0x00, 0x00, 0x00, 0x00, 0x00, 0x00, 0x00, 0x00, } },
  { .id = 1092, .a = 852, .b = 974, .token = {' ', 's', 'y', 's', 't', 'e', 'm', 0x00, 0x00, 0x00, 0x00, 0x00, 0x00, 0x00, 0x00, 0x00, 0x00, 0x00, 0x00, 0x00, 0x00, 0x00, 0x00, 0x00, 0x00, 0x00, 0x00, 0x00, 0x00, 0x00, 0x00, 0x00, } },
  { .id = 1093, .a = 281, .b = 282, .token = {'i', 'o', 'n', 'a', 'l', 0x00, 0x00, 0x00, 0x00, 0x00, 0x00, 0x00, 0x00, 0x00, 0x00, 0x00, 0x00, 0x00, 0x00, 0x00, 0x00, 0x00, 0x00, 0x00, 0x00, 0x00, 0x00, 0x00, 0x00, 0x00, 0x00, 0x00, } },
  { .id = 1094, .a = 282, .b = 417, .token = {'a', 'l', 't', 'h', 0x00, 0x00, 0x00, 0x00, 0x00, 0x00, 0x00, 0x00, 0x00, 0x00, 0x00, 0x00, 0x00, 0x00, 0x00, 0x00, 0x00, 0x00, 0x00, 0x00, 0x00, 0x00, 0x00, 0x00, 0x00, 0x00, 0x00, 0x00, } },
  { .id = 1095, .a = 679, .b = 262, .token = {' ', 'c', 'o', 'm', 'm', 'o', 'n', 0x00, 0x00, 0x00, 0x00, 0x00, 0x00, 0x00, 0x00, 0x00, 0x00, 0x00, 0x00, 0x00, 0x00, 0x00, 0x00, 0x00, 0x00, 0x00, 0x00, 0x00, 0x00, 0x00, 0x00, 0x00, } },
  { .id = 1096, .a = 315, .b = 286, .token = {'i', 'd', 'e', 'n', 't', 0x00, 0x00, 0x00, 0x00, 0x00, 0x00, 0x00, 0x00, 0x00, 0x00, 0x00, 0x00, 0x00, 0x00, 0x00, 0x00, 0x00, 0x00, 0x00, 0x00, 0x00, 0x00, 0x00, 0x00, 0x00, 0x00, 0x00, } },
  { .id = 1097, .a = 269, .b = 258, .token = {' ', 'c', 'h', 'e', 0x00, 0x00, 0x00, 0x00, 0x00, 0x00, 0x00, 0x00, 0x00, 0x00, 0x00, 0x00, 0x00, 0x00, 0x00, 0x00, 0x00, 0x00, 0x00, 0x00, 0x00, 0x00, 0x00, 0x00, 0x00, 0x00, 0x00, 0x00, } },
  { .id = 1098, .a = 911, .b = 271, .token = {' ', 'w', 'o', 'm', 'a', 'n', 0x00, 0x00, 0x00, 0x00, 0x00, 0x00, 0x00, 0x00, 0x00, 0x00, 0x00, 0x00, 0x00, 0x00, 0x00, 0x00, 0x00, 0x00, 0x00, 0x00, 0x00, 0x00, 0x00, 0x00, 0x00, 0x00, } },
  { .id = 1099, .a = 99, .b = 121, .token = {'c', 'y', 0x00, 0x00, 0x00, 0x00, 0x00, 0x00, 0x00, 0x00, 0x00, 0x00, 0x00, 0x00, 0x00, 0x00, 0x00, 0x00, 0x00, 0x00, 0x00, 0x00, 0x00, 0x00, 0x00, 0x00, 0x00, 0x00, 0x00, 0x00, 0x00, 0x00, } },
  { .id = 1100, .a = 280, .b = 266, .token = {' ', 'b', 'r', 'e', 0x00, 0x00, 0x00, 0x00, 0x00, 0x00, 0x00, 0x00, 0x00, 0x00, 0x00, 0x00, 0x00, 0x00, 0x00, 0x00, 0x00, 0x00, 0x00, 0x00, 0x00, 0x00, 0x00, 0x00, 0x00, 0x00, 0x00, 0x00, } },
  { .id = 1101, .a = 97, .b = 471, .token = {'a', 'k', 'i', 'n', 'g', 0x00, 0x00, 0x00, 0x00, 0x00, 0x00, 0x00, 0x00, 0x00, 0x00, 0x00, 0x00, 0x00, 0x00, 0x00, 0x00, 0x00, 0x00, 0x00, 0x00, 0x00, 0x00, 0x00, 0x00, 0x00, 0x00, 0x00, } },
  { .id = 1102, .a = 290, .b = 109, .token = {'a', 'r', 'm', 0x00, 0x00, 0x00, 0x00, 0x00, 0x00, 0x00, 0x00, 0x00, 0x00, 0x00, 0x00, 0x00, 0x00, 0x00, 0x00, 0x00, 0x00, 0x00, 0x00, 0x00, 0x00, 0x00, 0x00, 0x00, 0x00, 0x00, 0x00, 0x00, } },
  { .id = 1103, .a = 114, .b = 294, .token = {'r', 'i', 'c', 0x00, 0x00, 0x00, 0x00, 0x00, 0x00, 0x00, 0x00, 0x00, 0x00, 0x00, 0x00, 0x00, 0x00, 0x00, 0x00, 0x00, 0x00, 0x00, 0x00, 0x00, 0x00, 0x00, 0x00, 0x00, 0x00, 0x00, 0x00, 0x00, } },
  { .id = 1104, .a = 280, .b = 341, .token = {' ', 'b', 'e', 's', 't', 0x00, 0x00, 0x00, 0x00, 0x00, 0x00, 0x00, 0x00, 0x00, 0x00, 0x00, 0x00, 0x00, 0x00, 0x00, 0x00, 0x00, 0x00, 0x00, 0x00, 0x00, 0x00, 0x00, 0x00, 0x00, 0x00, 0x00, } },
  { .id = 1105, .a = 84, .b = 104, .token = {'T', 'h', 0x00, 0x00, 0x00, 0x00, 0x00, 0x00, 0x00, 0x00, 0x00, 0x00, 0x00, 0x00, 0x00, 0x00, 0x00, 0x00, 0x00, 0x00, 0x00, 0x00, 0x00, 0x00, 0x00, 0x00, 0x00, 0x00, 0x00, 0x00, 0x00, 0x00, } },
  { .id = 1106, .a = 976, .b = 443, .token = {' ', 'Q', 'u', 'e', 's', 't', 'i', 'o', 'n', 0x00, 0x00, 0x00, 0x00, 0x00, 0x00, 0x00, 0x00, 0x00, 0x00, 0x00, 0x00, 0x00, 0x00, 0x00, 0x00, 0x00, 0x00, 0x00, 0x00, 0x00, 0x00, 0x00, } },
  { .id = 1107, .a = 280, .b = 622, .token = {' ', 'b', 'a', 'c', 'k', 0x00, 0x00, 0x00, 0x00, 0x00, 0x00, 0x00, 0x00, 0x00, 0x00, 0x00, 0x00, 0x00, 0x00, 0x00, 0x00, 0x00, 0x00, 0x00, 0x00, 0x00, 0x00, 0x00, 0x00, 0x00, 0x00, 0x00, } },
  { .id = 1108, .a = 624, .b = 316, .token = {'u', 'a', 'l', 'l', 'y', 0x00, 0x00, 0x00, 0x00, 0x00, 0x00, 0x00, 0x00, 0x00, 0x00, 0x00, 0x00, 0x00, 0x00, 0x00, 0x00, 0x00, 0x00, 0x00, 0x00, 0x00, 0x00, 0x00, 0x00, 0x00, 0x00, 0x00, } },
  { .id = 1109, .a = 454, .b = 317, .token = {' ', 's', 'h', 'o', 'w', 0x00, 0x00, 0x00, 0x00, 0x00, 0x00, 0x00, 0x00, 0x00, 0x00, 0x00, 0x00, 0x00, 0x00, 0x00, 0x00, 0x00, 0x00, 0x00, 0x00, 0x00, 0x00, 0x00, 0x00, 0x00, 0x00, 0x00, } },
  { .id = 1110, .a = 291, .b = 829, .token = {' ', 'd', 'u', 'r', 'i', 'n', 'g', 0x00, 0x00, 0x00, 0x00, 0x00, 0x00, 0x00, 0x00, 0x00, 0x00, 0x00, 0x00, 0x00, 0x00, 0x00, 0x00, 0x00, 0x00, 0x00, 0x00, 0x00, 0x00, 0x00, 0x00, 0x00, } },
  { .id = 1111, .a = 437, .b = 101, .token = {' ', 's', 'e', 'e', 0x00, 0x00, 0x00, 0x00, 0x00, 0x00, 0x00, 0x00, 0x00, 0x00, 0x00, 0x00, 0x00, 0x00, 0x00, 0x00, 0x00, 0x00, 0x00, 0x00, 0x00, 0x00, 0x00, 0x00, 0x00, 0x00, 0x00, 0x00, } },
  { .id = 1112, .a = 264, .b = 458, .token = {'e', 'n', 'd', 's', 0x00, 0x00, 0x00, 0x00, 0x00, 0x00, 0x00, 0x00, 0x00, 0x00, 0x00, 0x00, 0x00, 0x00, 0x00, 0x00, 0x00, 0x00, 0x00, 0x00, 0x00, 0x00, 0x00, 0x00, 0x00, 0x00, 0x00, 0x00, } },
  { .id = 1113, .a = 331, .b = 115, .token = {' ', 'A', 's', 0x00, 0x00, 0x00, 0x00, 0x00, 0x00, 0x00, 0x00, 0x00, 0x00, 0x00, 0x00, 0x00, 0x00, 0x00, 0x00, 0x00, 0x00, 0x00, 0x00, 0x00, 0x00, 0x00, 0x00, 0x00, 0x00, 0x00, 0x00, 0x00, } },
  { .id = 1114, .a = 268, .b = 343, .token = {'a', 't', 'c', 'h', 0x00, 0x00, 0x00, 0x00, 0x00, 0x00, 0x00, 0x00, 0x00, 0x00, 0x00, 0x00, 0x00, 0x00, 0x00, 0x00, 0x00, 0x00, 0x00, 0x00, 0x00, 0x00, 0x00, 0x00, 0x00, 0x00, 0x00, 0x00, } },
  { .id = 1115, .a = 274, .b = 590, .token = {' ', 'p', 'a', 's', 's', 0x00, 0x00, 0x00, 0x00, 0x00, 0x00, 0x00, 0x00, 0x00, 0x00, 0x00, 0x00, 0x00, 0x00, 0x00, 0x00, 0x00, 0x00, 0x00, 0x00, 0x00, 0x00, 0x00, 0x00, 0x00, 0x00, 0x00, } },
  { .id = 1116, .a = 312, .b = 117, .token = {' ', 'g', 'u', 0x00, 0x00, 0x00, 0x00, 0x00, 0x00, 0x00, 0x00, 0x00, 0x00, 0x00, 0x00, 0x00, 0x00, 0x00, 0x00, 0x00, 0x00, 0x00, 0x00, 0x00, 0x00, 0x00, 0x00, 0x00, 0x00, 0x00, 0x00, 0x00, } },
  { .id = 1117, .a = 279, .b = 568, .token = {' ', 'f', 'o', 'u', 'n', 'd', 0x00, 0x00, 0x00, 0x00, 0x00, 0x00, 0x00, 0x00, 0x00, 0x00, 0x00, 0x00, 0x00, 0x00, 0x00, 0x00, 0x00, 0x00, 0x00, 0x00, 0x00, 0x00, 0x00, 0x00, 0x00, 0x00, } },
  { .id = 1118, .a = 112, .b = 467, .token = {'p', 'o', 'r', 't', 0x00, 0x00, 0x00, 0x00, 0x00, 0x00, 0x00, 0x00, 0x00, 0x00, 0x00, 0x00, 0x00, 0x00, 0x00, 0x00, 0x00, 0x00, 0x00, 0x00, 0x00, 0x00, 0x00, 0x00, 0x00, 0x00, 0x00, 0x00, } },
  { .id = 1119, .a = 32, .b = 36, .token = {' ', '$', 0x00, 0x00, 0x00, 0x00, 0x00, 0x00, 0x00, 0x00, 0x00, 0x00, 0x00, 0x00, 0x00, 0x00, 0x00, 0x00, 0x00, 0x00, 0x00, 0x00, 0x00, 0x00, 0x00, 0x00, 0x00, 0x00, 0x00, 0x00, 0x00, 0x00, } },
  { .id = 1120, .a = 117, .b = 99, .token = {'u', 'c', 0x00, 0x00, 0x00, 0x00, 0x00, 0x00, 0x00, 0x00, 0x00, 0x00, 0x00, 0x00, 0x00, 0x00, 0x00, 0x00, 0x00, 0x00, 0x00, 0x00, 0x00, 0x00, 0x00, 0x00, 0x00, 0x00, 0x00, 0x00, 0x00, 0x00, } },
  { .id = 1121, .a = 97, .b = 327, .token = {'a', 'i', 'r', 0x00, 0x00, 0x00, 0x00, 0x00, 0x00, 0x00, 0x00, 0x00, 0x00, 0x00, 0x00, 0x00, 0x00, 0x00, 0x00, 0x00, 0x00, 0x00, 0x00, 0x00, 0x00, 0x00, 0x00, 0x00, 0x00, 0x00, 0x00, 0x00, } },
  { .id = 1122, .a = 284, .b = 783, .token = {' ', 'i', 'n', 'c', 'r', 'e', 0x00, 0x00, 0x00, 0x00, 0x00, 0x00, 0x00, 0x00, 0x00, 0x00, 0x00, 0x00, 0x00, 0x00, 0x00, 0x00, 0x00, 0x00, 0x00, 0x00, 0x00, 0x00, 0x00, 0x00, 0x00, 0x00, } },
  { .id = 1123, .a = 290, .b = 343, .token = {'a', 'r', 'c', 'h', 0x00, 0x00, 0x00, 0x00, 0x00, 0x00, 0x00, 0x00, 0x00, 0x00, 0x00, 0x00, 0x00, 0x00, 0x00, 0x00, 0x00, 0x00, 0x00, 0x00, 0x00, 0x00, 0x00, 0x00, 0x00, 0x00, 0x00, 0x00, } },
  { .id = 1124, .a = 287, .b = 260, .token = {' ', 'm', 'i', 'n', 0x00, 0x00, 0x00, 0x00, 0x00, 0x00, 0x00, 0x00, 0x00, 0x00, 0x00, 0x00, 0x00, 0x00, 0x00, 0x00, 0x00, 0x00, 0x00, 0x00, 0x00, 0x00, 0x00, 0x00, 0x00, 0x00, 0x00, 0x00, } },
  { .id = 1125, .a = 99, .b = 470, .token = {'c', 'i', 'a', 'l', 0x00, 0x00, 0x00, 0x00, 0x00, 0x00, 0x00, 0x00, 0x00, 0x00, 0x00, 0x00, 0x00, 0x00, 0x00, 0x00, 0x00, 0x00, 0x00, 0x00, 0x00, 0x00, 0x00, 0x00, 0x00, 0x00, 0x00, 0x00, } },
  { .id = 1126, .a = 262, .b = 100, .token = {'o', 'n', 'd', 0x00, 0x00, 0x00, 0x00, 0x00, 0x00, 0x00, 0x00, 0x00, 0x00, 0x00, 0x00, 0x00, 0x00, 0x00, 0x00, 0x00, 0x00, 0x00, 0x00, 0x00, 0x00, 0x00, 0x00, 0x00, 0x00, 0x00, 0x00, 0x00, } },
  { .id = 1127, .a = 291, .b = 315, .token = {' ', 'd', 'i', 'd', 0x00, 0x00, 0x00, 0x00, 0x00, 0x00, 0x00, 0x00, 0x00, 0x00, 0x00, 0x00, 0x00, 0x00, 0x00, 0x00, 0x00, 0x00, 0x00, 0x00, 0x00, 0x00, 0x00, 0x00, 0x00, 0x00, 0x00, 0x00, } },
  { .id = 1128, .a = 306, .b = 880, .token = {' ', 'e', 'f', 'f', 'e', 'c', 't', 0x00, 0x00, 0x00, 0x00, 0x00, 0x00, 0x00, 0x00, 0x00, 0x00, 0x00, 0x00, 0x00, 0x00, 0x00, 0x00, 0x00, 0x00, 0x00, 0x00, 0x00, 0x00, 0x00, 0x00, 0x00, } },
  { .id = 1129, .a = 598, .b = 567, .token = {' ', 'r', 'e', 's', 'u', 'l', 't', 0x00, 0x00, 0x00, 0x00, 0x00, 0x00, 0x00, 0x00, 0x00, 0x00, 0x00, 0x00, 0x00, 0x00, 0x00, 0x00, 0x00, 0x00, 0x00, 0x00, 0x00, 0x00, 0x00, 0x00, 0x00, } },
  { .id = 1130, .a = 257, .b = 482, .token = {' ', 't', 'y', 'p', 0x00, 0x00, 0x00, 0x00, 0x00, 0x00, 0x00, 0x00, 0x00, 0x00, 0x00, 0x00, 0x00, 0x00, 0x00, 0x00, 0x00, 0x00, 0x00, 0x00, 0x00, 0x00, 0x00, 0x00, 0x00, 0x00, 0x00, 0x00, } },
  { .id = 1131, .a = 1046, .b = 504, .token = {' ', 'l', 'a', 'n', 'g', 'u', 'a', 'g', 'e', 0x00, 0x00, 0x00, 0x00, 0x00, 0x00, 0x00, 0x00, 0x00, 0x00, 0x00, 0x00, 0x00, 0x00, 0x00, 0x00, 0x00, 0x00, 0x00, 0x00, 0x00, 0x00, 0x00, } },
  { .id = 1132, .a = 426, .b = 719, .token = {' ', 'c', 'h', 'i', 'l', 'd', 0x00, 0x00, 0x00, 0x00, 0x00, 0x00, 0x00, 0x00, 0x00, 0x00, 0x00, 0x00, 0x00, 0x00, 0x00, 0x00, 0x00, 0x00, 0x00, 0x00, 0x00, 0x00, 0x00, 0x00, 0x00, 0x00, } },
  { .id = 1133, .a = 260, .b = 270, .token = {'i', 'n', 'e', 's', 0x00, 0x00, 0x00, 0x00, 0x00, 0x00, 0x00, 0x00, 0x00, 0x00, 0x00, 0x00, 0x00, 0x00, 0x00, 0x00, 0x00, 0x00, 0x00, 0x00, 0x00, 0x00, 0x00, 0x00, 0x00, 0x00, 0x00, 0x00, } },
  { .id = 1134, .a = 342, .b = 103, .token = {'a', 't', 'e', 'g', 0x00, 0x00, 0x00, 0x00, 0x00, 0x00, 0x00, 0x00, 0x00, 0x00, 0x00, 0x00, 0x00, 0x00, 0x00, 0x00, 0x00, 0x00, 0x00, 0x00, 0x00, 0x00, 0x00, 0x00, 0x00, 0x00, 0x00, 0x00, } },
  { .id = 1135, .a = 349, .b = 270, .token = {'i', 'v', 'e', 's', 0x00, 0x00, 0x00, 0x00, 0x00, 0x00, 0x00, 0x00, 0x00, 0x00, 0x00, 0x00, 0x00, 0x00, 0x00, 0x00, 0x00, 0x00, 0x00, 0x00, 0x00, 0x00, 0x00, 0x00, 0x00, 0x00, 0x00, 0x00, } },
  { .id = 1136, .a = 381, .b = 1088, .token = {' ', 's', 'u', 'g', 'g', 'e', 's', 't', 0x00, 0x00, 0x00, 0x00, 0x00, 0x00, 0x00, 0x00, 0x00, 0x00, 0x00, 0x00, 0x00, 0x00, 0x00, 0x00, 0x00, 0x00, 0x00, 0x00, 0x00, 0x00, 0x00, 0x00, } },
  { .id = 1137, .a = 689, .b = 1025, .token = {' ', 'g', 'r', 'o', 'u', 'p', 0x00, 0x00, 0x00, 0x00, 0x00, 0x00, 0x00, 0x00, 0x00, 0x00, 0x00, 0x00, 0x00, 0x00, 0x00, 0x00, 0x00, 0x00, 0x00, 0x00, 0x00, 0x00, 0x00, 0x00, 0x00, 0x00, } },
  { .id = 1138, .a = 524, .b = 471, .token = {' ', 'm', 'a', 'k', 'i', 'n', 'g', 0x00, 0x00, 0x00, 0x00, 0x00, 0x00, 0x00, 0x00, 0x00, 0x00, 0x00, 0x00, 0x00, 0x00, 0x00, 0x00, 0x00, 0x00, 0x00, 0x00, 0x00, 0x00, 0x00, 0x00, 0x00, } },
  { .id = 1139, .a = 274, .b = 340, .token = {' ', 'p', 'u', 'r', 0x00, 0x00, 0x00, 0x00, 0x00, 0x00, 0x00, 0x00, 0x00, 0x00, 0x00, 0x00, 0x00, 0x00, 0x00, 0x00, 0x00, 0x00, 0x00, 0x00, 0x00, 0x00, 0x00, 0x00, 0x00, 0x00, 0x00, 0x00, } },
  { .id = 1140, .a = 381, .b = 109, .token = {' ', 's', 'u', 'm', 0x00, 0x00, 0x00, 0x00, 0x00, 0x00, 0x00, 0x00, 0x00, 0x00, 0x00, 0x00, 0x00, 0x00, 0x00, 0x00, 0x00, 0x00, 0x00, 0x00, 0x00, 0x00, 0x00, 0x00, 0x00, 0x00, 0x00, 0x00, } },
  { .id = 1141, .a = 257, .b = 282, .token = {' ', 't', 'a', 'l', 0x00, 0x00, 0x00, 0x00, 0x00, 0x00, 0x00, 0x00, 0x00, 0x00, 0x00, 0x00, 0x00, 0x00, 0x00, 0x00, 0x00, 0x00, 0x00, 0x00, 0x00, 0x00, 0x00, 0x00, 0x00, 0x00, 0x00, 0x00, } },
  { .id = 1142, .a = 276, .b = 293, .token = {'i', 't', 'l', 'e', 0x00, 0x00, 0x00, 0x00, 0x00, 0x00, 0x00, 0x00, 0x00, 0x00, 0x00, 0x00, 0x00, 0x00, 0x00, 0x00, 0x00, 0x00, 0x00, 0x00, 0x00, 0x00, 0x00, 0x00, 0x00, 0x00, 0x00, 0x00, } },
  { .id = 1143, .a = 376, .b = 109, .token = {'b', 'l', 'e', 'm', 0x00, 0x00, 0x00, 0x00, 0x00, 0x00, 0x00, 0x00, 0x00, 0x00, 0x00, 0x00, 0x00, 0x00, 0x00, 0x00, 0x00, 0x00, 0x00, 0x00, 0x00, 0x00, 0x00, 0x00, 0x00, 0x00, 0x00, 0x00, } },
  { .id = 1144, .a = 269, .b = 523, .token = {' ', 'c', 'a', 'r', 'e', 0x00, 0x00, 0x00, 0x00, 0x00, 0x00, 0x00, 0x00, 0x00, 0x00, 0x00, 0x00, 0x00, 0x00, 0x00, 0x00, 0x00, 0x00, 0x00, 0x00, 0x00, 0x00, 0x00, 0x00, 0x00, 0x00, 0x00, } },
  { .id = 1145, .a = 930, .b = 467, .token = {' ', 's', 'u', 'p', 'p', 'o', 'r', 't', 0x00, 0x00, 0x00, 0x00, 0x00, 0x00, 0x00, 0x00, 0x00, 0x00, 0x00, 0x00, 0x00, 0x00, 0x00, 0x00, 0x00, 0x00, 0x00, 0x00, 0x00, 0x00, 0x00, 0x00, } },
  { .id = 1146, .a = 121, .b = 388, .token = {'y', 'p', 'e', 0x00, 0x00, 0x00, 0x00, 0x00, 0x00, 0x00, 0x00, 0x00, 0x00, 0x00, 0x00, 0x00, 0x00, 0x00, 0x00, 0x00, 0x00, 0x00, 0x00, 0x00, 0x00, 0x00, 0x00, 0x00, 0x00, 0x00, 0x00, 0x00, } },
  { .id = 1147, .a = 841, .b = 904, .token = {' ', 'H', 'o', 'w', 'e', 'v', 'e', 'r', 0x00, 0x00, 0x00, 0x00, 0x00, 0x00, 0x00, 0x00, 0x00, 0x00, 0x00, 0x00, 0x00, 0x00, 0x00, 0x00, 0x00, 0x00, 0x00, 0x00, 0x00, 0x00, 0x00, 0x00, } },
  { .id = 1148, .a = 308, .b = 956, .token = {' ', 'l', 'i', 'f', 'e', 0x00, 0x00, 0x00, 0x00, 0x00, 0x00, 0x00, 0x00, 0x00, 0x00, 0x00, 0x00, 0x00, 0x00, 0x00, 0x00, 0x00, 0x00, 0x00, 0x00, 0x00, 0x00, 0x00, 0x00, 0x00, 0x00, 0x00, } },
  { .id = 1149, .a = 259, .b = 112, .token = {' ', 'a', 'p', 0x00, 0x00, 0x00, 0x00, 0x00, 0x00, 0x00, 0x00, 0x00, 0x00, 0x00, 0x00, 0x00, 0x00, 0x00, 0x00, 0x00, 0x00, 0x00, 0x00, 0x00, 0x00, 0x00, 0x00, 0x00, 0x00, 0x00, 0x00, 0x00, } },
  { .id = 1150, .a = 522, .b = 283, .token = {'i', 'z', 'e', 'd', 0x00, 0x00, 0x00, 0x00, 0x00, 0x00, 0x00, 0x00, 0x00, 0x00, 0x00, 0x00, 0x00, 0x00, 0x00, 0x00, 0x00, 0x00, 0x00, 0x00, 0x00, 0x00, 0x00, 0x00, 0x00, 0x00, 0x00, 0x00, } },
  { .id = 1151, .a = 385, .b = 469, .token = {' ', 'c', 'o', 'm', 'p', 'l', 'e', 0x00, 0x00, 0x00, 0x00, 0x00, 0x00, 0x00, 0x00, 0x00, 0x00, 0x00, 0x00, 0x00, 0x00, 0x00, 0x00, 0x00, 0x00, 0x00, 0x00, 0x00, 0x00, 0x00, 0x00, 0x00, } },
  { .id = 1152, .a = 867, .b = 711, .token = {' ', 'v', 'a', 'r', 'i', 'o', 'u', 's', 0x00, 0x00, 0x00, 0x00, 0x00, 0x00, 0x00, 0x00, 0x00, 0x00, 0x00, 0x00, 0x00, 0x00, 0x00, 0x00, 0x00, 0x00, 0x00, 0x00, 0x00, 0x00, 0x00, 0x00, } },
  { .id = 1153, .a = 676, .b = 656, .token = {'v', 'e', 'l', 'o', 'p', 0x00, 0x00, 0x00, 0x00, 0x00, 0x00, 0x00, 0x00, 0x00, 0x00, 0x00, 0x00, 0x00, 0x00, 0x00, 0x00, 0x00, 0x00, 0x00, 0x00, 0x00, 0x00, 0x00, 0x00, 0x00, 0x00, 0x00, } },
  { .id = 1154, .a = 98, .b = 436, .token = {'b', 'a', 'l', 'l', 0x00, 0x00, 0x00, 0x00, 0x00, 0x00, 0x00, 0x00, 0x00, 0x00, 0x00, 0x00, 0x00, 0x00, 0x00, 0x00, 0x00, 0x00, 0x00, 0x00, 0x00, 0x00, 0x00, 0x00, 0x00, 0x00, 0x00, 0x00, } },
  { .id = 1155, .a = 299, .b = 408, .token = {' ', 'h', 'a', 'n', 'd', 0x00, 0x00, 0x00, 0x00, 0x00, 0x00, 0x00, 0x00, 0x00, 0x00, 0x00, 0x00, 0x00, 0x00, 0x00, 0x00, 0x00, 0x00, 0x00, 0x00, 0x00, 0x00, 0x00, 0x00, 0x00, 0x00, 0x00, } },
  { .id = 1156, .a = 291, .b = 321, .token = {' ', 'd', 'i', 's', 't', 0x00, 0x00, 0x00, 0x00, 0x00, 0x00, 0x00, 0x00, 0x00, 0x00, 0x00, 0x00, 0x00, 0x00, 0x00, 0x00, 0x00, 0x00, 0x00, 0x00, 0x00, 0x00, 0x00, 0x00, 0x00, 0x00, 0x00, } },
  { .id = 1157, .a = 287, .b = 888, .token = {' ', 'm', 'a', 'd', 'e', 0x00, 0x00, 0x00, 0x00, 0x00, 0x00, 0x00, 0x00, 0x00, 0x00, 0x00, 0x00, 0x00, 0x00, 0x00, 0x00, 0x00, 0x00, 0x00, 0x00, 0x00, 0x00, 0x00, 0x00, 0x00, 0x00, 0x00, } },
  { .id = 1158, .a = 519, .b = 337, .token = {' ', 't', 'e', 'a', 'm', 0x00, 0x00, 0x00, 0x00, 0x00, 0x00, 0x00, 0x00, 0x00, 0x00, 0x00, 0x00, 0x00, 0x00, 0x00, 0x00, 0x00, 0x00, 0x00, 0x00, 0x00, 0x00, 0x00, 0x00, 0x00, 0x00, 0x00, } },
  { .id = 1159, .a = 435, .b = 413, .token = {' ', 'h', 'a', 'p', 'p', 0x00, 0x00, 0x00, 0x00, 0x00, 0x00, 0x00, 0x00, 0x00, 0x00, 0x00, 0x00, 0x00, 0x00, 0x00, 0x00, 0x00, 0x00, 0x00, 0x00, 0x00, 0x00, 0x00, 0x00, 0x00, 0x00, 0x00, } },
  { .id = 1160, .a = 1043, .b = 732, .token = {' ', 'D', 'e', 't', 'e', 'r', 'm', 'i', 'n', 'e', 0x00, 0x00, 0x00, 0x00, 0x00, 0x00, 0x00, 0x00, 0x00, 0x00, 0x00, 0x00, 0x00, 0x00, 0x00, 0x00, 0x00, 0x00, 0x00, 0x00, 0x00, 0x00, } },
  { .id = 1161, .a = 101, .b = 101, .token = {'e', 'e', 0x00, 0x00, 0x00, 0x00, 0x00, 0x00, 0x00, 0x00, 0x00, 0x00, 0x00, 0x00, 0x00, 0x00, 0x00, 0x00, 0x00, 0x00, 0x00, 0x00, 0x00, 0x00, 0x00, 0x00, 0x00, 0x00, 0x00, 0x00, 0x00, 0x00, } },
  { .id = 1162, .a = 117, .b = 314, .token = {'u', 'a', 't', 'i', 'o', 'n', 0x00, 0x00, 0x00, 0x00, 0x00, 0x00, 0x00, 0x00, 0x00, 0x00, 0x00, 0x00, 0x00, 0x00, 0x00, 0x00, 0x00, 0x00, 0x00, 0x00, 0x00, 0x00, 0x00, 0x00, 0x00, 0x00, } },
  { .id = 1163, .a = 116, .b = 282, .token = {'t', 'a', 'l', 0x00, 0x00, 0x00, 0x00, 0x00, 0x00, 0x00, 0x00, 0x00, 0x00, 0x00, 0x00, 0x00, 0x00, 0x00, 0x00, 0x00, 0x00, 0x00, 0x00, 0x00, 0x00, 0x00, 0x00, 0x00, 0x00, 0x00, 0x00, 0x00, } },
  { .id = 1164, .a = 108, .b = 408, .token = {'l', 'a', 'n', 'd', 0x00, 0x00, 0x00, 0x00, 0x00, 0x00, 0x00, 0x00, 0x00, 0x00, 0x00, 0x00, 0x00, 0x00, 0x00, 0x00, 0x00, 0x00, 0x00, 0x00, 0x00, 0x00, 0x00, 0x00, 0x00, 0x00, 0x00, 0x00, } },
  { .id = 1165, .a = 97, .b = 340, .token = {'a', 'u', 'r', 0x00, 0x00, 0x00, 0x00, 0x00, 0x00, 0x00, 0x00, 0x00, 0x00, 0x00, 0x00, 0x00, 0x00, 0x00, 0x00, 0x00, 0x00, 0x00, 0x00, 0x00, 0x00, 0x00, 0x00, 0x00, 0x00, 0x00, 0x00, 0x00, } },
  { .id = 1166, .a = 308, .b = 290, .token = {' ', 'l', 'a', 'r', 0x00, 0x00, 0x00, 0x00, 0x00, 0x00, 0x00, 0x00, 0x00, 0x00, 0x00, 0x00, 0x00, 0x00, 0x00, 0x00, 0x00, 0x00, 0x00, 0x00, 0x00, 0x00, 0x00, 0x00, 0x00, 0x00, 0x00, 0x00, } },
  { .id = 1167, .a = 717, .b = 919, .token = {' ', 'e', 'n', 't', 'a', 'i', 'l', 'e', 'd', 0x00, 0x00, 0x00, 0x00, 0x00, 0x00, 0x00, 0x00, 0x00, 0x00, 0x00, 0x00, 0x00, 0x00, 0x00, 0x00, 0x00, 0x00, 0x00, 0x00, 0x00, 0x00, 0x00, } },
  { .id = 1168, .a = 300, .b = 511, .token = {' ', 'n', 'a', 'm', 'e', 0x00, 0x00, 0x00, 0x00, 0x00, 0x00, 0x00, 0x00, 0x00, 0x00, 0x00, 0x00, 0x00, 0x00, 0x00, 0x00, 0x00, 0x00, 0x00, 0x00, 0x00, 0x00, 0x00, 0x00, 0x00, 0x00, 0x00, } },
  { .id = 1169, .a = 267, .b = 281, .token = {'i', 's', 'i', 'o', 'n', 0x00, 0x00, 0x00, 0x00, 0x00, 0x00, 0x00, 0x00, 0x00, 0x00, 0x00, 0x00, 0x00, 0x00, 0x00, 0x00, 0x00, 0x00, 0x00, 0x00, 0x00, 0x00, 0x00, 0x00, 0x00, 0x00, 0x00, } },
  { .id = 1170, .a = 114, .b = 262, .token = {'r', 'o', 'n', 0x00, 0x00, 0x00, 0x00, 0x00, 0x00, 0x00, 0x00, 0x00, 0x00, 0x00, 0x00, 0x00, 0x00, 0x00, 0x00, 0x00, 0x00, 0x00, 0x00, 0x00, 0x00, 0x00, 0x00, 0x00, 0x00, 0x00, 0x00, 0x00, } },
  { .id = 1171, .a = 312, .b = 555, .token = {' ', 'g', 'o', 'o', 'd', 0x00, 0x00, 0x00, 0x00, 0x00, 0x00, 0x00, 0x00, 0x00, 0x00, 0x00, 0x00, 0x00, 0x00, 0x00, 0x00, 0x00, 0x00, 0x00, 0x00, 0x00, 0x00, 0x00, 0x00, 0x00, 0x00, 0x00, } },
  { .id = 1172, .a = 347, .b = 102, .token = {'e', 'l', 'f', 0x00, 0x00, 0x00, 0x00, 0x00, 0x00, 0x00, 0x00, 0x00, 0x00, 0x00, 0x00, 0x00, 0x00, 0x00, 0x00, 0x00, 0x00, 0x00, 0x00, 0x00, 0x00, 0x00, 0x00, 0x00, 0x00, 0x00, 0x00, 0x00, } },
  { .id = 1173, .a = 108, .b = 283, .token = {'l', 'e', 'd', 0x00, 0x00, 0x00, 0x00, 0x00, 0x00, 0x00, 0x00, 0x00, 0x00, 0x00, 0x00, 0x00, 0x00, 0x00, 0x00, 0x00, 0x00, 0x00, 0x00, 0x00, 0x00, 0x00, 0x00, 0x00, 0x00, 0x00, 0x00, 0x00, } },
  { .id = 1174, .a = 291, .b = 345, .token = {' ', 'd', 'a', 'y', 0x00, 0x00, 0x00, 0x00, 0x00, 0x00, 0x00, 0x00, 0x00, 0x00, 0x00, 0x00, 0x00, 0x00, 0x00, 0x00, 0x00, 0x00, 0x00, 0x00, 0x00, 0x00, 0x00, 0x00, 0x00, 0x00, 0x00, 0x00, } },
  { .id = 1175, .a = 461, .b = 389, .token = {' ', 'w', 'o', 'r', 'l', 'd', 0x00, 0x00, 0x00, 0x00, 0x00, 0x00, 0x00, 0x00, 0x00, 0x00, 0x00, 0x00, 0x00, 0x00, 0x00, 0x00, 0x00, 0x00, 0x00, 0x00, 0x00, 0x00, 0x00, 0x00, 0x00, 0x00, } },
  { .id = 1176, .a = 333, .b = 912, .token = {' ', 'c', 'o', 'n', 'c', 'l', 'u', 's', 'i', 'o', 'n', 0x00, 0x00, 0x00, 0x00, 0x00, 0x00, 0x00, 0x00, 0x00, 0x00, 0x00, 0x00, 0x00, 0x00, 0x00, 0x00, 0x00, 0x00, 0x00, 0x00, 0x00, } },
  { .id = 1177, .a = 273, .b = 345, .token = {' ', 'w', 'a', 'y', 0x00, 0x00, 0x00, 0x00, 0x00, 0x00, 0x00, 0x00, 0x00, 0x00, 0x00, 0x00, 0x00, 0x00, 0x00, 0x00, 0x00, 0x00, 0x00, 0x00, 0x00, 0x00, 0x00, 0x00, 0x00, 0x00, 0x00, 0x00, } },
  { .id = 1178, .a = 319, .b = 455, .token = {' ', 's', 't', 'u', 'd', 0x00, 0x00, 0x00, 0x00, 0x00, 0x00, 0x00, 0x00, 0x00, 0x00, 0x00, 0x00, 0x00, 0x00, 0x00, 0x00, 0x00, 0x00, 0x00, 0x00, 0x00, 0x00, 0x00, 0x00, 0x00, 0x00, 0x00, } },
  { .id = 1179, .a = 272, .b = 340, .token = {' ', 'o', 'u', 'r', 0x00, 0x00, 0x00, 0x00, 0x00, 0x00, 0x00, 0x00, 0x00, 0x00, 0x00, 0x00, 0x00, 0x00, 0x00, 0x00, 0x00, 0x00, 0x00, 0x00, 0x00, 0x00, 0x00, 0x00, 0x00, 0x00, 0x00, 0x00, } },
  { .id = 1180, .a = 619, .b = 1021, .token = {' ', 'i', 'n', 'd', 'i', 'v', 'i', 'd', 0x00, 0x00, 0x00, 0x00, 0x00, 0x00, 0x00, 0x00, 0x00, 0x00, 0x00, 0x00, 0x00, 0x00, 0x00, 0x00, 0x00, 0x00, 0x00, 0x00, 0x00, 0x00, 0x00, 0x00, } },
  { .id = 1181, .a = 323, .b = 344, .token = {'s', 't', 'e', 'p', 0x00, 0x00, 0x00, 0x00, 0x00, 0x00, 0x00, 0x00, 0x00, 0x00, 0x00, 0x00, 0x00, 0x00, 0x00, 0x00, 0x00, 0x00, 0x00, 0x00, 0x00, 0x00, 0x00, 0x00, 0x00, 0x00, 0x00, 0x00, } },
  { .id = 1182, .a = 108, .b = 612, .token = {'l', 'i', 's', 'h', 0x00, 0x00, 0x00, 0x00, 0x00, 0x00, 0x00, 0x00, 0x00, 0x00, 0x00, 0x00, 0x00, 0x00, 0x00, 0x00, 0x00, 0x00, 0x00, 0x00, 0x00, 0x00, 0x00, 0x00, 0x00, 0x00, 0x00, 0x00, } },
  { .id = 1183, .a = 945, .b = 762, .token = {' ', 'f', 'a', 'm', 'i', 'l', 'y', 0x00, 0x00, 0x00, 0x00, 0x00, 0x00, 0x00, 0x00, 0x00, 0x00, 0x00, 0x00, 0x00, 0x00, 0x00, 0x00, 0x00, 0x00, 0x00, 0x00, 0x00, 0x00, 0x00, 0x00, 0x00, } },
  { .id = 1184, .a = 49, .b = 56, .token = {'1', '8', 0x00, 0x00, 0x00, 0x00, 0x00, 0x00, 0x00, 0x00, 0x00, 0x00, 0x00, 0x00, 0x00, 0x00, 0x00, 0x00, 0x00, 0x00, 0x00, 0x00, 0x00, 0x00, 0x00, 0x00, 0x00, 0x00, 0x00, 0x00, 0x00, 0x00, } },
  { .id = 1185, .a = 32, .b = 91, .token = {' ', '[', 0x00, 0x00, 0x00, 0x00, 0x00, 0x00, 0x00, 0x00, 0x00, 0x00, 0x00, 0x00, 0x00, 0x00, 0x00, 0x00, 0x00, 0x00, 0x00, 0x00, 0x00, 0x00, 0x00, 0x00, 0x00, 0x00, 0x00, 0x00, 0x00, 0x00, } },
  { .id = 1186, .a = 66, .b = 538, .token = {'B', 'a', 's', 'e', 'd', 0x00, 0x00, 0x00, 0x00, 0x00, 0x00, 0x00, 0x00, 0x00, 0x00, 0x00, 0x00, 0x00, 0x00, 0x00, 0x00, 0x00, 0x00, 0x00, 0x00, 0x00, 0x00, 0x00, 0x00, 0x00, 0x00, 0x00, } },
  { .id = 1187, .a = 105, .b = 313, .token = {'i', 'e', 't', 0x00, 0x00, 0x00, 0x00, 0x00, 0x00, 0x00, 0x00, 0x00, 0x00, 0x00, 0x00, 0x00, 0x00, 0x00, 0x00, 0x00, 0x00, 0x00, 0x00, 0x00, 0x00, 0x00, 0x00, 0x00, 0x00, 0x00, 0x00, 0x00, } },
  { .id = 1188, .a = 849, .b = 813, .token = {' ', 'e', 'x', 'p', 'e', 'r', 'i', 'e', 'n', 'c', 'e', 0x00, 0x00, 0x00, 0x00, 0x00, 0x00, 0x00, 0x00, 0x00, 0x00, 0x00, 0x00, 0x00, 0x00, 0x00, 0x00, 0x00, 0x00, 0x00, 0x00, 0x00, } },
  { .id = 1189, .a = 884, .b = 314, .token = {' ', 'e', 'q', 'u', 'a', 't', 'i', 'o', 'n', 0x00, 0x00, 0x00, 0x00, 0x00, 0x00, 0x00, 0x00, 0x00, 0x00, 0x00, 0x00, 0x00, 0x00, 0x00, 0x00, 0x00, 0x00, 0x00, 0x00, 0x00, 0x00, 0x00, } },
  { .id = 1190, .a = 401, .b = 112, .token = {' ', 'p', 'o', 'p', 0x00, 0x00, 0x00, 0x00, 0x00, 0x00, 0x00, 0x00, 0x00, 0x00, 0x00, 0x00, 0x00, 0x00, 0x00, 0x00, 0x00, 0x00, 0x00, 0x00, 0x00, 0x00, 0x00, 0x00, 0x00, 0x00, 0x00, 0x00, } },
  { .id = 1191, .a = 598, .b = 112, .token = {' ', 'r', 'e', 's', 'p', 0x00, 0x00, 0x00, 0x00, 0x00, 0x00, 0x00, 0x00, 0x00, 0x00, 0x00, 0x00, 0x00, 0x00, 0x00, 0x00, 0x00, 0x00, 0x00, 0x00, 0x00, 0x00, 0x00, 0x00, 0x00, 0x00, 0x00, } },
  { .id = 1192, .a = 433, .b = 290, .token = {' ', 'l', 'e', 'a', 'r', 0x00, 0x00, 0x00, 0x00, 0x00, 0x00, 0x00, 0x00, 0x00, 0x00, 0x00, 0x00, 0x00, 0x00, 0x00, 0x00, 0x00, 0x00, 0x00, 0x00, 0x00, 0x00, 0x00, 0x00, 0x00, 0x00, 0x00, } },
  { .id = 1193, .a = 273, .b = 322, .token = {' ', 'w', 'a', 'n', 't', 0x00, 0x00, 0x00, 0x00, 0x00, 0x00, 0x00, 0x00, 0x00, 0x00, 0x00, 0x00, 0x00, 0x00, 0x00, 0x00, 0x00, 0x00, 0x00, 0x00, 0x00, 0x00, 0x00, 0x00, 0x00, 0x00, 0x00, } },
  { .id = 1194, .a = 327, .b = 108, .token = {'i', 'r', 'l', 0x00, 0x00, 0x00, 0x00, 0x00, 0x00, 0x00, 0x00, 0x00, 0x00, 0x00, 0x00, 0x00, 0x00, 0x00, 0x00, 0x00, 0x00, 0x00, 0x00, 0x00, 0x00, 0x00, 0x00, 0x00, 0x00, 0x00, 0x00, 0x00, } },
  { .id = 1195, .a = 465, .b = 102, .token = {' ', 'd', 'e', 'f', 0x00, 0x00, 0x00, 0x00, 0x00, 0x00, 0x00, 0x00, 0x00, 0x00, 0x00, 0x00, 0x00, 0x00, 0x00, 0x00, 0x00, 0x00, 0x00, 0x00, 0x00, 0x00, 0x00, 0x00, 0x00, 0x00, 0x00, 0x00, } },
  { .id = 1196, .a = 280, .b = 311, .token = {' ', 'b', 'u', 's', 0x00, 0x00, 0x00, 0x00, 0x00, 0x00, 0x00, 0x00, 0x00, 0x00, 0x00, 0x00, 0x00, 0x00, 0x00, 0x00, 0x00, 0x00, 0x00, 0x00, 0x00, 0x00, 0x00, 0x00, 0x00, 0x00, 0x00, 0x00, } },
  { .id = 1197, .a = 260, .b = 115, .token = {'i', 'n', 's', 0x00, 0x00, 0x00, 0x00, 0x00, 0x00, 0x00, 0x00, 0x00, 0x00, 0x00, 0x00, 0x00, 0x00, 0x00, 0x00, 0x00, 0x00, 0x00, 0x00, 0x00, 0x00, 0x00, 0x00, 0x00, 0x00, 0x00, 0x00, 0x00, } },
  { .id = 1198, .a = 119, .b = 278, .token = {'w', 'o', 'r', 0x00, 0x00, 0x00, 0x00, 0x00, 0x00, 0x00, 0x00, 0x00, 0x00, 0x00, 0x00, 0x00, 0x00, 0x00, 0x00, 0x00, 0x00, 0x00, 0x00, 0x00, 0x00, 0x00, 0x00, 0x00, 0x00, 0x00, 0x00, 0x00, } },
  { .id = 1199, .a = 105, .b = 355, .token = {'i', 'q', 'u', 0x00, 0x00, 0x00, 0x00, 0x00, 0x00, 0x00, 0x00, 0x00, 0x00, 0x00, 0x00, 0x00, 0x00, 0x00, 0x00, 0x00, 0x00, 0x00, 0x00, 0x00, 0x00, 0x00, 0x00, 0x00, 0x00, 0x00, 0x00, 0x00, } },
  { .id = 1200, .a = 269, .b = 420, .token = {' ', 'c', 'i', 't', 'y', 0x00, 0x00, 0x00, 0x00, 0x00, 0x00, 0x00, 0x00, 0x00, 0x00, 0x00, 0x00, 0x00, 0x00, 0x00, 0x00, 0x00, 0x00, 0x00, 0x00, 0x00, 0x00, 0x00, 0x00, 0x00, 0x00, 0x00, } },
  { .id = 1201, .a = 304, .b = 358, .token = {' ', 'r', 'e', 'a', 'd', 0x00, 0x00, 0x00, 0x00, 0x00, 0x00, 0x00, 0x00, 0x00, 0x00, 0x00, 0x00, 0x00, 0x00, 0x00, 0x00, 0x00, 0x00, 0x00, 0x00, 0x00, 0x00, 0x00, 0x00, 0x00, 0x00, 0x00, } },
  { .id = 1202, .a = 863, .b = 436, .token = {' ', 's', 'm', 'a', 'l', 'l', 0x00, 0x00, 0x00, 0x00, 0x00, 0x00, 0x00, 0x00, 0x00, 0x00, 0x00, 0x00, 0x00, 0x00, 0x00, 0x00, 0x00, 0x00, 0x00, 0x00, 0x00, 0x00, 0x00, 0x00, 0x00, 0x00, } },
  { .id = 1203, .a = 678, .b = 615, .token = {' ', 'k', 'n', 'o', 'w', 'n', 0x00, 0x00, 0x00, 0x00, 0x00, 0x00, 0x00, 0x00, 0x00, 0x00, 0x00, 0x00, 0x00, 0x00, 0x00, 0x00, 0x00, 0x00, 0x00, 0x00, 0x00, 0x00, 0x00, 0x00, 0x00, 0x00, } },
  { .id = 1204, .a = 343, .b = 110, .token = {'c', 'h', 'n', 0x00, 0x00, 0x00, 0x00, 0x00, 0x00, 0x00, 0x00, 0x00, 0x00, 0x00, 0x00, 0x00, 0x00, 0x00, 0x00, 0x00, 0x00, 0x00, 0x00, 0x00, 0x00, 0x00, 0x00, 0x00, 0x00, 0x00, 0x00, 0x00, } },
  { .id = 1205, .a = 1180, .b = 624, .token = {' ', 'i', 'n', 'd', 'i', 'v', 'i', 'd', 'u', 'a', 'l', 0x00, 0x00, 0x00, 0x00, 0x00, 0x00, 0x00, 0x00, 0x00, 0x00, 0x00, 0x00, 0x00, 0x00, 0x00, 0x00, 0x00, 0x00, 0x00, 0x00, 0x00, } },
  { .id = 1206, .a = 276, .b = 282, .token = {'i', 't', 'a', 'l', 0x00, 0x00, 0x00, 0x00, 0x00, 0x00, 0x00, 0x00, 0x00, 0x00, 0x00, 0x00, 0x00, 0x00, 0x00, 0x00, 0x00, 0x00, 0x00, 0x00, 0x00, 0x00, 0x00, 0x00, 0x00, 0x00, 0x00, 0x00, } },
  { .id = 1207, .a = 297, .b = 873, .token = {' ', 't', 'h', 'i', 'n', 'k', 0x00, 0x00, 0x00, 0x00, 0x00, 0x00, 0x00, 0x00, 0x00, 0x00, 0x00, 0x00, 0x00, 0x00, 0x00, 0x00, 0x00, 0x00, 0x00, 0x00, 0x00, 0x00, 0x00, 0x00, 0x00, 0x00, } },
  { .id = 1208, .a = 101, .b = 102, .token = {'e', 'f', 0x00, 0x00, 0x00, 0x00, 0x00, 0x00, 0x00, 0x00, 0x00, 0x00, 0x00, 0x00, 0x00, 0x00, 0x00, 0x00, 0x00, 0x00, 0x00, 0x00, 0x00, 0x00, 0x00, 0x00, 0x00, 0x00, 0x00, 0x00, 0x00, 0x00, } },
  { .id = 1209, .a = 1028, .b = 322, .token = {' ', 'i', 'm', 'p', 'o', 'r', 't', 'a', 'n', 't', 0x00, 0x00, 0x00, 0x00, 0x00, 0x00, 0x00, 0x00, 0x00, 0x00, 0x00, 0x00, 0x00, 0x00, 0x00, 0x00, 0x00, 0x00, 0x00, 0x00, 0x00, 0x00, } },
  { .id = 1210, .a = 621, .b = 264, .token = {' ', 'e', 'v', 'e', 'n', 0x00, 0x00, 0x00, 0x00, 0x00, 0x00, 0x00, 0x00, 0x00, 0x00, 0x00, 0x00, 0x00, 0x00, 0x00, 0x00, 0x00, 0x00, 0x00, 0x00, 0x00, 0x00, 0x00, 0x00, 0x00, 0x00, 0x00, } },
  { .id = 1211, .a = 280, .b = 111, .token = {' ', 'b', 'o', 0x00, 0x00, 0x00, 0x00, 0x00, 0x00, 0x00, 0x00, 0x00, 0x00, 0x00, 0x00, 0x00, 0x00, 0x00, 0x00, 0x00, 0x00, 0x00, 0x00, 0x00, 0x00, 0x00, 0x00, 0x00, 0x00, 0x00, 0x00, 0x00, } },
  { .id = 1212, .a = 333, .b = 102, .token = {' ', 'c', 'o', 'n', 'f', 0x00, 0x00, 0x00, 0x00, 0x00, 0x00, 0x00, 0x00, 0x00, 0x00, 0x00, 0x00, 0x00, 0x00, 0x00, 0x00, 0x00, 0x00, 0x00, 0x00, 0x00, 0x00, 0x00, 0x00, 0x00, 0x00, 0x00, } },
  { .id = 1213, .a = 305, .b = 399, .token = {'c', 'e', 'p', 't', 0x00, 0x00, 0x00, 0x00, 0x00, 0x00, 0x00, 0x00, 0x00, 0x00, 0x00, 0x00, 0x00, 0x00, 0x00, 0x00, 0x00, 0x00, 0x00, 0x00, 0x00, 0x00, 0x00, 0x00, 0x00, 0x00, 0x00, 0x00, } },
  { .id = 1214, .a = 349, .b = 275, .token = {'i', 'v', 'i', 'n', 'g', 0x00, 0x00, 0x00, 0x00, 0x00, 0x00, 0x00, 0x00, 0x00, 0x00, 0x00, 0x00, 0x00, 0x00, 0x00, 0x00, 0x00, 0x00, 0x00, 0x00, 0x00, 0x00, 0x00, 0x00, 0x00, 0x00, 0x00, } },
  { .id = 1215, .a = 342, .b = 316, .token = {'a', 't', 'e', 'l', 'y', 0x00, 0x00, 0x00, 0x00, 0x00, 0x00, 0x00, 0x00, 0x00, 0x00, 0x00, 0x00, 0x00, 0x00, 0x00, 0x00, 0x00, 0x00, 0x00, 0x00, 0x00, 0x00, 0x00, 0x00, 0x00, 0x00, 0x00, } },
  { .id = 1216, .a = 312, .b = 753, .token = {' ', 'g', 'r', 'o', 'w', 0x00, 0x00, 0x00, 0x00, 0x00, 0x00, 0x00, 0x00, 0x00, 0x00, 0x00, 0x00, 0x00, 0x00, 0x00, 0x00, 0x00, 0x00, 0x00, 0x00, 0x00, 0x00, 0x00, 0x00, 0x00, 0x00, 0x00, } },
  { .id = 1217, .a = 1015, .b = 121, .token = {'e', 'r', 'g', 'y', 0x00, 0x00, 0x00, 0x00, 0x00, 0x00, 0x00, 0x00, 0x00, 0x00, 0x00, 0x00, 0x00, 0x00, 0x00, 0x00, 0x00, 0x00, 0x00, 0x00, 0x00, 0x00, 0x00, 0x00, 0x00, 0x00, 0x00, 0x00, } },
  { .id = 1218, .a = 294, .b = 293, .token = {'i', 'c', 'l', 'e', 0x00, 0x00, 0x00, 0x00, 0x00, 0x00, 0x00, 0x00, 0x00, 0x00, 0x00, 0x00, 0x00, 0x00, 0x00, 0x00, 0x00, 0x00, 0x00, 0x00, 0x00, 0x00, 0x00, 0x00, 0x00, 0x00, 0x00, 0x00, } },
  { .id = 1219, .a = 383, .b = 1047, .token = {' ', 'c', 'a', 'n', 'n', 'o', 't', 0x00, 0x00, 0x00, 0x00, 0x00, 0x00, 0x00, 0x00, 0x00, 0x00, 0x00, 0x00, 0x00, 0x00, 0x00, 0x00, 0x00, 0x00, 0x00, 0x00, 0x00, 0x00, 0x00, 0x00, 0x00, } },
  { .id = 1220, .a = 637, .b = 49, .token = {'2', '0', '1', 0x00, 0x00, 0x00, 0x00, 0x00, 0x00, 0x00, 0x00, 0x00, 0x00, 0x00, 0x00, 0x00, 0x00, 0x00, 0x00, 0x00, 0x00, 0x00, 0x00, 0x00, 0x00, 0x00, 0x00, 0x00, 0x00, 0x00, 0x00, 0x00, } },
  { .id = 1221, .a = 290, .b = 458, .token = {'a', 'r', 'd', 's', 0x00, 0x00, 0x00, 0x00, 0x00, 0x00, 0x00, 0x00, 0x00, 0x00, 0x00, 0x00, 0x00, 0x00, 0x00, 0x00, 0x00, 0x00, 0x00, 0x00, 0x00, 0x00, 0x00, 0x00, 0x00, 0x00, 0x00, 0x00, } },
  { .id = 1222, .a = 445, .b = 115, .token = {'u', 'r', 'e', 's', 0x00, 0x00, 0x00, 0x00, 0x00, 0x00, 0x00, 0x00, 0x00, 0x00, 0x00, 0x00, 0x00, 0x00, 0x00, 0x00, 0x00, 0x00, 0x00, 0x00, 0x00, 0x00, 0x00, 0x00, 0x00, 0x00, 0x00, 0x00, } },
  { .id = 1223, .a = 308, .b = 97, .token = {' ', 'l', 'a', 0x00, 0x00, 0x00, 0x00, 0x00, 0x00, 0x00, 0x00, 0x00, 0x00, 0x00, 0x00, 0x00, 0x00, 0x00, 0x00, 0x00, 0x00, 0x00, 0x00, 0x00, 0x00, 0x00, 0x00, 0x00, 0x00, 0x00, 0x00, 0x00, } },
  { .id = 1224, .a = 265, .b = 449, .token = {' ', 's', 'o', 'c', 0x00, 0x00, 0x00, 0x00, 0x00, 0x00, 0x00, 0x00, 0x00, 0x00, 0x00, 0x00, 0x00, 0x00, 0x00, 0x00, 0x00, 0x00, 0x00, 0x00, 0x00, 0x00, 0x00, 0x00, 0x00, 0x00, 0x00, 0x00, } },
  { .id = 1225, .a = 637, .b = 48, .token = {'2', '0', '0', 0x00, 0x00, 0x00, 0x00, 0x00, 0x00, 0x00, 0x00, 0x00, 0x00, 0x00, 0x00, 0x00, 0x00, 0x00, 0x00, 0x00, 0x00, 0x00, 0x00, 0x00, 0x00, 0x00, 0x00, 0x00, 0x00, 0x00, 0x00, 0x00, } },
  { .id = 1226, .a = 110, .b = 450, .token = {'n', 'e', 'c', 't', 0x00, 0x00, 0x00, 0x00, 0x00, 0x00, 0x00, 0x00, 0x00, 0x00, 0x00, 0x00, 0x00, 0x00, 0x00, 0x00, 0x00, 0x00, 0x00, 0x00, 0x00, 0x00, 0x00, 0x00, 0x00, 0x00, 0x00, 0x00, } },
  { .id = 1227, .a = 105, .b = 120, .token = {'i', 'x', 0x00, 0x00, 0x00, 0x00, 0x00, 0x00, 0x00, 0x00, 0x00, 0x00, 0x00, 0x00, 0x00, 0x00, 0x00, 0x00, 0x00, 0x00, 0x00, 0x00, 0x00, 0x00, 0x00, 0x00, 0x00, 0x00, 0x00, 0x00, 0x00, 0x00, } },
  { .id = 1228, .a = 839, .b = 275, .token = {' ', 'm', 'e', 'a', 'n', 'i', 'n', 'g', 0x00, 0x00, 0x00, 0x00, 0x00, 0x00, 0x00, 0x00, 0x00, 0x00, 0x00, 0x00, 0x00, 0x00, 0x00, 0x00, 0x00, 0x00, 0x00, 0x00, 0x00, 0x00, 0x00, 0x00, } },
  { .id = 1229, .a = 304, .b = 355, .token = {' ', 'r', 'e', 'q', 'u', 0x00, 0x00, 0x00, 0x00, 0x00, 0x00, 0x00, 0x00, 0x00, 0x00, 0x00, 0x00, 0x00, 0x00, 0x00, 0x00, 0x00, 0x00, 0x00, 0x00, 0x00, 0x00, 0x00, 0x00, 0x00, 0x00, 0x00, } },
  { .id = 1230, .a = 319, .b = 472, .token = {' ', 's', 't', 'a', 'r', 't', 0x00, 0x00, 0x00, 0x00, 0x00, 0x00, 0x00, 0x00, 0x00, 0x00, 0x00, 0x00, 0x00, 0x00, 0x00, 0x00, 0x00, 0x00, 0x00, 0x00, 0x00, 0x00, 0x00, 0x00, 0x00, 0x00, } },
  { .id = 1231, .a = 278, .b = 110, .token = {'o', 'r', 'n', 0x00, 0x00, 0x00, 0x00, 0x00, 0x00, 0x00, 0x00, 0x00, 0x00, 0x00, 0x00, 0x00, 0x00, 0x00, 0x00, 0x00, 0x00, 0x00, 0x00, 0x00, 0x00, 0x00, 0x00, 0x00, 0x00, 0x00, 0x00, 0x00, } },
  { .id = 1232, .a = 299, .b = 324, .token = {' ', 'h', 'i', 'm', 0x00, 0x00, 0x00, 0x00, 0x00, 0x00, 0x00, 0x00, 0x00, 0x00, 0x00, 0x00, 0x00, 0x00, 0x00, 0x00, 0x00, 0x00, 0x00, 0x00, 0x00, 0x00, 0x00, 0x00, 0x00, 0x00, 0x00, 0x00, } },
  { .id = 1233, .a = 506, .b = 560, .token = {' ', 'm', 'e', 'a', 'n', 's', 0x00, 0x00, 0x00, 0x00, 0x00, 0x00, 0x00, 0x00, 0x00, 0x00, 0x00, 0x00, 0x00, 0x00, 0x00, 0x00, 0x00, 0x00, 0x00, 0x00, 0x00, 0x00, 0x00, 0x00, 0x00, 0x00, } },
  { .id = 1234, .a = 118, .b = 348, .token = {'v', 'e', 'r', 's', 0x00, 0x00, 0x00, 0x00, 0x00, 0x00, 0x00, 0x00, 0x00, 0x00, 0x00, 0x00, 0x00, 0x00, 0x00, 0x00, 0x00, 0x00, 0x00, 0x00, 0x00, 0x00, 0x00, 0x00, 0x00, 0x00, 0x00, 0x00, } },
  { .id = 1235, .a = 940, .b = 616, .token = {' ', 's', 'i', 'g', 'n', 'i', 'f', 'i', 'c', 0x00, 0x00, 0x00, 0x00, 0x00, 0x00, 0x00, 0x00, 0x00, 0x00, 0x00, 0x00, 0x00, 0x00, 0x00, 0x00, 0x00, 0x00, 0x00, 0x00, 0x00, 0x00, 0x00, } },
  { .id = 1236, .a = 561, .b = 568, .token = {' ', 'a', 'r', 'o', 'u', 'n', 'd', 0x00, 0x00, 0x00, 0x00, 0x00, 0x00, 0x00, 0x00, 0x00, 0x00, 0x00, 0x00, 0x00, 0x00, 0x00, 0x00, 0x00, 0x00, 0x00, 0x00, 0x00, 0x00, 0x00, 0x00, 0x00, } },
  { .id = 1237, .a = 265, .b = 307, .token = {' ', 's', 'o', 'm', 0x00, 0x00, 0x00, 0x00, 0x00, 0x00, 0x00, 0x00, 0x00, 0x00, 0x00, 0x00, 0x00, 0x00, 0x00, 0x00, 0x00, 0x00, 0x00, 0x00, 0x00, 0x00, 0x00, 0x00, 0x00, 0x00, 0x00, 0x00, } },
  { .id = 1238, .a = 269, .b = 537, .token = {' ', 'c', 'a', 's', 'e', 0x00, 0x00, 0x00, 0x00, 0x00, 0x00, 0x00, 0x00, 0x00, 0x00, 0x00, 0x00, 0x00, 0x00, 0x00, 0x00, 0x00, 0x00, 0x00, 0x00, 0x00, 0x00, 0x00, 0x00, 0x00, 0x00, 0x00, } },
  { .id = 1239, .a = 1062, .b = 818, .token = {' ', 'p', 'o', 't', 'e', 'n', 't', 'i', 'a', 'l', 0x00, 0x00, 0x00, 0x00, 0x00, 0x00, 0x00, 0x00, 0x00, 0x00, 0x00, 0x00, 0x00, 0x00, 0x00, 0x00, 0x00, 0x00, 0x00, 0x00, 0x00, 0x00, } },
  { .id = 1240, .a = 100, .b = 345, .token = {'d', 'a', 'y', 0x00, 0x00, 0x00, 0x00, 0x00, 0x00, 0x00, 0x00, 0x00, 0x00, 0x00, 0x00, 0x00, 0x00, 0x00, 0x00, 0x00, 0x00, 0x00, 0x00, 0x00, 0x00, 0x00, 0x00, 0x00, 0x00, 0x00, 0x00, 0x00, } },
  { .id = 1241, .a = 461, .b = 100, .token = {' ', 'w', 'o', 'r', 'd', 0x00, 0x00, 0x00, 0x00, 0x00, 0x00, 0x00, 0x00, 0x00, 0x00, 0x00, 0x00, 0x00, 0x00, 0x00, 0x00, 0x00, 0x00, 0x00, 0x00, 0x00, 0x00, 0x00, 0x00, 0x00, 0x00, 0x00, } },
  { .id = 1242, .a = 929, .b = 294, .token = {'m', 'e', 'r', 'i', 'c', 0x00, 0x00, 0x00, 0x00, 0x00, 0x00, 0x00, 0x00, 0x00, 0x00, 0x00, 0x00, 0x00, 0x00, 0x00, 0x00, 0x00, 0x00, 0x00, 0x00, 0x00, 0x00, 0x00, 0x00, 0x00, 0x00, 0x00, } },
  { .id = 1243, .a = 448, .b = 100, .token = {' ', 'e', 'n', 'd', 0x00, 0x00, 0x00, 0x00, 0x00, 0x00, 0x00, 0x00, 0x00, 0x00, 0x00, 0x00, 0x00, 0x00, 0x00, 0x00, 0x00, 0x00, 0x00, 0x00, 0x00, 0x00, 0x00, 0x00, 0x00, 0x00, 0x00, 0x00, } },
  { .id = 1244, .a = 438, .b = 103, .token = {' ', 'd', 'o', 'g', 0x00, 0x00, 0x00, 0x00, 0x00, 0x00, 0x00, 0x00, 0x00, 0x00, 0x00, 0x00, 0x00, 0x00, 0x00, 0x00, 0x00, 0x00, 0x00, 0x00, 0x00, 0x00, 0x00, 0x00, 0x00, 0x00, 0x00, 0x00, } },
  { .id = 1245, .a = 259, .b = 327, .token = {' ', 'a', 'i', 'r', 0x00, 0x00, 0x00, 0x00, 0x00, 0x00, 0x00, 0x00, 0x00, 0x00, 0x00, 0x00, 0x00, 0x00, 0x00, 0x00, 0x00, 0x00, 0x00, 0x00, 0x00, 0x00, 0x00, 0x00, 0x00, 0x00, 0x00, 0x00, } },
  { .id = 1246, .a = 343, .b = 111, .token = {'c', 'h', 'o', 0x00, 0x00, 0x00, 0x00, 0x00, 0x00, 0x00, 0x00, 0x00, 0x00, 0x00, 0x00, 0x00, 0x00, 0x00, 0x00, 0x00, 0x00, 0x00, 0x00, 0x00, 0x00, 0x00, 0x00, 0x00, 0x00, 0x00, 0x00, 0x00, } },
  { .id = 1247, .a = 285, .b = 359, .token = {'o', 'u', 's', 'e', 0x00, 0x00, 0x00, 0x00, 0x00, 0x00, 0x00, 0x00, 0x00, 0x00, 0x00, 0x00, 0x00, 0x00, 0x00, 0x00, 0x00, 0x00, 0x00, 0x00, 0x00, 0x00, 0x00, 0x00, 0x00, 0x00, 0x00, 0x00, } },
  { .id = 1248, .a = 306, .b = 768, .token = {' ', 'e', 'v', 'e', 'r', 'y', 0x00, 0x00, 0x00, 0x00, 0x00, 0x00, 0x00, 0x00, 0x00, 0x00, 0x00, 0x00, 0x00, 0x00, 0x00, 0x00, 0x00, 0x00, 0x00, 0x00, 0x00, 0x00, 0x00, 0x00, 0x00, 0x00, } },
  { .id = 1249, .a = 619, .b = 294, .token = {' ', 'i', 'n', 'd', 'i', 'c', 0x00, 0x00, 0x00, 0x00, 0x00, 0x00, 0x00, 0x00, 0x00, 0x00, 0x00, 0x00, 0x00, 0x00, 0x00, 0x00, 0x00, 0x00, 0x00, 0x00, 0x00, 0x00, 0x00, 0x00, 0x00, 0x00, } },
  { .id = 1250, .a = 288, .b = 1163, .token = {' ', 't', 'o', 't', 'a', 'l', 0x00, 0x00, 0x00, 0x00, 0x00, 0x00, 0x00, 0x00, 0x00, 0x00, 0x00, 0x00, 0x00, 0x00, 0x00, 0x00, 0x00, 0x00, 0x00, 0x00, 0x00, 0x00, 0x00, 0x00, 0x00, 0x00, } },
  { .id = 1251, .a = 1037, .b = 283, .token = {' ', 'c', 'a', 'l', 'l', 'e', 'd', 0x00, 0x00, 0x00, 0x00, 0x00, 0x00, 0x00, 0x00, 0x00, 0x00, 0x00, 0x00, 0x00, 0x00, 0x00, 0x00, 0x00, 0x00, 0x00, 0x00, 0x00, 0x00, 0x00, 0x00, 0x00, } },
  { .id = 1252, .a = 319, .b = 408, .token = {' ', 's', 't', 'a', 'n', 'd', 0x00, 0x00, 0x00, 0x00, 0x00, 0x00, 0x00, 0x00, 0x00, 0x00, 0x00, 0x00, 0x00, 0x00, 0x00, 0x00, 0x00, 0x00, 0x00, 0x00, 0x00, 0x00, 0x00, 0x00, 0x00, 0x00, } },
  { .id = 1253, .a = 119, .b = 345, .token = {'w', 'a', 'y', 0x00, 0x00, 0x00, 0x00, 0x00, 0x00, 0x00, 0x00, 0x00, 0x00, 0x00, 0x00, 0x00, 0x00, 0x00, 0x00, 0x00, 0x00, 0x00, 0x00, 0x00, 0x00, 0x00, 0x00, 0x00, 0x00, 0x00, 0x00, 0x00, } },
  { .id = 1254, .a = 935, .b = 733, .token = {' ', 'e', 'l', 'e', 'm', 'e', 'n', 't', 's', 0x00, 0x00, 0x00, 0x00, 0x00, 0x00, 0x00, 0x00, 0x00, 0x00, 0x00, 0x00, 0x00, 0x00, 0x00, 0x00, 0x00, 0x00, 0x00, 0x00, 0x00, 0x00, 0x00, } },
  { .id = 1255, .a = 620, .b = 285, .token = {' ', 'Y', 'o', 'u', 0x00, 0x00, 0x00, 0x00, 0x00, 0x00, 0x00, 0x00, 0x00, 0x00, 0x00, 0x00, 0x00, 0x00, 0x00, 0x00, 0x00, 0x00, 0x00, 0x00, 0x00, 0x00, 0x00, 0x00, 0x00, 0x00, 0x00, 0x00, } },
  { .id = 1256, .a = 396, .b = 110, .token = {'t', 'e', 'r', 'n', 0x00, 0x00, 0x00, 0x00, 0x00, 0x00, 0x00, 0x00, 0x00, 0x00, 0x00, 0x00, 0x00, 0x00, 0x00, 0x00, 0x00, 0x00, 0x00, 0x00, 0x00, 0x00, 0x00, 0x00, 0x00, 0x00, 0x00, 0x00, } },
  { .id = 1257, .a = 640, .b = 692, .token = {' ', 'A', 'n', 'a', 'l', 'y', 0x00, 0x00, 0x00, 0x00, 0x00, 0x00, 0x00, 0x00, 0x00, 0x00, 0x00, 0x00, 0x00, 0x00, 0x00, 0x00, 0x00, 0x00, 0x00, 0x00, 0x00, 0x00, 0x00, 0x00, 0x00, 0x00, } },
  { .id = 1258, .a = 660, .b = 329, .token = {'r', 'i', 'b', 'u', 't', 0x00, 0x00, 0x00, 0x00, 0x00, 0x00, 0x00, 0x00, 0x00, 0x00, 0x00, 0x00, 0x00, 0x00, 0x00, 0x00, 0x00, 0x00, 0x00, 0x00, 0x00, 0x00, 0x00, 0x00, 0x00, 0x00, 0x00, } },
  { .id = 1259, .a = 288, .b = 111, .token = {' ', 't', 'o', 'o', 0x00, 0x00, 0x00, 0x00, 0x00, 0x00, 0x00, 0x00, 0x00, 0x00, 0x00, 0x00, 0x00, 0x00, 0x00, 0x00, 0x00, 0x00, 0x00, 0x00, 0x00, 0x00, 0x00, 0x00, 0x00, 0x00, 0x00, 0x00, } },
  { .id = 1260, .a = 394, .b = 116, .token = {' ', 'e', 'x', 't', 0x00, 0x00, 0x00, 0x00, 0x00, 0x00, 0x00, 0x00, 0x00, 0x00, 0x00, 0x00, 0x00, 0x00, 0x00, 0x00, 0x00, 0x00, 0x00, 0x00, 0x00, 0x00, 0x00, 0x00, 0x00, 0x00, 0x00, 0x00, } },
  { .id = 1261, .a = 403, .b = 1094, .token = {' ', 'h', 'e', 'a', 'l', 't', 'h', 0x00, 0x00, 0x00, 0x00, 0x00, 0x00, 0x00, 0x00, 0x00, 0x00, 0x00, 0x00, 0x00, 0x00, 0x00, 0x00, 0x00, 0x00, 0x00, 0x00, 0x00, 0x00, 0x00, 0x00, 0x00, } },
  { .id = 1262, .a = 667, .b = 121, .token = {'o', 'd', 'y', 0x00, 0x00, 0x00, 0x00, 0x00, 0x00, 0x00, 0x00, 0x00, 0x00, 0x00, 0x00, 0x00, 0x00, 0x00, 0x00, 0x00, 0x00, 0x00, 0x00, 0x00, 0x00, 0x00, 0x00, 0x00, 0x00, 0x00, 0x00, 0x00, } },
  { .id = 1263, .a = 284, .b = 115, .token = {' ', 'i', 'n', 's', 0x00, 0x00, 0x00, 0x00, 0x00, 0x00, 0x00, 0x00, 0x00, 0x00, 0x00, 0x00, 0x00, 0x00, 0x00, 0x00, 0x00, 0x00, 0x00, 0x00, 0x00, 0x00, 0x00, 0x00, 0x00, 0x00, 0x00, 0x00, } },
  { .id = 1264, .a = 291, .b = 344, .token = {' ', 'd', 'e', 'p', 0x00, 0x00, 0x00, 0x00, 0x00, 0x00, 0x00, 0x00, 0x00, 0x00, 0x00, 0x00, 0x00, 0x00, 0x00, 0x00, 0x00, 0x00, 0x00, 0x00, 0x00, 0x00, 0x00, 0x00, 0x00, 0x00, 0x00, 0x00, } },
  { .id = 1265, .a = 394, .b = 337, .token = {' ', 'e', 'x', 'a', 'm', 0x00, 0x00, 0x00, 0x00, 0x00, 0x00, 0x00, 0x00, 0x00, 0x00, 0x00, 0x00, 0x00, 0x00, 0x00, 0x00, 0x00, 0x00, 0x00, 0x00, 0x00, 0x00, 0x00, 0x00, 0x00, 0x00, 0x00, } },
  { .id = 1266, .a = 594, .b = 281, .token = {' ', 'a', 'c', 't', 'i', 'o', 'n', 0x00, 0x00, 0x00, 0x00, 0x00, 0x00, 0x00, 0x00, 0x00, 0x00, 0x00, 0x00, 0x00, 0x00, 0x00, 0x00, 0x00, 0x00, 0x00, 0x00, 0x00, 0x00, 0x00, 0x00, 0x00, } },
  { .id = 1267, .a = 594, .b = 349, .token = {' ', 'a', 'c', 't', 'i', 'v', 0x00, 0x00, 0x00, 0x00, 0x00, 0x00, 0x00, 0x00, 0x00, 0x00, 0x00, 0x00, 0x00, 0x00, 0x00, 0x00, 0x00, 0x00, 0x00, 0x00, 0x00, 0x00, 0x00, 0x00, 0x00, 0x00, } },
  { .id = 1268, .a = 326, .b = 108, .token = {' ', 'b', 'e', 'l', 0x00, 0x00, 0x00, 0x00, 0x00, 0x00, 0x00, 0x00, 0x00, 0x00, 0x00, 0x00, 0x00, 0x00, 0x00, 0x00, 0x00, 0x00, 0x00, 0x00, 0x00, 0x00, 0x00, 0x00, 0x00, 0x00, 0x00, 0x00, } },
  { .id = 1269, .a = 330, .b = 115, .token = {' ', 'I', 's', 0x00, 0x00, 0x00, 0x00, 0x00, 0x00, 0x00, 0x00, 0x00, 0x00, 0x00, 0x00, 0x00, 0x00, 0x00, 0x00, 0x00, 0x00, 0x00, 0x00, 0x00, 0x00, 0x00, 0x00, 0x00, 0x00, 0x00, 0x00, 0x00, } },
  { .id = 1270, .a = 308, .b = 377, .token = {' ', 'l', 'e', 's', 's', 0x00, 0x00, 0x00, 0x00, 0x00, 0x00, 0x00, 0x00, 0x00, 0x00, 0x00, 0x00, 0x00, 0x00, 0x00, 0x00, 0x00, 0x00, 0x00, 0x00, 0x00, 0x00, 0x00, 0x00, 0x00, 0x00, 0x00, } },
  { .id = 1271, .a = 293, .b = 537, .token = {'l', 'e', 'a', 's', 'e', 0x00, 0x00, 0x00, 0x00, 0x00, 0x00, 0x00, 0x00, 0x00, 0x00, 0x00, 0x00, 0x00, 0x00, 0x00, 0x00, 0x00, 0x00, 0x00, 0x00, 0x00, 0x00, 0x00, 0x00, 0x00, 0x00, 0x00, } },
  { .id = 1272, .a = 99, .b = 363, .token = {'c', 'u', 'l', 0x00, 0x00, 0x00, 0x00, 0x00, 0x00, 0x00, 0x00, 0x00, 0x00, 0x00, 0x00, 0x00, 0x00, 0x00, 0x00, 0x00, 0x00, 0x00, 0x00, 0x00, 0x00, 0x00, 0x00, 0x00, 0x00, 0x00, 0x00, 0x00, } },
  { .id = 1273, .a = 312, .b = 108, .token = {' ', 'g', 'l', 0x00, 0x00, 0x00, 0x00, 0x00, 0x00, 0x00, 0x00, 0x00, 0x00, 0x00, 0x00, 0x00, 0x00, 0x00, 0x00, 0x00, 0x00, 0x00, 0x00, 0x00, 0x00, 0x00, 0x00, 0x00, 0x00, 0x00, 0x00, 0x00, } },
  { .id = 1274, .a = 311, .b = 115, .token = {'u', 's', 's', 0x00, 0x00, 0x00, 0x00, 0x00, 0x00, 0x00, 0x00, 0x00, 0x00, 0x00, 0x00, 0x00, 0x00, 0x00, 0x00, 0x00, 0x00, 0x00, 0x00, 0x00, 0x00, 0x00, 0x00, 0x00, 0x00, 0x00, 0x00, 0x00, } },
  { .id = 1275, .a = 901, .b = 112, .token = {' ', 'C', 'o', 'm', 'p', 0x00, 0x00, 0x00, 0x00, 0x00, 0x00, 0x00, 0x00, 0x00, 0x00, 0x00, 0x00, 0x00, 0x00, 0x00, 0x00, 0x00, 0x00, 0x00, 0x00, 0x00, 0x00, 0x00, 0x00, 0x00, 0x00, 0x00, } },
  { .id = 1276, .a = 350, .b = 1143, .token = {' ', 'p', 'r', 'o', 'b', 'l', 'e', 'm', 0x00, 0x00, 0x00, 0x00, 0x00, 0x00, 0x00, 0x00, 0x00, 0x00, 0x00, 0x00, 0x00, 0x00, 0x00, 0x00, 0x00, 0x00, 0x00, 0x00, 0x00, 0x00, 0x00, 0x00, } },
  { .id = 1277, .a = 111, .b = 303, .token = {'o', 'o', 't', 0x00, 0x00, 0x00, 0x00, 0x00, 0x00, 0x00, 0x00, 0x00, 0x00, 0x00, 0x00, 0x00, 0x00, 0x00, 0x00, 0x00, 0x00, 0x00, 0x00, 0x00, 0x00, 0x00, 0x00, 0x00, 0x00, 0x00, 0x00, 0x00, } },
  { .id = 1278, .a = 327, .b = 262, .token = {'i', 'r', 'o', 'n', 0x00, 0x00, 0x00, 0x00, 0x00, 0x00, 0x00, 0x00, 0x00, 0x00, 0x00, 0x00, 0x00, 0x00, 0x00, 0x00, 0x00, 0x00, 0x00, 0x00, 0x00, 0x00, 0x00, 0x00, 0x00, 0x00, 0x00, 0x00, } },
  { .id = 1279, .a = 288, .b = 112, .token = {' ', 't', 'o', 'p', 0x00, 0x00, 0x00, 0x00, 0x00, 0x00, 0x00, 0x00, 0x00, 0x00, 0x00, 0x00, 0x00, 0x00, 0x00, 0x00, 0x00, 0x00, 0x00, 0x00, 0x00, 0x00, 0x00, 0x00, 0x00, 0x00, 0x00, 0x00, } },
  { .id = 1280, .a = 407, .b = 298, .token = {' ', 'P', 'r', 'o', 0x00, 0x00, 0x00, 0x00, 0x00, 0x00, 0x00, 0x00, 0x00, 0x00, 0x00, 0x00, 0x00, 0x00, 0x00, 0x00, 0x00, 0x00, 0x00, 0x00, 0x00, 0x00, 0x00, 0x00, 0x00, 0x00, 0x00, 0x00, } },
  { .id = 1281, .a = 448, .b = 103, .token = {' ', 'e', 'n', 'g', 0x00, 0x00, 0x00, 0x00, 0x00, 0x00, 0x00, 0x00, 0x00, 0x00, 0x00, 0x00, 0x00, 0x00, 0x00, 0x00, 0x00, 0x00, 0x00, 0x00, 0x00, 0x00, 0x00, 0x00, 0x00, 0x00, 0x00, 0x00, } },
  { .id = 1282, .a = 426, .b = 111, .token = {' ', 'c', 'h', 'o', 0x00, 0x00, 0x00, 0x00, 0x00, 0x00, 0x00, 0x00, 0x00, 0x00, 0x00, 0x00, 0x00, 0x00, 0x00, 0x00, 0x00, 0x00, 0x00, 0x00, 0x00, 0x00, 0x00, 0x00, 0x00, 0x00, 0x00, 0x00, } },
  { .id = 1283, .a = 272, .b = 112, .token = {' ', 'o', 'p', 0x00, 0x00, 0x00, 0x00, 0x00, 0x00, 0x00, 0x00, 0x00, 0x00, 0x00, 0x00, 0x00, 0x00, 0x00, 0x00, 0x00, 0x00, 0x00, 0x00, 0x00, 0x00, 0x00, 0x00, 0x00, 0x00, 0x00, 0x00, 0x00, } },
  { .id = 1284, .a = 108, .b = 460, .token = {'l', 'i', 'g', 'h', 't', 0x00, 0x00, 0x00, 0x00, 0x00, 0x00, 0x00, 0x00, 0x00, 0x00, 0x00, 0x00, 0x00, 0x00, 0x00, 0x00, 0x00, 0x00, 0x00, 0x00, 0x00, 0x00, 0x00, 0x00, 0x00, 0x00, 0x00, } },
  { .id = 1285, .a = 267, .b = 109, .token = {'i', 's', 'm', 0x00, 0x00, 0x00, 0x00, 0x00, 0x00, 0x00, 0x00, 0x00, 0x00, 0x00, 0x00, 0x00, 0x00, 0x00, 0x00, 0x00, 0x00, 0x00, 0x00, 0x00, 0x00, 0x00, 0x00, 0x00, 0x00, 0x00, 0x00, 0x00, } },
  { .id = 1286, .a = 465, .b = 1153, .token = {' ', 'd', 'e', 'v', 'e', 'l', 'o', 'p', 0x00, 0x00, 0x00, 0x00, 0x00, 0x00, 0x00, 0x00, 0x00, 0x00, 0x00, 0x00, 0x00, 0x00, 0x00, 0x00, 0x00, 0x00, 0x00, 0x00, 0x00, 0x00, 0x00, 0x00, } },
  { .id = 1287, .a = 331, .b = 1242, .token = {' ', 'A', 'm', 'e', 'r', 'i', 'c', 0x00, 0x00, 0x00, 0x00, 0x00, 0x00, 0x00, 0x00, 0x00, 0x00, 0x00, 0x00, 0x00, 0x00, 0x00, 0x00, 0x00, 0x00, 0x00, 0x00, 0x00, 0x00, 0x00, 0x00, 0x00, } },
  { .id = 1288, .a = 365, .b = 97, .token = {' ', 'a', 'r', 'e', 'a', 0x00, 0x00, 0x00, 0x00, 0x00, 0x00, 0x00, 0x00, 0x00, 0x00, 0x00, 0x00, 0x00, 0x00, 0x00, 0x00, 0x00, 0x00, 0x00, 0x00, 0x00, 0x00, 0x00, 0x00, 0x00, 0x00, 0x00, } },
  { .id = 1289, .a = 449, .b = 311, .token = {'o', 'c', 'u', 's', 0x00, 0x00, 0x00, 0x00, 0x00, 0x00, 0x00, 0x00, 0x00, 0x00, 0x00, 0x00, 0x00, 0x00, 0x00, 0x00, 0x00, 0x00, 0x00, 0x00, 0x00, 0x00, 0x00, 0x00, 0x00, 0x00, 0x00, 0x00, } },
  { .id = 1290, .a = 111, .b = 104, .token = {'o', 'h', 0x00, 0x00, 0x00, 0x00, 0x00, 0x00, 0x00, 0x00, 0x00, 0x00, 0x00, 0x00, 0x00, 0x00, 0x00, 0x00, 0x00, 0x00, 0x00, 0x00, 0x00, 0x00, 0x00, 0x00, 0x00, 0x00, 0x00, 0x00, 0x00, 0x00, } },
  { .id = 1291, .a = 273, .b = 740, .token = {' ', 'w', 'r', 'i', 't', 0x00, 0x00, 0x00, 0x00, 0x00, 0x00, 0x00, 0x00, 0x00, 0x00, 0x00, 0x00, 0x00, 0x00, 0x00, 0x00, 0x00, 0x00, 0x00, 0x00, 0x00, 0x00, 0x00, 0x00, 0x00, 0x00, 0x00, } },
  { .id = 1292, .a = 315, .b = 270, .token = {'i', 'd', 'e', 's', 0x00, 0x00, 0x00, 0x00, 0x00, 0x00, 0x00, 0x00, 0x00, 0x00, 0x00, 0x00, 0x00, 0x00, 0x00, 0x00, 0x00, 0x00, 0x00, 0x00, 0x00, 0x00, 0x00, 0x00, 0x00, 0x00, 0x00, 0x00, } },
  { .id = 1293, .a = 395, .b = 101, .token = {' ', 'W', 'e', 0x00, 0x00, 0x00, 0x00, 0x00, 0x00, 0x00, 0x00, 0x00, 0x00, 0x00, 0x00, 0x00, 0x00, 0x00, 0x00, 0x00, 0x00, 0x00, 0x00, 0x00, 0x00, 0x00, 0x00, 0x00, 0x00, 0x00, 0x00, 0x00, } },
  { .id = 1294, .a = 448, .b = 1217, .token = {' ', 'e', 'n', 'e', 'r', 'g', 'y', 0x00, 0x00, 0x00, 0x00, 0x00, 0x00, 0x00, 0x00, 0x00, 0x00, 0x00, 0x00, 0x00, 0x00, 0x00, 0x00, 0x00, 0x00, 0x00, 0x00, 0x00, 0x00, 0x00, 0x00, 0x00, } },
  { .id = 1295, .a = 308, .b = 276, .token = {' ', 'l', 'i', 't', 0x00, 0x00, 0x00, 0x00, 0x00, 0x00, 0x00, 0x00, 0x00, 0x00, 0x00, 0x00, 0x00, 0x00, 0x00, 0x00, 0x00, 0x00, 0x00, 0x00, 0x00, 0x00, 0x00, 0x00, 0x00, 0x00, 0x00, 0x00, } },
  { .id = 1296, .a = 105, .b = 347, .token = {'i', 'e', 'l', 0x00, 0x00, 0x00, 0x00, 0x00, 0x00, 0x00, 0x00, 0x00, 0x00, 0x00, 0x00, 0x00, 0x00, 0x00, 0x00, 0x00, 0x00, 0x00, 0x00, 0x00, 0x00, 0x00, 0x00, 0x00, 0x00, 0x00, 0x00, 0x00, } },
  { .id = 1297, .a = 269, .b = 340, .token = {' ', 'c', 'u', 'r', 0x00, 0x00, 0x00, 0x00, 0x00, 0x00, 0x00, 0x00, 0x00, 0x00, 0x00, 0x00, 0x00, 0x00, 0x00, 0x00, 0x00, 0x00, 0x00, 0x00, 0x00, 0x00, 0x00, 0x00, 0x00, 0x00, 0x00, 0x00, } },
  { .id = 1298, .a = 773, .b = 314, .token = {' ', 'l', 'o', 'c', 'a', 't', 'i', 'o', 'n', 0x00, 0x00, 0x00, 0x00, 0x00, 0x00, 0x00, 0x00, 0x00, 0x00, 0x00, 0x00, 0x00, 0x00, 0x00, 0x00, 0x00, 0x00, 0x00, 0x00, 0x00, 0x00, 0x00, } },
  { .id = 1299, .a = 284, .b = 99, .token = {' ', 'i', 'n', 'c', 0x00, 0x00, 0x00, 0x00, 0x00, 0x00, 0x00, 0x00, 0x00, 0x00, 0x00, 0x00, 0x00, 0x00, 0x00, 0x00, 0x00, 0x00, 0x00, 0x00, 0x00, 0x00, 0x00, 0x00, 0x00, 0x00, 0x00, 0x00, } },
  { .id = 1300, .a = 105, .b = 263, .token = {'i', 'e', 'r', 0x00, 0x00, 0x00, 0x00, 0x00, 0x00, 0x00, 0x00, 0x00, 0x00, 0x00, 0x00, 0x00, 0x00, 0x00, 0x00, 0x00, 0x00, 0x00, 0x00, 0x00, 0x00, 0x00, 0x00, 0x00, 0x00, 0x00, 0x00, 0x00, } },
  { .id = 1301, .a = 671, .b = 294, .token = {' ', 'p', 'a', 'r', 't', 'i', 'c', 0x00, 0x00, 0x00, 0x00, 0x00, 0x00, 0x00, 0x00, 0x00, 0x00, 0x00, 0x00, 0x00, 0x00, 0x00, 0x00, 0x00, 0x00, 0x00, 0x00, 0x00, 0x00, 0x00, 0x00, 0x00, } },
  { .id = 1302, .a = 98, .b = 348, .token = {'b', 'e', 'r', 's', 0x00, 0x00, 0x00, 0x00, 0x00, 0x00, 0x00, 0x00, 0x00, 0x00, 0x00, 0x00, 0x00, 0x00, 0x00, 0x00, 0x00, 0x00, 0x00, 0x00, 0x00, 0x00, 0x00, 0x00, 0x00, 0x00, 0x00, 0x00, } },
  { .id = 1303, .a = 313, .b = 115, .token = {'e', 't', 's', 0x00, 0x00, 0x00, 0x00, 0x00, 0x00, 0x00, 0x00, 0x00, 0x00, 0x00, 0x00, 0x00, 0x00, 0x00, 0x00, 0x00, 0x00, 0x00, 0x00, 0x00, 0x00, 0x00, 0x00, 0x00, 0x00, 0x00, 0x00, 0x00, } },
  { .id = 1304, .a = 856, .b = 402, .token = {' ', 'a', 'g', 'a', 'i', 'n', 0x00, 0x00, 0x00, 0x00, 0x00, 0x00, 0x00, 0x00, 0x00, 0x00, 0x00, 0x00, 0x00, 0x00, 0x00, 0x00, 0x00, 0x00, 0x00, 0x00, 0x00, 0x00, 0x00, 0x00, 0x00, 0x00, } },
  { .id = 1305, .a = 380, .b = 270, .token = {'a', 'g', 'e', 's', 0x00, 0x00, 0x00, 0x00, 0x00, 0x00, 0x00, 0x00, 0x00, 0x00, 0x00, 0x00, 0x00, 0x00, 0x00, 0x00, 0x00, 0x00, 0x00, 0x00, 0x00, 0x00, 0x00, 0x00, 0x00, 0x00, 0x00, 0x00, } },
  { .id = 1306, .a = 319, .b = 685, .token = {' ', 's', 't', 'o', 'r', 'y', 0x00, 0x00, 0x00, 0x00, 0x00, 0x00, 0x00, 0x00, 0x00, 0x00, 0x00, 0x00, 0x00, 0x00, 0x00, 0x00, 0x00, 0x00, 0x00, 0x00, 0x00, 0x00, 0x00, 0x00, 0x00, 0x00, } },
  { .id = 1307, .a = 49, .b = 50, .token = {'1', '2', 0x00, 0x00, 0x00, 0x00, 0x00, 0x00, 0x00, 0x00, 0x00, 0x00, 0x00, 0x00, 0x00, 0x00, 0x00, 0x00, 0x00, 0x00, 0x00, 0x00, 0x00, 0x00, 0x00, 0x00, 0x00, 0x00, 0x00, 0x00, 0x00, 0x00, } },
  { .id = 1308, .a = 353, .b = 969, .token = {' ', 'o', 'r', 'g', 'a', 'n', 0x00, 0x00, 0x00, 0x00, 0x00, 0x00, 0x00, 0x00, 0x00, 0x00, 0x00, 0x00, 0x00, 0x00, 0x00, 0x00, 0x00, 0x00, 0x00, 0x00, 0x00, 0x00, 0x00, 0x00, 0x00, 0x00, } },
  { .id = 1309, .a = 110, .b = 263, .token = {'n', 'e', 'r', 0x00, 0x00, 0x00, 0x00, 0x00, 0x00, 0x00, 0x00, 0x00, 0x00, 0x00, 0x00, 0x00, 0x00, 0x00, 0x00, 0x00, 0x00, 0x00, 0x00, 0x00, 0x00, 0x00, 0x00, 0x00, 0x00, 0x00, 0x00, 0x00, } },
  { .id = 1310, .a = 284, .b = 102, .token = {' ', 'i', 'n', 'f', 0x00, 0x00, 0x00, 0x00, 0x00, 0x00, 0x00, 0x00, 0x00, 0x00, 0x00, 0x00, 0x00, 0x00, 0x00, 0x00, 0x00, 0x00, 0x00, 0x00, 0x00, 0x00, 0x00, 0x00, 0x00, 0x00, 0x00, 0x00, } },
  { .id = 1311, .a = 708, .b = 340, .token = {' ', 'a', 'c', 'c', 'u', 'r', 0x00, 0x00, 0x00, 0x00, 0x00, 0x00, 0x00, 0x00, 0x00, 0x00, 0x00, 0x00, 0x00, 0x00, 0x00, 0x00, 0x00, 0x00, 0x00, 0x00, 0x00, 0x00, 0x00, 0x00, 0x00, 0x00, } },
  { .id = 1312, .a = 99, .b = 275, .token = {'c', 'i', 'n', 'g', 0x00, 0x00, 0x00, 0x00, 0x00, 0x00, 0x00, 0x00, 0x00, 0x00, 0x00, 0x00, 0x00, 0x00, 0x00, 0x00, 0x00, 0x00, 0x00, 0x00, 0x00, 0x00, 0x00, 0x00, 0x00, 0x00, 0x00, 0x00, } },
  { .id = 1313, .a = 269, .b = 286, .token = {' ', 'c', 'e', 'n', 't', 0x00, 0x00, 0x00, 0x00, 0x00, 0x00, 0x00, 0x00, 0x00, 0x00, 0x00, 0x00, 0x00, 0x00, 0x00, 0x00, 0x00, 0x00, 0x00, 0x00, 0x00, 0x00, 0x00, 0x00, 0x00, 0x00, 0x00, } },
  { .id = 1314, .a = 1032, .b = 263, .token = {' ', 'c', 'u', 's', 't', 'o', 'm', 'e', 'r', 0x00, 0x00, 0x00, 0x00, 0x00, 0x00, 0x00, 0x00, 0x00, 0x00, 0x00, 0x00, 0x00, 0x00, 0x00, 0x00, 0x00, 0x00, 0x00, 0x00, 0x00, 0x00, 0x00, } },
  { .id = 1315, .a = 287, .b = 283, .token = {' ', 'm', 'e', 'd', 0x00, 0x00, 0x00, 0x00, 0x00, 0x00, 0x00, 0x00, 0x00, 0x00, 0x00, 0x00, 0x00, 0x00, 0x00, 0x00, 0x00, 0x00, 0x00, 0x00, 0x00, 0x00, 0x00, 0x00, 0x00, 0x00, 0x00, 0x00, } },
  { .id = 1316, .a = 477, .b = 889, .token = {' ', 'E', 'n', 'g', 0x00, 0x00, 0x00, 0x00, 0x00, 0x00, 0x00, 0x00, 0x00, 0x00, 0x00, 0x00, 0x00, 0x00, 0x00, 0x00, 0x00, 0x00, 0x00, 0x00, 0x00, 0x00, 0x00, 0x00, 0x00, 0x00, 0x00, 0x00, } },
  { .id = 1317, .a = 353, .b = 339, .token = {' ', 'o', 'r', 'i', 'g', 0x00, 0x00, 0x00, 0x00, 0x00, 0x00, 0x00, 0x00, 0x00, 0x00, 0x00, 0x00, 0x00, 0x00, 0x00, 0x00, 0x00, 0x00, 0x00, 0x00, 0x00, 0x00, 0x00, 0x00, 0x00, 0x00, 0x00, } },
  { .id = 1318, .a = 306, .b = 290, .token = {' ', 'e', 'a', 'r', 0x00, 0x00, 0x00, 0x00, 0x00, 0x00, 0x00, 0x00, 0x00, 0x00, 0x00, 0x00, 0x00, 0x00, 0x00, 0x00, 0x00, 0x00, 0x00, 0x00, 0x00, 0x00, 0x00, 0x00, 0x00, 0x00, 0x00, 0x00, } },
  { .id = 1319, .a = 679, .b = 357, .token = {' ', 'c', 'o', 'm', 'm', 'u', 'n', 0x00, 0x00, 0x00, 0x00, 0x00, 0x00, 0x00, 0x00, 0x00, 0x00, 0x00, 0x00, 0x00, 0x00, 0x00, 0x00, 0x00, 0x00, 0x00, 0x00, 0x00, 0x00, 0x00, 0x00, 0x00, } },
  { .id = 1320, .a = 421, .b = 657, .token = {' ', 'H', 'e', 'r', 'e', 0x00, 0x00, 0x00, 0x00, 0x00, 0x00, 0x00, 0x00, 0x00, 0x00, 0x00, 0x00, 0x00, 0x00, 0x00, 0x00, 0x00, 0x00, 0x00, 0x00, 0x00, 0x00, 0x00, 0x00, 0x00, 0x00, 0x00, } },
  { .id = 1321, .a = 295, .b = 104, .token = {'a', 's', 'h', 0x00, 0x00, 0x00, 0x00, 0x00, 0x00, 0x00, 0x00, 0x00, 0x00, 0x00, 0x00, 0x00, 0x00, 0x00, 0x00, 0x00, 0x00, 0x00, 0x00, 0x00, 0x00, 0x00, 0x00, 0x00, 0x00, 0x00, 0x00, 0x00, } },
  { .id = 1322, .a = 520, .b = 487, .token = {' ', 'w', 'h', 'e', 't', 'h', 'e', 'r', 0x00, 0x00, 0x00, 0x00, 0x00, 0x00, 0x00, 0x00, 0x00, 0x00, 0x00, 0x00, 0x00, 0x00, 0x00, 0x00, 0x00, 0x00, 0x00, 0x00, 0x00, 0x00, 0x00, 0x00, } },
  { .id = 1323, .a = 491, .b = 480, .token = {' ', 'i', 'm', 'p', 'l', 0x00, 0x00, 0x00, 0x00, 0x00, 0x00, 0x00, 0x00, 0x00, 0x00, 0x00, 0x00, 0x00, 0x00, 0x00, 0x00, 0x00, 0x00, 0x00, 0x00, 0x00, 0x00, 0x00, 0x00, 0x00, 0x00, 0x00, } },
  { .id = 1324, .a = 287, .b = 430, .token = {' ', 'm', 'e', 'm', 0x00, 0x00, 0x00, 0x00, 0x00, 0x00, 0x00, 0x00, 0x00, 0x00, 0x00, 0x00, 0x00, 0x00, 0x00, 0x00, 0x00, 0x00, 0x00, 0x00, 0x00, 0x00, 0x00, 0x00, 0x00, 0x00, 0x00, 0x00, } },
  { .id = 1325, .a = 1235, .b = 322, .token = {' ', 's', 'i', 'g', 'n', 'i', 'f', 'i', 'c', 'a', 'n', 't', 0x00, 0x00, 0x00, 0x00, 0x00, 0x00, 0x00, 0x00, 0x00, 0x00, 0x00, 0x00, 0x00, 0x00, 0x00, 0x00, 0x00, 0x00, 0x00, 0x00, } },
  { .id = 1326, .a = 823, .b = 921, .token = {' ', 'U', 'n', 'i', 't', 'e', 'd', 0x00, 0x00, 0x00, 0x00, 0x00, 0x00, 0x00, 0x00, 0x00, 0x00, 0x00, 0x00, 0x00, 0x00, 0x00, 0x00, 0x00, 0x00, 0x00, 0x00, 0x00, 0x00, 0x00, 0x00, 0x00, } },
  { .id = 1327, .a = 269, .b = 611, .token = {' ', 'c', 'a', 'p', 0x00, 0x00, 0x00, 0x00, 0x00, 0x00, 0x00, 0x00, 0x00, 0x00, 0x00, 0x00, 0x00, 0x00, 0x00, 0x00, 0x00, 0x00, 0x00, 0x00, 0x00, 0x00, 0x00, 0x00, 0x00, 0x00, 0x00, 0x00, } },
  { .id = 1328, .a = 853, .b = 719, .token = {' ', 'b', 'u', 'i', 'l', 'd', 0x00, 0x00, 0x00, 0x00, 0x00, 0x00, 0x00, 0x00, 0x00, 0x00, 0x00, 0x00, 0x00, 0x00, 0x00, 0x00, 0x00, 0x00, 0x00, 0x00, 0x00, 0x00, 0x00, 0x00, 0x00, 0x00, } },
  { .id = 1329, .a = 277, .b = 324, .token = {' ', 'a', 'n', 'i', 'm', 0x00, 0x00, 0x00, 0x00, 0x00, 0x00, 0x00, 0x00, 0x00, 0x00, 0x00, 0x00, 0x00, 0x00, 0x00, 0x00, 0x00, 0x00, 0x00, 0x00, 0x00, 0x00, 0x00, 0x00, 0x00, 0x00, 0x00, } },
  { .id = 1330, .a = 279, .b = 1289, .token = {' ', 'f', 'o', 'c', 'u', 's', 0x00, 0x00, 0x00, 0x00, 0x00, 0x00, 0x00, 0x00, 0x00, 0x00, 0x00, 0x00, 0x00, 0x00, 0x00, 0x00, 0x00, 0x00, 0x00, 0x00, 0x00, 0x00, 0x00, 0x00, 0x00, 0x00, } },
  { .id = 1331, .a = 559, .b = 590, .token = {' ', 'c', 'l', 'a', 's', 's', 0x00, 0x00, 0x00, 0x00, 0x00, 0x00, 0x00, 0x00, 0x00, 0x00, 0x00, 0x00, 0x00, 0x00, 0x00, 0x00, 0x00, 0x00, 0x00, 0x00, 0x00, 0x00, 0x00, 0x00, 0x00, 0x00, } },
  { .id = 1332, .a = 268, .b = 985, .token = {'a', 't', 'u', 'r', 'a', 'l', 0x00, 0x00, 0x00, 0x00, 0x00, 0x00, 0x00, 0x00, 0x00, 0x00, 0x00, 0x00, 0x00, 0x00, 0x00, 0x00, 0x00, 0x00, 0x00, 0x00, 0x00, 0x00, 0x00, 0x00, 0x00, 0x00, } },
  { .id = 1333, .a = 519, .b = 1204, .token = {' ', 't', 'e', 'c', 'h', 'n', 0x00, 0x00, 0x00, 0x00, 0x00, 0x00, 0x00, 0x00, 0x00, 0x00, 0x00, 0x00, 0x00, 0x00, 0x00, 0x00, 0x00, 0x00, 0x00, 0x00, 0x00, 0x00, 0x00, 0x00, 0x00, 0x00, } },
  { .id = 1334, .a = 287, .b = 567, .token = {' ', 'm', 'u', 'l', 't', 0x00, 0x00, 0x00, 0x00, 0x00, 0x00, 0x00, 0x00, 0x00, 0x00, 0x00, 0x00, 0x00, 0x00, 0x00, 0x00, 0x00, 0x00, 0x00, 0x00, 0x00, 0x00, 0x00, 0x00, 0x00, 0x00, 0x00, } },
  { .id = 1335, .a = 266, .b = 509, .token = {'r', 'e', 'm', 'i', 's', 'e', 0x00, 0x00, 0x00, 0x00, 0x00, 0x00, 0x00, 0x00, 0x00, 0x00, 0x00, 0x00, 0x00, 0x00, 0x00, 0x00, 0x00, 0x00, 0x00, 0x00, 0x00, 0x00, 0x00, 0x00, 0x00, 0x00, } },
  { .id = 1336, .a = 362, .b = 260, .token = {' ', 'w', 'i', 't', 'h', 'i', 'n', 0x00, 0x00, 0x00, 0x00, 0x00, 0x00, 0x00, 0x00, 0x00, 0x00, 0x00, 0x00, 0x00, 0x00, 0x00, 0x00, 0x00, 0x00, 0x00, 0x00, 0x00, 0x00, 0x00, 0x00, 0x00, } },
  { .id = 1337, .a = 116, .b = 258, .token = {'t', 'h', 'e', 0x00, 0x00, 0x00, 0x00, 0x00, 0x00, 0x00, 0x00, 0x00, 0x00, 0x00, 0x00, 0x00, 0x00, 0x00, 0x00, 0x00, 0x00, 0x00, 0x00, 0x00, 0x00, 0x00, 0x00, 0x00, 0x00, 0x00, 0x00, 0x00, } },
  { .id = 1338, .a = 288, .b = 857, .token = {' ', 't', 'o', 'g', 'e', 't', 0x00, 0x00, 0x00, 0x00, 0x00, 0x00, 0x00, 0x00, 0x00, 0x00, 0x00, 0x00, 0x00, 0x00, 0x00, 0x00, 0x00, 0x00, 0x00, 0x00, 0x00, 0x00, 0x00, 0x00, 0x00, 0x00, } },
  { .id = 1339, .a = 1338, .b = 351, .token = {' ', 't', 'o', 'g', 'e', 't', 'h', 'e', 'r', 0x00, 0x00, 0x00, 0x00, 0x00, 0x00, 0x00, 0x00, 0x00, 0x00, 0x00, 0x00, 0x00, 0x00, 0x00, 0x00, 0x00, 0x00, 0x00, 0x00, 0x00, 0x00, 0x00, } },
  { .id = 1340, .a = 279, .b = 260, .token = {' ', 'f', 'i', 'n', 0x00, 0x00, 0x00, 0x00, 0x00, 0x00, 0x00, 0x00, 0x00, 0x00, 0x00, 0x00, 0x00, 0x00, 0x00, 0x00, 0x00, 0x00, 0x00, 0x00, 0x00, 0x00, 0x00, 0x00, 0x00, 0x00, 0x00, 0x00, } },
  { .id = 1341, .a = 1257, .b = 806, .token = {' ', 'A', 'n', 'a', 'l', 'y', 'z', 'e', 0x00, 0x00, 0x00, 0x00, 0x00, 0x00, 0x00, 0x00, 0x00, 0x00, 0x00, 0x00, 0x00, 0x00, 0x00, 0x00, 0x00, 0x00, 0x00, 0x00, 0x00, 0x00, 0x00, 0x00, } },
  { .id = 1342, .a = 118, .b = 286, .token = {'v', 'e', 'n', 't', 0x00, 0x00, 0x00, 0x00, 0x00, 0x00, 0x00, 0x00, 0x00, 0x00, 0x00, 0x00, 0x00, 0x00, 0x00, 0x00, 0x00, 0x00, 0x00, 0x00, 0x00, 0x00, 0x00, 0x00, 0x00, 0x00, 0x00, 0x00, } },
  { .id = 1343, .a = 326, .b = 745, .token = {' ', 'b', 'e', 'f', 'o', 'r', 'e', 0x00, 0x00, 0x00, 0x00, 0x00, 0x00, 0x00, 0x00, 0x00, 0x00, 0x00, 0x00, 0x00, 0x00, 0x00, 0x00, 0x00, 0x00, 0x00, 0x00, 0x00, 0x00, 0x00, 0x00, 0x00, } },
  { .id = 1344, .a = 1024, .b = 1165, .token = {' ', 'r', 'e', 's', 't', 'a', 'u', 'r', 0x00, 0x00, 0x00, 0x00, 0x00, 0x00, 0x00, 0x00, 0x00, 0x00, 0x00, 0x00, 0x00, 0x00, 0x00, 0x00, 0x00, 0x00, 0x00, 0x00, 0x00, 0x00, 0x00, 0x00, } },
  { .id = 1345, .a = 350, .b = 102, .token = {' ', 'p', 'r', 'o', 'f', 0x00, 0x00, 0x00, 0x00, 0x00, 0x00, 0x00, 0x00, 0x00, 0x00, 0x00, 0x00, 0x00, 0x00, 0x00, 0x00, 0x00, 0x00, 0x00, 0x00, 0x00, 0x00, 0x00, 0x00, 0x00, 0x00, 0x00, } },
  { .id = 1346, .a = 440, .b = 263, .token = {' ', 'u', 's', 'e', 'r', 0x00, 0x00, 0x00, 0x00, 0x00, 0x00, 0x00, 0x00, 0x00, 0x00, 0x00, 0x00, 0x00, 0x00, 0x00, 0x00, 0x00, 0x00, 0x00, 0x00, 0x00, 0x00, 0x00, 0x00, 0x00, 0x00, 0x00, } },
  { .id = 1347, .a = 952, .b = 115, .token = {' ', 'y', 'e', 'a', 'r', 's', 0x00, 0x00, 0x00, 0x00, 0x00, 0x00, 0x00, 0x00, 0x00, 0x00, 0x00, 0x00, 0x00, 0x00, 0x00, 0x00, 0x00, 0x00, 0x00, 0x00, 0x00, 0x00, 0x00, 0x00, 0x00, 0x00, } },
  { .id = 1348, .a = 107, .b = 270, .token = {'k', 'e', 's', 0x00, 0x00, 0x00, 0x00, 0x00, 0x00, 0x00, 0x00, 0x00, 0x00, 0x00, 0x00, 0x00, 0x00, 0x00, 0x00, 0x00, 0x00, 0x00, 0x00, 0x00, 0x00, 0x00, 0x00, 0x00, 0x00, 0x00, 0x00, 0x00, } },
  { .id = 1349, .a = 118, .b = 322, .token = {'v', 'a', 'n', 't', 0x00, 0x00, 0x00, 0x00, 0x00, 0x00, 0x00, 0x00, 0x00, 0x00, 0x00, 0x00, 0x00, 0x00, 0x00, 0x00, 0x00, 0x00, 0x00, 0x00, 0x00, 0x00, 0x00, 0x00, 0x00, 0x00, 0x00, 0x00, } },
  { .id = 1350, .a = 333, .b = 1226, .token = {' ', 'c', 'o', 'n', 'n', 'e', 'c', 't', 0x00, 0x00, 0x00, 0x00, 0x00, 0x00, 0x00, 0x00, 0x00, 0x00, 0x00, 0x00, 0x00, 0x00, 0x00, 0x00, 0x00, 0x00, 0x00, 0x00, 0x00, 0x00, 0x00, 0x00, } },
  { .id = 1351, .a = 257, .b = 775, .token = {' ', 't', 'a', 'k', 'e', 0x00, 0x00, 0x00, 0x00, 0x00, 0x00, 0x00, 0x00, 0x00, 0x00, 0x00, 0x00, 0x00, 0x00, 0x00, 0x00, 0x00, 0x00, 0x00, 0x00, 0x00, 0x00, 0x00, 0x00, 0x00, 0x00, 0x00, } },
  { .id = 1352, .a = 32, .b = 283, .token = {' ', 'e', 'd', 0x00, 0x00, 0x00, 0x00, 0x00, 0x00, 0x00, 0x00, 0x00, 0x00, 0x00, 0x00, 0x00, 0x00, 0x00, 0x00, 0x00, 0x00, 0x00, 0x00, 0x00, 0x00, 0x00, 0x00, 0x00, 0x00, 0x00, 0x00, 0x00, } },
  { .id = 1353, .a = 116, .b = 121, .token = {'t', 'y', 0x00, 0x00, 0x00, 0x00, 0x00, 0x00, 0x00, 0x00, 0x00, 0x00, 0x00, 0x00, 0x00, 0x00, 0x00, 0x00, 0x00, 0x00, 0x00, 0x00, 0x00, 0x00, 0x00, 0x00, 0x00, 0x00, 0x00, 0x00, 0x00, 0x00, } },
  { .id = 1354, .a = 282, .b = 101, .token = {'a', 'l', 'e', 0x00, 0x00, 0x00, 0x00, 0x00, 0x00, 0x00, 0x00, 0x00, 0x00, 0x00, 0x00, 0x00, 0x00, 0x00, 0x00, 0x00, 0x00, 0x00, 0x00, 0x00, 0x00, 0x00, 0x00, 0x00, 0x00, 0x00, 0x00, 0x00, } },
  { .id = 1355, .a = 118, .b = 264, .token = {'v', 'e', 'n', 0x00, 0x00, 0x00, 0x00, 0x00, 0x00, 0x00, 0x00, 0x00, 0x00, 0x00, 0x00, 0x00, 0x00, 0x00, 0x00, 0x00, 0x00, 0x00, 0x00, 0x00, 0x00, 0x00, 0x00, 0x00, 0x00, 0x00, 0x00, 0x00, } },
  { .id = 1356, .a = 312, .b = 1194, .token = {' ', 'g', 'i', 'r', 'l', 0x00, 0x00, 0x00, 0x00, 0x00, 0x00, 0x00, 0x00, 0x00, 0x00, 0x00, 0x00, 0x00, 0x00, 0x00, 0x00, 0x00, 0x00, 0x00, 0x00, 0x00, 0x00, 0x00, 0x00, 0x00, 0x00, 0x00, } },
  { .id = 1357, .a = 621, .b = 286, .token = {' ', 'e', 'v', 'e', 'n', 't', 0x00, 0x00, 0x00, 0x00, 0x00, 0x00, 0x00, 0x00, 0x00, 0x00, 0x00, 0x00, 0x00, 0x00, 0x00, 0x00, 0x00, 0x00, 0x00, 0x00, 0x00, 0x00, 0x00, 0x00, 0x00, 0x00, } },
  { .id = 1358, .a = 391, .b = 496, .token = {' ', 'n', 'e', 'x', 't', 0x00, 0x00, 0x00, 0x00, 0x00, 0x00, 0x00, 0x00, 0x00, 0x00, 0x00, 0x00, 0x00, 0x00, 0x00, 0x00, 0x00, 0x00, 0x00, 0x00, 0x00, 0x00, 0x00, 0x00, 0x00, 0x00, 0x00, } },
  { .id = 1359, .a = 915, .b = 745, .token = {' ', 'T', 'h', 'e', 'r', 'e', 'f', 'o', 'r', 'e', 0x00, 0x00, 0x00, 0x00, 0x00, 0x00, 0x00, 0x00, 0x00, 0x00, 0x00, 0x00, 0x00, 0x00, 0x00, 0x00, 0x00, 0x00, 0x00, 0x00, 0x00, 0x00, } },
  { .id = 1360, .a = 424, .b = 460, .token = {' ', 'r', 'i', 'g', 'h', 't', 0x00, 0x00, 0x00, 0x00, 0x00, 0x00, 0x00, 0x00, 0x00, 0x00, 0x00, 0x00, 0x00, 0x00, 0x00, 0x00, 0x00, 0x00, 0x00, 0x00, 0x00, 0x00, 0x00, 0x00, 0x00, 0x00, } },
  { .id = 1361, .a = 282, .b = 420, .token = {'a', 'l', 'i', 't', 'y', 0x00, 0x00, 0x00, 0x00, 0x00, 0x00, 0x00, 0x00, 0x00, 0x00, 0x00, 0x00, 0x00, 0x00, 0x00, 0x00, 0x00, 0x00, 0x00, 0x00, 0x00, 0x00, 0x00, 0x00, 0x00, 0x00, 0x00, } },
  { .id = 1362, .a = 737, .b = 114, .token = {' ', 'p', 'h', 'r', 0x00, 0x00, 0x00, 0x00, 0x00, 0x00, 0x00, 0x00, 0x00, 0x00, 0x00, 0x00, 0x00, 0x00, 0x00, 0x00, 0x00, 0x00, 0x00, 0x00, 0x00, 0x00, 0x00, 0x00, 0x00, 0x00, 0x00, 0x00, } },
  { .id = 1363, .a = 834, .b = 275, .token = {' ', 'r', 'e', 'a', 's', 'o', 'n', 'i', 'n', 'g', 0x00, 0x00, 0x00, 0x00, 0x00, 0x00, 0x00, 0x00, 0x00, 0x00, 0x00, 0x00, 0x00, 0x00, 0x00, 0x00, 0x00, 0x00, 0x00, 0x00, 0x00, 0x00, } },
  { .id = 1364, .a = 49, .b = 53, .token = {'1', '5', 0x00, 0x00, 0x00, 0x00, 0x00, 0x00, 0x00, 0x00, 0x00, 0x00, 0x00, 0x00, 0x00, 0x00, 0x00, 0x00, 0x00, 0x00, 0x00, 0x00, 0x00, 0x00, 0x00, 0x00, 0x00, 0x00, 0x00, 0x00, 0x00, 0x00, } },
  { .id = 1365, .a = 118, .b = 536, .token = {'v', 'i', 'c', 'e', 0x00, 0x00, 0x00, 0x00, 0x00, 0x00, 0x00, 0x00, 0x00, 0x00, 0x00, 0x00, 0x00, 0x00, 0x00, 0x00, 0x00, 0x00, 0x00, 0x00, 0x00, 0x00, 0x00, 0x00, 0x00, 0x00, 0x00, 0x00, } },
  { .id = 1366, .a = 393, .b = 447, .token = {' ', 'a', 'l', 'l', 'o', 'w', 0x00, 0x00, 0x00, 0x00, 0x00, 0x00, 0x00, 0x00, 0x00, 0x00, 0x00, 0x00, 0x00, 0x00, 0x00, 0x00, 0x00, 0x00, 0x00, 0x00, 0x00, 0x00, 0x00, 0x00, 0x00, 0x00, } },
  { .id = 1367, .a = 510, .b = 100, .token = {' ', 'I', 'n', 'd', 0x00, 0x00, 0x00, 0x00, 0x00, 0x00, 0x00, 0x00, 0x00, 0x00, 0x00, 0x00, 0x00, 0x00, 0x00, 0x00, 0x00, 0x00, 0x00, 0x00, 0x00, 0x00, 0x00, 0x00, 0x00, 0x00, 0x00, 0x00, } },
  { .id = 1368, .a = 308, .b = 460, .token = {' ', 'l', 'i', 'g', 'h', 't', 0x00, 0x00, 0x00, 0x00, 0x00, 0x00, 0x00, 0x00, 0x00, 0x00, 0x00, 0x00, 0x00, 0x00, 0x00, 0x00, 0x00, 0x00, 0x00, 0x00, 0x00, 0x00, 0x00, 0x00, 0x00, 0x00, } },
  { .id = 1369, .a = 106, .b = 703, .token = {'j', 'o', 'y', 0x00, 0x00, 0x00, 0x00, 0x00, 0x00, 0x00, 0x00, 0x00, 0x00, 0x00, 0x00, 0x00, 0x00, 0x00, 0x00, 0x00, 0x00, 0x00, 0x00, 0x00, 0x00, 0x00, 0x00, 0x00, 0x00, 0x00, 0x00, 0x00, } },
  { .id = 1370, .a = 97, .b = 120, .token = {'a', 'x', 0x00, 0x00, 0x00, 0x00, 0x00, 0x00, 0x00, 0x00, 0x00, 0x00, 0x00, 0x00, 0x00, 0x00, 0x00, 0x00, 0x00, 0x00, 0x00, 0x00, 0x00, 0x00, 0x00, 0x00, 0x00, 0x00, 0x00, 0x00, 0x00, 0x00, } },
  { .id = 1371, .a = 380, .b = 1009, .token = {'a', 'g', 'r', 'a', 'p', 'h', 0x00, 0x00, 0x00, 0x00, 0x00, 0x00, 0x00, 0x00, 0x00, 0x00, 0x00, 0x00, 0x00, 0x00, 0x00, 0x00, 0x00, 0x00, 0x00, 0x00, 0x00, 0x00, 0x00, 0x00, 0x00, 0x00, } },
  { .id = 1372, .a = 1049, .b = 100, .token = {' ', 'A', 'd', 'd', 0x00, 0x00, 0x00, 0x00, 0x00, 0x00, 0x00, 0x00, 0x00, 0x00, 0x00, 0x00, 0x00, 0x00, 0x00, 0x00, 0x00, 0x00, 0x00, 0x00, 0x00, 0x00, 0x00, 0x00, 0x00, 0x00, 0x00, 0x00, } },
  { .id = 1373, .a = 319, .b = 266, .token = {' ', 's', 't', 'r', 'e', 0x00, 0x00, 0x00, 0x00, 0x00, 0x00, 0x00, 0x00, 0x00, 0x00, 0x00, 0x00, 0x00, 0x00, 0x00, 0x00, 0x00, 0x00, 0x00, 0x00, 0x00, 0x00, 0x00, 0x00, 0x00, 0x00, 0x00, } },
  { .id = 1374, .a = 430, .b = 115, .token = {'e', 'm', 's', 0x00, 0x00, 0x00, 0x00, 0x00, 0x00, 0x00, 0x00, 0x00, 0x00, 0x00, 0x00, 0x00, 0x00, 0x00, 0x00, 0x00, 0x00, 0x00, 0x00, 0x00, 0x00, 0x00, 0x00, 0x00, 0x00, 0x00, 0x00, 0x00, } },
  { .id = 1375, .a = 1229, .b = 532, .token = {' ', 'r', 'e', 'q', 'u', 'i', 'r', 'e', 0x00, 0x00, 0x00, 0x00, 0x00, 0x00, 0x00, 0x00, 0x00, 0x00, 0x00, 0x00, 0x00, 0x00, 0x00, 0x00, 0x00, 0x00, 0x00, 0x00, 0x00, 0x00, 0x00, 0x00, } },
  { .id = 1376, .a = 406, .b = 267, .token = {' ', 'v', 'i', 's', 0x00, 0x00, 0x00, 0x00, 0x00, 0x00, 0x00, 0x00, 0x00, 0x00, 0x00, 0x00, 0x00, 0x00, 0x00, 0x00, 0x00, 0x00, 0x00, 0x00, 0x00, 0x00, 0x00, 0x00, 0x00, 0x00, 0x00, 0x00, } },
  { .id = 1377, .a = 402, .b = 115, .token = {'a', 'i', 'n', 's', 0x00, 0x00, 0x00, 0x00, 0x00, 0x00, 0x00, 0x00, 0x00, 0x00, 0x00, 0x00, 0x00, 0x00, 0x00, 0x00, 0x00, 0x00, 0x00, 0x00, 0x00, 0x00, 0x00, 0x00, 0x00, 0x00, 0x00, 0x00, } },
  { .id = 1378, .a = 415, .b = 341, .token = {' ', 'q', 'u', 'e', 's', 't', 0x00, 0x00, 0x00, 0x00, 0x00, 0x00, 0x00, 0x00, 0x00, 0x00, 0x00, 0x00, 0x00, 0x00, 0x00, 0x00, 0x00, 0x00, 0x00, 0x00, 0x00, 0x00, 0x00, 0x00, 0x00, 0x00, } },
  { .id = 1379, .a = 118, .b = 1278, .token = {'v', 'i', 'r', 'o', 'n', 0x00, 0x00, 0x00, 0x00, 0x00, 0x00, 0x00, 0x00, 0x00, 0x00, 0x00, 0x00, 0x00, 0x00, 0x00, 0x00, 0x00, 0x00, 0x00, 0x00, 0x00, 0x00, 0x00, 0x00, 0x00, 0x00, 0x00, } },
  { .id = 1380, .a = 337, .b = 270, .token = {'a', 'm', 'e', 's', 0x00, 0x00, 0x00, 0x00, 0x00, 0x00, 0x00, 0x00, 0x00, 0x00, 0x00, 0x00, 0x00, 0x00, 0x00, 0x00, 0x00, 0x00, 0x00, 0x00, 0x00, 0x00, 0x00, 0x00, 0x00, 0x00, 0x00, 0x00, } },
  { .id = 1381, .a = 1013, .b = 294, .token = {' ', 'm', 'u', 's', 'i', 'c', 0x00, 0x00, 0x00, 0x00, 0x00, 0x00, 0x00, 0x00, 0x00, 0x00, 0x00, 0x00, 0x00, 0x00, 0x00, 0x00, 0x00, 0x00, 0x00, 0x00, 0x00, 0x00, 0x00, 0x00, 0x00, 0x00, } },
  { .id = 1382, .a = 1068, .b = 271, .token = {' ', 'h', 'u', 'm', 'a', 'n', 0x00, 0x00, 0x00, 0x00, 0x00, 0x00, 0x00, 0x00, 0x00, 0x00, 0x00, 0x00, 0x00, 0x00, 0x00, 0x00, 0x00, 0x00, 0x00, 0x00, 0x00, 0x00, 0x00, 0x00, 0x00, 0x00, } },
  { .id = 1383, .a = 686, .b = 600, .token = {' ', 'r', 'e', 'l', 'a', 't', 'i', 'o', 'n', 's', 0x00, 0x00, 0x00, 0x00, 0x00, 0x00, 0x00, 0x00, 0x00, 0x00, 0x00, 0x00, 0x00, 0x00, 0x00, 0x00, 0x00, 0x00, 0x00, 0x00, 0x00, 0x00, } },
  { .id = 1384, .a = 944, .b = 275, .token = {'e', 't', 'h', 'i', 'n', 'g', 0x00, 0x00, 0x00, 0x00, 0x00, 0x00, 0x00, 0x00, 0x00, 0x00, 0x00, 0x00, 0x00, 0x00, 0x00, 0x00, 0x00, 0x00, 0x00, 0x00, 0x00, 0x00, 0x00, 0x00, 0x00, 0x00, } },
  { .id = 1385, .a = 606, .b = 316, .token = {' ', 'l', 'i', 'k', 'e', 'l', 'y', 0x00, 0x00, 0x00, 0x00, 0x00, 0x00, 0x00, 0x00, 0x00, 0x00, 0x00, 0x00, 0x00, 0x00, 0x00, 0x00, 0x00, 0x00, 0x00, 0x00, 0x00, 0x00, 0x00, 0x00, 0x00, } },
  { .id = 1386, .a = 32, .b = 768, .token = {' ', 'v', 'e', 'r', 'y', 0x00, 0x00, 0x00, 0x00, 0x00, 0x00, 0x00, 0x00, 0x00, 0x00, 0x00, 0x00, 0x00, 0x00, 0x00, 0x00, 0x00, 0x00, 0x00, 0x00, 0x00, 0x00, 0x00, 0x00, 0x00, 0x00, 0x00, } },
  { .id = 1387, .a = 32, .b = 377, .token = {' ', 'e', 's', 's', 0x00, 0x00, 0x00, 0x00, 0x00, 0x00, 0x00, 0x00, 0x00, 0x00, 0x00, 0x00, 0x00, 0x00, 0x00, 0x00, 0x00, 0x00, 0x00, 0x00, 0x00, 0x00, 0x00, 0x00, 0x00, 0x00, 0x00, 0x00, } },
  { .id = 1388, .a = 260, .b = 275, .token = {'i', 'n', 'i', 'n', 'g', 0x00, 0x00, 0x00, 0x00, 0x00, 0x00, 0x00, 0x00, 0x00, 0x00, 0x00, 0x00, 0x00, 0x00, 0x00, 0x00, 0x00, 0x00, 0x00, 0x00, 0x00, 0x00, 0x00, 0x00, 0x00, 0x00, 0x00, } },
  { .id = 1389, .a = 337, .b = 112, .token = {'a', 'm', 'p', 0x00, 0x00, 0x00, 0x00, 0x00, 0x00, 0x00, 0x00, 0x00, 0x00, 0x00, 0x00, 0x00, 0x00, 0x00, 0x00, 0x00, 0x00, 0x00, 0x00, 0x00, 0x00, 0x00, 0x00, 0x00, 0x00, 0x00, 0x00, 0x00, } },
  { .id = 1390, .a = 869, .b = 1371, .token = {' ', 'p', 'a', 'r', 'a', 'g', 'r', 'a', 'p', 'h', 0x00, 0x00, 0x00, 0x00, 0x00, 0x00, 0x00, 0x00, 0x00, 0x00, 0x00, 0x00, 0x00, 0x00, 0x00, 0x00, 0x00, 0x00, 0x00, 0x00, 0x00, 0x00, } },
  { .id = 1391, .a = 306, .b = 720, .token = {' ', 'e', 'l', 'e', 'c', 't', 0x00, 0x00, 0x00, 0x00, 0x00, 0x00, 0x00, 0x00, 0x00, 0x00, 0x00, 0x00, 0x00, 0x00, 0x00, 0x00, 0x00, 0x00, 0x00, 0x00, 0x00, 0x00, 0x00, 0x00, 0x00, 0x00, } },
  { .id = 1392, .a = 117, .b = 343, .token = {'u', 'c', 'h', 0x00, 0x00, 0x00, 0x00, 0x00, 0x00, 0x00, 0x00, 0x00, 0x00, 0x00, 0x00, 0x00, 0x00, 0x00, 0x00, 0x00, 0x00, 0x00, 0x00, 0x00, 0x00, 0x00, 0x00, 0x00, 0x00, 0x00, 0x00, 0x00, } },
  { .id = 1393, .a = 274, .b = 718, .token = {' ', 'p', 'u', 'b', 0x00, 0x00, 0x00, 0x00, 0x00, 0x00, 0x00, 0x00, 0x00, 0x00, 0x00, 0x00, 0x00, 0x00, 0x00, 0x00, 0x00, 0x00, 0x00, 0x00, 0x00, 0x00, 0x00, 0x00, 0x00, 0x00, 0x00, 0x00, } },
  { .id = 1394, .a = 259, .b = 118, .token = {' ', 'a', 'v', 0x00, 0x00, 0x00, 0x00, 0x00, 0x00, 0x00, 0x00, 0x00, 0x00, 0x00, 0x00, 0x00, 0x00, 0x00, 0x00, 0x00, 0x00, 0x00, 0x00, 0x00, 0x00, 0x00, 0x00, 0x00, 0x00, 0x00, 0x00, 0x00, } },
  { .id = 1395, .a = 259, .b = 329, .token = {' ', 'a', 'u', 't', 0x00, 0x00, 0x00, 0x00, 0x00, 0x00, 0x00, 0x00, 0x00, 0x00, 0x00, 0x00, 0x00, 0x00, 0x00, 0x00, 0x00, 0x00, 0x00, 0x00, 0x00, 0x00, 0x00, 0x00, 0x00, 0x00, 0x00, 0x00, } },
  { .id = 1396, .a = 424, .b = 357, .token = {' ', 'r', 'u', 'n', 0x00, 0x00, 0x00, 0x00, 0x00, 0x00, 0x00, 0x00, 0x00, 0x00, 0x00, 0x00, 0x00, 0x00, 0x00, 0x00, 0x00, 0x00, 0x00, 0x00, 0x00, 0x00, 0x00, 0x00, 0x00, 0x00, 0x00, 0x00, } },
  { .id = 1397, .a = 688, .b = 115, .token = {' ', 's', 't', 'e', 'p', 's', 0x00, 0x00, 0x00, 0x00, 0x00, 0x00, 0x00, 0x00, 0x00, 0x00, 0x00, 0x00, 0x00, 0x00, 0x00, 0x00, 0x00, 0x00, 0x00, 0x00, 0x00, 0x00, 0x00, 0x00, 0x00, 0x00, } },
  { .id = 1398, .a = 618, .b = 323, .token = {' ', 'c', 'o', 's', 't', 0x00, 0x00, 0x00, 0x00, 0x00, 0x00, 0x00, 0x00, 0x00, 0x00, 0x00, 0x00, 0x00, 0x00, 0x00, 0x00, 0x00, 0x00, 0x00, 0x00, 0x00, 0x00, 0x00, 0x00, 0x00, 0x00, 0x00, } },
  { .id = 1399, .a = 1149, .b = 388, .token = {' ', 'a', 'p', 'p', 'e', 0x00, 0x00, 0x00, 0x00, 0x00, 0x00, 0x00, 0x00, 0x00, 0x00, 0x00, 0x00, 0x00, 0x00, 0x00, 0x00, 0x00, 0x00, 0x00, 0x00, 0x00, 0x00, 0x00, 0x00, 0x00, 0x00, 0x00, } },
  { .id = 1400, .a = 448, .b = 115, .token = {' ', 'e', 'n', 's', 0x00, 0x00, 0x00, 0x00, 0x00, 0x00, 0x00, 0x00, 0x00, 0x00, 0x00, 0x00, 0x00, 0x00, 0x00, 0x00, 0x00, 0x00, 0x00, 0x00, 0x00, 0x00, 0x00, 0x00, 0x00, 0x00, 0x00, 0x00, } },
  { .id = 1401, .a = 1344, .b = 322, .token = {' ', 'r', 'e', 's', 't', 'a', 'u', 'r', 'a', 'n', 't', 0x00, 0x00, 0x00, 0x00, 0x00, 0x00, 0x00, 0x00, 0x00, 0x00, 0x00, 0x00, 0x00, 0x00, 0x00, 0x00, 0x00, 0x00, 0x00, 0x00, 0x00, } },
  { .id = 1402, .a = 97, .b = 104, .token = {'a', 'h', 0x00, 0x00, 0x00, 0x00, 0x00, 0x00, 0x00, 0x00, 0x00, 0x00, 0x00, 0x00, 0x00, 0x00, 0x00, 0x00, 0x00, 0x00, 0x00, 0x00, 0x00, 0x00, 0x00, 0x00, 0x00, 0x00, 0x00, 0x00, 0x00, 0x00, } },
  { .id = 1403, .a = 78, .b = 317, .token = {'N', 'o', 'w', 0x00, 0x00, 0x00, 0x00, 0x00, 0x00, 0x00, 0x00, 0x00, 0x00, 0x00, 0x00, 0x00, 0x00, 0x00, 0x00, 0x00, 0x00, 0x00, 0x00, 0x00, 0x00, 0x00, 0x00, 0x00, 0x00, 0x00, 0x00, 0x00, } },
  { .id = 1404, .a = 970, .b = 672, .token = {' ', 'o', 'b', 'j', 'e', 'c', 't', 0x00, 0x00, 0x00, 0x00, 0x00, 0x00, 0x00, 0x00, 0x00, 0x00, 0x00, 0x00, 0x00, 0x00, 0x00, 0x00, 0x00, 0x00, 0x00, 0x00, 0x00, 0x00, 0x00, 0x00, 0x00, } },
  { .id = 1405, .a = 297, .b = 535, .token = {' ', 't', 'h', 'o', 'u', 'g', 'h', 0x00, 0x00, 0x00, 0x00, 0x00, 0x00, 0x00, 0x00, 0x00, 0x00, 0x00, 0x00, 0x00, 0x00, 0x00, 0x00, 0x00, 0x00, 0x00, 0x00, 0x00, 0x00, 0x00, 0x00, 0x00, } },
  { .id = 1406, .a = 299, .b = 321, .token = {' ', 'h', 'i', 's', 't', 0x00, 0x00, 0x00, 0x00, 0x00, 0x00, 0x00, 0x00, 0x00, 0x00, 0x00, 0x00, 0x00, 0x00, 0x00, 0x00, 0x00, 0x00, 0x00, 0x00, 0x00, 0x00, 0x00, 0x00, 0x00, 0x00, 0x00, } },
  { .id = 1407, .a = 1038, .b = 275, .token = {' ', 'i', 'n', 'c', 'l', 'u', 'd', 'i', 'n', 'g', 0x00, 0x00, 0x00, 0x00, 0x00, 0x00, 0x00, 0x00, 0x00, 0x00, 0x00, 0x00, 0x00, 0x00, 0x00, 0x00, 0x00, 0x00, 0x00, 0x00, 0x00, 0x00, } },
  { .id = 1408, .a = 723, .b = 436, .token = {' ', 'o', 'v', 'e', 'r', 'a', 'l', 'l', 0x00, 0x00, 0x00, 0x00, 0x00, 0x00, 0x00, 0x00, 0x00, 0x00, 0x00, 0x00, 0x00, 0x00, 0x00, 0x00, 0x00, 0x00, 0x00, 0x00, 0x00, 0x00, 0x00, 0x00, } },
  { .id = 1409, .a = 603, .b = 626, .token = {' ', 'd', 'e', 's', 'i', 'g', 'n', 0x00, 0x00, 0x00, 0x00, 0x00, 0x00, 0x00, 0x00, 0x00, 0x00, 0x00, 0x00, 0x00, 0x00, 0x00, 0x00, 0x00, 0x00, 0x00, 0x00, 0x00, 0x00, 0x00, 0x00, 0x00, } },
  { .id = 1410, .a = 349, .b = 263, .token = {'i', 'v', 'e', 'r', 0x00, 0x00, 0x00, 0x00, 0x00, 0x00, 0x00, 0x00, 0x00, 0x00, 0x00, 0x00, 0x00, 0x00, 0x00, 0x00, 0x00, 0x00, 0x00, 0x00, 0x00, 0x00, 0x00, 0x00, 0x00, 0x00, 0x00, 0x00, } },
  { .id = 1411, .a = 1237, .b = 1384, .token = {' ', 's', 'o', 'm', 'e', 't', 'h', 'i', 'n', 'g', 0x00, 0x00, 0x00, 0x00, 0x00, 0x00, 0x00, 0x00, 0x00, 0x00, 0x00, 0x00, 0x00, 0x00, 0x00, 0x00, 0x00, 0x00, 0x00, 0x00, 0x00, 0x00, } },
  { .id = 1412, .a = 950, .b = 655, .token = {' ', 'e', 'x', 'p', 'r', 'e', 's', 's', 0x00, 0x00, 0x00, 0x00, 0x00, 0x00, 0x00, 0x00, 0x00, 0x00, 0x00, 0x00, 0x00, 0x00, 0x00, 0x00, 0x00, 0x00, 0x00, 0x00, 0x00, 0x00, 0x00, 0x00, } },
  { .id = 1413, .a = 523, .b = 100, .token = {'a', 'r', 'e', 'd', 0x00, 0x00, 0x00, 0x00, 0x00, 0x00, 0x00, 0x00, 0x00, 0x00, 0x00, 0x00, 0x00, 0x00, 0x00, 0x00, 0x00, 0x00, 0x00, 0x00, 0x00, 0x00, 0x00, 0x00, 0x00, 0x00, 0x00, 0x00, } },
  { .id = 1414, .a = 651, .b = 275, .token = {' ', 'p', 'l', 'a', 'y', 'i', 'n', 'g', 0x00, 0x00, 0x00, 0x00, 0x00, 0x00, 0x00, 0x00, 0x00, 0x00, 0x00, 0x00, 0x00, 0x00, 0x00, 0x00, 0x00, 0x00, 0x00, 0x00, 0x00, 0x00, 0x00, 0x00, } },
  { .id = 1415, .a = 292, .b = 897, .token = {' ', 'o', 'f', 't', 'e', 'n', 0x00, 0x00, 0x00, 0x00, 0x00, 0x00, 0x00, 0x00, 0x00, 0x00, 0x00, 0x00, 0x00, 0x00, 0x00, 0x00, 0x00, 0x00, 0x00, 0x00, 0x00, 0x00, 0x00, 0x00, 0x00, 0x00, } },
  { .id = 1416, .a = 338, .b = 359, .token = {' ', 'T', 'h', 'e', 's', 'e', 0x00, 0x00, 0x00, 0x00, 0x00, 0x00, 0x00, 0x00, 0x00, 0x00, 0x00, 0x00, 0x00, 0x00, 0x00, 0x00, 0x00, 0x00, 0x00, 0x00, 0x00, 0x00, 0x00, 0x00, 0x00, 0x00, } },
  { .id = 1417, .a = 1007, .b = 268, .token = {'W', 'h', 'a', 't', 0x00, 0x00, 0x00, 0x00, 0x00, 0x00, 0x00, 0x00, 0x00, 0x00, 0x00, 0x00, 0x00, 0x00, 0x00, 0x00, 0x00, 0x00, 0x00, 0x00, 0x00, 0x00, 0x00, 0x00, 0x00, 0x00, 0x00, 0x00, } },
  { .id = 1418, .a = 448, .b = 1379, .token = {' ', 'e', 'n', 'v', 'i', 'r', 'o', 'n', 0x00, 0x00, 0x00, 0x00, 0x00, 0x00, 0x00, 0x00, 0x00, 0x00, 0x00, 0x00, 0x00, 0x00, 0x00, 0x00, 0x00, 0x00, 0x00, 0x00, 0x00, 0x00, 0x00, 0x00, } },
  { .id = 1419, .a = 1378, .b = 400, .token = {' ', 'q', 'u', 'e', 's', 't', 'i', 'o', 'n', 's', 0x00, 0x00, 0x00, 0x00, 0x00, 0x00, 0x00, 0x00, 0x00, 0x00, 0x00, 0x00, 0x00, 0x00, 0x00, 0x00, 0x00, 0x00, 0x00, 0x00, 0x00, 0x00, } },
  { .id = 1420, .a = 362, .b = 432, .token = {' ', 'w', 'i', 't', 'h', 'o', 'u', 't', 0x00, 0x00, 0x00, 0x00, 0x00, 0x00, 0x00, 0x00, 0x00, 0x00, 0x00, 0x00, 0x00, 0x00, 0x00, 0x00, 0x00, 0x00, 0x00, 0x00, 0x00, 0x00, 0x00, 0x00, } },
  { .id = 1421, .a = 83, .b = 764, .token = {'S', 'e', 'n', 't', 'e', 'n', 'c', 'e', 0x00, 0x00, 0x00, 0x00, 0x00, 0x00, 0x00, 0x00, 0x00, 0x00, 0x00, 0x00, 0x00, 0x00, 0x00, 0x00, 0x00, 0x00, 0x00, 0x00, 0x00, 0x00, 0x00, 0x00, } },
  { .id = 1422, .a = 300, .b = 1332, .token = {' ', 'n', 'a', 't', 'u', 'r', 'a', 'l', 0x00, 0x00, 0x00, 0x00, 0x00, 0x00, 0x00, 0x00, 0x00, 0x00, 0x00, 0x00, 0x00, 0x00, 0x00, 0x00, 0x00, 0x00, 0x00, 0x00, 0x00, 0x00, 0x00, 0x00, } },
  { .id = 1423, .a = 286, .b = 316, .token = {'e', 'n', 't', 'l', 'y', 0x00, 0x00, 0x00, 0x00, 0x00, 0x00, 0x00, 0x00, 0x00, 0x00, 0x00, 0x00, 0x00, 0x00, 0x00, 0x00, 0x00, 0x00, 0x00, 0x00, 0x00, 0x00, 0x00, 0x00, 0x00, 0x00, 0x00, } },
  { .id = 1424, .a = 673, .b = 574, .token = {' ', 's', 'o', 'm', 'e', 'o', 'n', 'e', 0x00, 0x00, 0x00, 0x00, 0x00, 0x00, 0x00, 0x00, 0x00, 0x00, 0x00, 0x00, 0x00, 0x00, 0x00, 0x00, 0x00, 0x00, 0x00, 0x00, 0x00, 0x00, 0x00, 0x00, } },
  { .id = 1425, .a = 287, .b = 262, .token = {' ', 'm', 'o', 'n', 0x00, 0x00, 0x00, 0x00, 0x00, 0x00, 0x00, 0x00, 0x00, 0x00, 0x00, 0x00, 0x00, 0x00, 0x00, 0x00, 0x00, 0x00, 0x00, 0x00, 0x00, 0x00, 0x00, 0x00, 0x00, 0x00, 0x00, 0x00, } },
  { .id = 1426, .a = 319, .b = 851, .token = {' ', 's', 't', 'r', 'u', 'c', 't', 0x00, 0x00, 0x00, 0x00, 0x00, 0x00, 0x00, 0x00, 0x00, 0x00, 0x00, 0x00, 0x00, 0x00, 0x00, 0x00, 0x00, 0x00, 0x00, 0x00, 0x00, 0x00, 0x00, 0x00, 0x00, } },
  { .id = 1427, .a = 1011, .b = 290, .token = {' ', 'c', 'l', 'e', 'a', 'r', 0x00, 0x00, 0x00, 0x00, 0x00, 0x00, 0x00, 0x00, 0x00, 0x00, 0x00, 0x00, 0x00, 0x00, 0x00, 0x00, 0x00, 0x00, 0x00, 0x00, 0x00, 0x00, 0x00, 0x00, 0x00, 0x00, } },
  { .id = 1428, .a = 384, .b = 471, .token = {'o', 'o', 'k', 'i', 'n', 'g', 0x00, 0x00, 0x00, 0x00, 0x00, 0x00, 0x00, 0x00, 0x00, 0x00, 0x00, 0x00, 0x00, 0x00, 0x00, 0x00, 0x00, 0x00, 0x00, 0x00, 0x00, 0x00, 0x00, 0x00, 0x00, 0x00, } },
  { .id = 1429, .a = 280, .b = 1262, .token = {' ', 'b', 'o', 'd', 'y', 0x00, 0x00, 0x00, 0x00, 0x00, 0x00, 0x00, 0x00, 0x00, 0x00, 0x00, 0x00, 0x00, 0x00, 0x00, 0x00, 0x00, 0x00, 0x00, 0x00, 0x00, 0x00, 0x00, 0x00, 0x00, 0x00, 0x00, } },
  { .id = 1430, .a = 473, .b = 278, .token = {' ', 'F', 'o', 'r', 0x00, 0x00, 0x00, 0x00, 0x00, 0x00, 0x00, 0x00, 0x00, 0x00, 0x00, 0x00, 0x00, 0x00, 0x00, 0x00, 0x00, 0x00, 0x00, 0x00, 0x00, 0x00, 0x00, 0x00, 0x00, 0x00, 0x00, 0x00, } },
  { .id = 1431, .a = 546, .b = 115, .token = {'a', 'i', 'l', 's', 0x00, 0x00, 0x00, 0x00, 0x00, 0x00, 0x00, 0x00, 0x00, 0x00, 0x00, 0x00, 0x00, 0x00, 0x00, 0x00, 0x00, 0x00, 0x00, 0x00, 0x00, 0x00, 0x00, 0x00, 0x00, 0x00, 0x00, 0x00, } },
  { .id = 1432, .a = 280, .b = 761, .token = {' ', 'b', 'o', 'o', 'k', 0x00, 0x00, 0x00, 0x00, 0x00, 0x00, 0x00, 0x00, 0x00, 0x00, 0x00, 0x00, 0x00, 0x00, 0x00, 0x00, 0x00, 0x00, 0x00, 0x00, 0x00, 0x00, 0x00, 0x00, 0x00, 0x00, 0x00, } },
  { .id = 1433, .a = 268, .b = 115, .token = {'a', 't', 's', 0x00, 0x00, 0x00, 0x00, 0x00, 0x00, 0x00, 0x00, 0x00, 0x00, 0x00, 0x00, 0x00, 0x00, 0x00, 0x00, 0x00, 0x00, 0x00, 0x00, 0x00, 0x00, 0x00, 0x00, 0x00, 0x00, 0x00, 0x00, 0x00, } },
  { .id = 1434, .a = 272, .b = 1010, .token = {' ', 'o', 'w', 'n', 0x00, 0x00, 0x00, 0x00, 0x00, 0x00, 0x00, 0x00, 0x00, 0x00, 0x00, 0x00, 0x00, 0x00, 0x00, 0x00, 0x00, 0x00, 0x00, 0x00, 0x00, 0x00, 0x00, 0x00, 0x00, 0x00, 0x00, 0x00, } },
  { .id = 1435, .a = 640, .b = 392, .token = {' ', 'A', 'n', 's', 'w', 'e', 'r', 0x00, 0x00, 0x00, 0x00, 0x00, 0x00, 0x00, 0x00, 0x00, 0x00, 0x00, 0x00, 0x00, 0x00, 0x00, 0x00, 0x00, 0x00, 0x00, 0x00, 0x00, 0x00, 0x00, 0x00, 0x00, } },
  { .id = 1436, .a = 478, .b = 260, .token = {' ', 'c', 'o', 'n', 't', 'i', 'n', 0x00, 0x00, 0x00, 0x00, 0x00, 0x00, 0x00, 0x00, 0x00, 0x00, 0x00, 0x00, 0x00, 0x00, 0x00, 0x00, 0x00, 0x00, 0x00, 0x00, 0x00, 0x00, 0x00, 0x00, 0x00, } },
  { .id = 1437, .a = 97, .b = 309, .token = {'a', 'v', 'e', 0x00, 0x00, 0x00, 0x00, 0x00, 0x00, 0x00, 0x00, 0x00, 0x00, 0x00, 0x00, 0x00, 0x00, 0x00, 0x00, 0x00, 0x00, 0x00, 0x00, 0x00, 0x00, 0x00, 0x00, 0x00, 0x00, 0x00, 0x00, 0x00, } },
  { .id = 1438, .a = 304, .b = 116, .token = {' ', 'r', 'e', 't', 0x00, 0x00, 0x00, 0x00, 0x00, 0x00, 0x00, 0x00, 0x00, 0x00, 0x00, 0x00, 0x00, 0x00, 0x00, 0x00, 0x00, 0x00, 0x00, 0x00, 0x00, 0x00, 0x00, 0x00, 0x00, 0x00, 0x00, 0x00, } },
  { .id = 1439, .a = 307, .b = 109, .token = {'o', 'm', 'm', 0x00, 0x00, 0x00, 0x00, 0x00, 0x00, 0x00, 0x00, 0x00, 0x00, 0x00, 0x00, 0x00, 0x00, 0x00, 0x00, 0x00, 0x00, 0x00, 0x00, 0x00, 0x00, 0x00, 0x00, 0x00, 0x00, 0x00, 0x00, 0x00, } },
  { .id = 1440, .a = 312, .b = 511, .token = {' ', 'g', 'a', 'm', 'e', 0x00, 0x00, 0x00, 0x00, 0x00, 0x00, 0x00, 0x00, 0x00, 0x00, 0x00, 0x00, 0x00, 0x00, 0x00, 0x00, 0x00, 0x00, 0x00, 0x00, 0x00, 0x00, 0x00, 0x00, 0x00, 0x00, 0x00, } },
  { .id = 1441, .a = 258, .b = 266, .token = {'h', 'e', 'r', 'e', 0x00, 0x00, 0x00, 0x00, 0x00, 0x00, 0x00, 0x00, 0x00, 0x00, 0x00, 0x00, 0x00, 0x00, 0x00, 0x00, 0x00, 0x00, 0x00, 0x00, 0x00, 0x00, 0x00, 0x00, 0x00, 0x00, 0x00, 0x00, } },
  { .id = 1442, .a = 83, .b = 111, .token = {'S', 'o', 0x00, 0x00, 0x00, 0x00, 0x00, 0x00, 0x00, 0x00, 0x00, 0x00, 0x00, 0x00, 0x00, 0x00, 0x00, 0x00, 0x00, 0x00, 0x00, 0x00, 0x00, 0x00, 0x00, 0x00, 0x00, 0x00, 0x00, 0x00, 0x00, 0x00, } },
  { .id = 1443, .a = 271, .b = 107, .token = {'a', 'n', 'k', 0x00, 0x00, 0x00, 0x00, 0x00, 0x00, 0x00, 0x00, 0x00, 0x00, 0x00, 0x00, 0x00, 0x00, 0x00, 0x00, 0x00, 0x00, 0x00, 0x00, 0x00, 0x00, 0x00, 0x00, 0x00, 0x00, 0x00, 0x00, 0x00, } },
  { .id = 1444, .a = 531, .b = 305, .token = {'d', 'u', 'c', 'e', 0x00, 0x00, 0x00, 0x00, 0x00, 0x00, 0x00, 0x00, 0x00, 0x00, 0x00, 0x00, 0x00, 0x00, 0x00, 0x00, 0x00, 0x00, 0x00, 0x00, 0x00, 0x00, 0x00, 0x00, 0x00, 0x00, 0x00, 0x00, } },
  { .id = 1445, .a = 121, .b = 275, .token = {'y', 'i', 'n', 'g', 0x00, 0x00, 0x00, 0x00, 0x00, 0x00, 0x00, 0x00, 0x00, 0x00, 0x00, 0x00, 0x00, 0x00, 0x00, 0x00, 0x00, 0x00, 0x00, 0x00, 0x00, 0x00, 0x00, 0x00, 0x00, 0x00, 0x00, 0x00, } },
  { .id = 1446, .a = 111, .b = 270, .token = {'o', 'e', 's', 0x00, 0x00, 0x00, 0x00, 0x00, 0x00, 0x00, 0x00, 0x00, 0x00, 0x00, 0x00, 0x00, 0x00, 0x00, 0x00, 0x00, 0x00, 0x00, 0x00, 0x00, 0x00, 0x00, 0x00, 0x00, 0x00, 0x00, 0x00, 0x00, } },
  { .id = 1447, .a = 1140, .b = 109, .token = {' ', 's', 'u', 'm', 'm', 0x00, 0x00, 0x00, 0x00, 0x00, 0x00, 0x00, 0x00, 0x00, 0x00, 0x00, 0x00, 0x00, 0x00, 0x00, 0x00, 0x00, 0x00, 0x00, 0x00, 0x00, 0x00, 0x00, 0x00, 0x00, 0x00, 0x00, } },
  { .id = 1448, .a = 448, .b = 1369, .token = {' ', 'e', 'n', 'j', 'o', 'y', 0x00, 0x00, 0x00, 0x00, 0x00, 0x00, 0x00, 0x00, 0x00, 0x00, 0x00, 0x00, 0x00, 0x00, 0x00, 0x00, 0x00, 0x00, 0x00, 0x00, 0x00, 0x00, 0x00, 0x00, 0x00, 0x00, } },
  { .id = 1449, .a = 686, .b = 517, .token = {' ', 'r', 'e', 'l', 'a', 't', 'e', 'd', 0x00, 0x00, 0x00, 0x00, 0x00, 0x00, 0x00, 0x00, 0x00, 0x00, 0x00, 0x00, 0x00, 0x00, 0x00, 0x00, 0x00, 0x00, 0x00, 0x00, 0x00, 0x00, 0x00, 0x00, } },
  { .id = 1450, .a = 273, .b = 282, .token = {' ', 'w', 'a', 'l', 0x00, 0x00, 0x00, 0x00, 0x00, 0x00, 0x00, 0x00, 0x00, 0x00, 0x00, 0x00, 0x00, 0x00, 0x00, 0x00, 0x00, 0x00, 0x00, 0x00, 0x00, 0x00, 0x00, 0x00, 0x00, 0x00, 0x00, 0x00, } },
  { .id = 1451, .a = 32, .b = 105, .token = {' ', 'i', 0x00, 0x00, 0x00, 0x00, 0x00, 0x00, 0x00, 0x00, 0x00, 0x00, 0x00, 0x00, 0x00, 0x00, 0x00, 0x00, 0x00, 0x00, 0x00, 0x00, 0x00, 0x00, 0x00, 0x00, 0x00, 0x00, 0x00, 0x00, 0x00, 0x00, } },
  { .id = 1452, .a = 492, .b = 313, .token = {' ', 'L', 'e', 't', 0x00, 0x00, 0x00, 0x00, 0x00, 0x00, 0x00, 0x00, 0x00, 0x00, 0x00, 0x00, 0x00, 0x00, 0x00, 0x00, 0x00, 0x00, 0x00, 0x00, 0x00, 0x00, 0x00, 0x00, 0x00, 0x00, 0x00, 0x00, } },
  { .id = 1453, .a = 306, .b = 295, .token = {' ', 'e', 'a', 's', 0x00, 0x00, 0x00, 0x00, 0x00, 0x00, 0x00, 0x00, 0x00, 0x00, 0x00, 0x00, 0x00, 0x00, 0x00, 0x00, 0x00, 0x00, 0x00, 0x00, 0x00, 0x00, 0x00, 0x00, 0x00, 0x00, 0x00, 0x00, } },
  { .id = 1454, .a = 312, .b = 266, .token = {' ', 'g', 'r', 'e', 0x00, 0x00, 0x00, 0x00, 0x00, 0x00, 0x00, 0x00, 0x00, 0x00, 0x00, 0x00, 0x00, 0x00, 0x00, 0x00, 0x00, 0x00, 0x00, 0x00, 0x00, 0x00, 0x00, 0x00, 0x00, 0x00, 0x00, 0x00, } },
  { .id = 1455, .a = 585, .b = 298, .token = {' ', 'i', 'm', 'p', 'r', 'o', 0x00, 0x00, 0x00, 0x00, 0x00, 0x00, 0x00, 0x00, 0x00, 0x00, 0x00, 0x00, 0x00, 0x00, 0x00, 0x00, 0x00, 0x00, 0x00, 0x00, 0x00, 0x00, 0x00, 0x00, 0x00, 0x00, } },
  { .id = 1456, .a = 1383, .b = 924, .token = {' ', 'r', 'e', 'l', 'a', 't', 'i', 'o', 'n', 's', 'h', 'i', 'p', 0x00, 0x00, 0x00, 0x00, 0x00, 0x00, 0x00, 0x00, 0x00, 0x00, 0x00, 0x00, 0x00, 0x00, 0x00, 0x00, 0x00, 0x00, 0x00, } },
  { .id = 1457, .a = 1086, .b = 263, .token = {' ', 'c', 'h', 'a', 'r', 'a', 'c', 't', 'e', 'r', 0x00, 0x00, 0x00, 0x00, 0x00, 0x00, 0x00, 0x00, 0x00, 0x00, 0x00, 0x00, 0x00, 0x00, 0x00, 0x00, 0x00, 0x00, 0x00, 0x00, 0x00, 0x00, } },
  { .id = 1458, .a = 101, .b = 120, .token = {'e', 'x', 0x00, 0x00, 0x00, 0x00, 0x00, 0x00, 0x00, 0x00, 0x00, 0x00, 0x00, 0x00, 0x00, 0x00, 0x00, 0x00, 0x00, 0x00, 0x00, 0x00, 0x00, 0x00, 0x00, 0x00, 0x00, 0x00, 0x00, 0x00, 0x00, 0x00, } },
  { .id = 1459, .a = 108, .b = 275, .token = {'l', 'i', 'n', 'g', 0x00, 0x00, 0x00, 0x00, 0x00, 0x00, 0x00, 0x00, 0x00, 0x00, 0x00, 0x00, 0x00, 0x00, 0x00, 0x00, 0x00, 0x00, 0x00, 0x00, 0x00, 0x00, 0x00, 0x00, 0x00, 0x00, 0x00, 0x00, } },
  { .id = 1460, .a = 111, .b = 372, .token = {'o', 'v', 'e', 'r', 0x00, 0x00, 0x00, 0x00, 0x00, 0x00, 0x00, 0x00, 0x00, 0x00, 0x00, 0x00, 0x00, 0x00, 0x00, 0x00, 0x00, 0x00, 0x00, 0x00, 0x00, 0x00, 0x00, 0x00, 0x00, 0x00, 0x00, 0x00, } },
  { .id = 1461, .a = 265, .b = 464, .token = {' ', 's', 'i', 'd', 'e', 0x00, 0x00, 0x00, 0x00, 0x00, 0x00, 0x00, 0x00, 0x00, 0x00, 0x00, 0x00, 0x00, 0x00, 0x00, 0x00, 0x00, 0x00, 0x00, 0x00, 0x00, 0x00, 0x00, 0x00, 0x00, 0x00, 0x00, } },
  { .id = 1462, .a = 1105, .b = 267, .token = {'T', 'h', 'i', 's', 0x00, 0x00, 0x00, 0x00, 0x00, 0x00, 0x00, 0x00, 0x00, 0x00, 0x00, 0x00, 0x00, 0x00, 0x00, 0x00, 0x00, 0x00, 0x00, 0x00, 0x00, 0x00, 0x00, 0x00, 0x00, 0x00, 0x00, 0x00, } },
  { .id = 1463, .a = 573, .b = 294, .token = {'f', 'f', 'i', 'c', 0x00, 0x00, 0x00, 0x00, 0x00, 0x00, 0x00, 0x00, 0x00, 0x00, 0x00, 0x00, 0x00, 0x00, 0x00, 0x00, 0x00, 0x00, 0x00, 0x00, 0x00, 0x00, 0x00, 0x00, 0x00, 0x00, 0x00, 0x00, } },
  { .id = 1464, .a = 418, .b = 270, .token = {'a', 'c', 'e', 's', 0x00, 0x00, 0x00, 0x00, 0x00, 0x00, 0x00, 0x00, 0x00, 0x00, 0x00, 0x00, 0x00, 0x00, 0x00, 0x00, 0x00, 0x00, 0x00, 0x00, 0x00, 0x00, 0x00, 0x00, 0x00, 0x00, 0x00, 0x00, } },
  { .id = 1465, .a = 319, .b = 494, .token = {' ', 's', 't', 'o', 'r', 'e', 0x00, 0x00, 0x00, 0x00, 0x00, 0x00, 0x00, 0x00, 0x00, 0x00, 0x00, 0x00, 0x00, 0x00, 0x00, 0x00, 0x00, 0x00, 0x00, 0x00, 0x00, 0x00, 0x00, 0x00, 0x00, 0x00, } },
  { .id = 1466, .a = 391, .b = 290, .token = {' ', 'n', 'e', 'a', 'r', 0x00, 0x00, 0x00, 0x00, 0x00, 0x00, 0x00, 0x00, 0x00, 0x00, 0x00, 0x00, 0x00, 0x00, 0x00, 0x00, 0x00, 0x00, 0x00, 0x00, 0x00, 0x00, 0x00, 0x00, 0x00, 0x00, 0x00, } },
  { .id = 1467, .a = 986, .b = 1112, .token = {' ', 'f', 'r', 'i', 'e', 'n', 'd', 's', 0x00, 0x00, 0x00, 0x00, 0x00, 0x00, 0x00, 0x00, 0x00, 0x00, 0x00, 0x00, 0x00, 0x00, 0x00, 0x00, 0x00, 0x00, 0x00, 0x00, 0x00, 0x00, 0x00, 0x00, } },
  { .id = 1468, .a = 942, .b = 283, .token = {' ', 'm', 'e', 'n', 't', 'i', 'o', 'n', 'e', 'd', 0x00, 0x00, 0x00, 0x00, 0x00, 0x00, 0x00, 0x00, 0x00, 0x00, 0x00, 0x00, 0x00, 0x00, 0x00, 0x00, 0x00, 0x00, 0x00, 0x00, 0x00, 0x00, } },
  { .id = 1469, .a = 32, .b = 464, .token = {' ', 'i', 'd', 'e', 0x00, 0x00, 0x00, 0x00, 0x00, 0x00, 0x00, 0x00, 0x00, 0x00, 0x00, 0x00, 0x00, 0x00, 0x00, 0x00, 0x00, 0x00, 0x00, 0x00, 0x00, 0x00, 0x00, 0x00, 0x00, 0x00, 0x00, 0x00, } },
  { .id = 1470, .a = 116, .b = 283, .token = {'t', 'e', 'd', 0x00, 0x00, 0x00, 0x00, 0x00, 0x00, 0x00, 0x00, 0x00, 0x00, 0x00, 0x00, 0x00, 0x00, 0x00, 0x00, 0x00, 0x00, 0x00, 0x00, 0x00, 0x00, 0x00, 0x00, 0x00, 0x00, 0x00, 0x00, 0x00, } },
  { .id = 1471, .a = 547, .b = 377, .token = {'c', 'c', 'e', 's', 's', 0x00, 0x00, 0x00, 0x00, 0x00, 0x00, 0x00, 0x00, 0x00, 0x00, 0x00, 0x00, 0x00, 0x00, 0x00, 0x00, 0x00, 0x00, 0x00, 0x00, 0x00, 0x00, 0x00, 0x00, 0x00, 0x00, 0x00, } },
  { .id = 1472, .a = 585, .b = 486, .token = {' ', 'i', 'm', 'p', 'a', 'c', 't', 0x00, 0x00, 0x00, 0x00, 0x00, 0x00, 0x00, 0x00, 0x00, 0x00, 0x00, 0x00, 0x00, 0x00, 0x00, 0x00, 0x00, 0x00, 0x00, 0x00, 0x00, 0x00, 0x00, 0x00, 0x00, } },
  { .id = 1473, .a = 434, .b = 832, .token = {' ', 'a', 'b', 'o', 'v', 'e', 0x00, 0x00, 0x00, 0x00, 0x00, 0x00, 0x00, 0x00, 0x00, 0x00, 0x00, 0x00, 0x00, 0x00, 0x00, 0x00, 0x00, 0x00, 0x00, 0x00, 0x00, 0x00, 0x00, 0x00, 0x00, 0x00, } },
  { .id = 1474, .a = 72, .b = 527, .token = {'H', 'y', 'p', 'o', 't', 'h', 'e', 's', 'i', 's', 0x00, 0x00, 0x00, 0x00, 0x00, 0x00, 0x00, 0x00, 0x00, 0x00, 0x00, 0x00, 0x00, 0x00, 0x00, 0x00, 0x00, 0x00, 0x00, 0x00, 0x00, 0x00, } },
  { .id = 1475, .a = 350, .b = 501, .token = {' ', 'p', 'r', 'o', 'p', 'e', 'r', 0x00, 0x00, 0x00, 0x00, 0x00, 0x00, 0x00, 0x00, 0x00, 0x00, 0x00, 0x00, 0x00, 0x00, 0x00, 0x00, 0x00, 0x00, 0x00, 0x00, 0x00, 0x00, 0x00, 0x00, 0x00, } },
  { .id = 1476, .a = 1246, .b = 320, .token = {'c', 'h', 'o', 'o', 'l', 0x00, 0x00, 0x00, 0x00, 0x00, 0x00, 0x00, 0x00, 0x00, 0x00, 0x00, 0x00, 0x00, 0x00, 0x00, 0x00, 0x00, 0x00, 0x00, 0x00, 0x00, 0x00, 0x00, 0x00, 0x00, 0x00, 0x00, } },
  { .id = 1477, .a = 977, .b = 286, .token = {' ', 'p', 'r', 'e', 's', 'e', 'n', 't', 0x00, 0x00, 0x00, 0x00, 0x00, 0x00, 0x00, 0x00, 0x00, 0x00, 0x00, 0x00, 0x00, 0x00, 0x00, 0x00, 0x00, 0x00, 0x00, 0x00, 0x00, 0x00, 0x00, 0x00, } },
  { .id = 1478, .a = 103, .b = 263, .token = {'g', 'e', 'r', 0x00, 0x00, 0x00, 0x00, 0x00, 0x00, 0x00, 0x00, 0x00, 0x00, 0x00, 0x00, 0x00, 0x00, 0x00, 0x00, 0x00, 0x00, 0x00, 0x00, 0x00, 0x00, 0x00, 0x00, 0x00, 0x00, 0x00, 0x00, 0x00, } },
  { .id = 1479, .a = 280, .b = 703, .token = {' ', 'b', 'o', 'y', 0x00, 0x00, 0x00, 0x00, 0x00, 0x00, 0x00, 0x00, 0x00, 0x00, 0x00, 0x00, 0x00, 0x00, 0x00, 0x00, 0x00, 0x00, 0x00, 0x00, 0x00, 0x00, 0x00, 0x00, 0x00, 0x00, 0x00, 0x00, } },
  { .id = 1480, .a = 260, .b = 283, .token = {'i', 'n', 'e', 'd', 0x00, 0x00, 0x00, 0x00, 0x00, 0x00, 0x00, 0x00, 0x00, 0x00, 0x00, 0x00, 0x00, 0x00, 0x00, 0x00, 0x00, 0x00, 0x00, 0x00, 0x00, 0x00, 0x00, 0x00, 0x00, 0x00, 0x00, 0x00, } },
  { .id = 1481, .a = 595, .b = 110, .token = {' ', 'd', 'o', 'e', 's', 'n', 0x00, 0x00, 0x00, 0x00, 0x00, 0x00, 0x00, 0x00, 0x00, 0x00, 0x00, 0x00, 0x00, 0x00, 0x00, 0x00, 0x00, 0x00, 0x00, 0x00, 0x00, 0x00, 0x00, 0x00, 0x00, 0x00, } },
  { .id = 1482, .a = 437, .b = 372, .token = {' ', 's', 'e', 'v', 'e', 'r', 0x00, 0x00, 0x00, 0x00, 0x00, 0x00, 0x00, 0x00, 0x00, 0x00, 0x00, 0x00, 0x00, 0x00, 0x00, 0x00, 0x00, 0x00, 0x00, 0x00, 0x00, 0x00, 0x00, 0x00, 0x00, 0x00, } },
  { .id = 1483, .a = 282, .b = 1272, .token = {'a', 'l', 'c', 'u', 'l', 0x00, 0x00, 0x00, 0x00, 0x00, 0x00, 0x00, 0x00, 0x00, 0x00, 0x00, 0x00, 0x00, 0x00, 0x00, 0x00, 0x00, 0x00, 0x00, 0x00, 0x00, 0x00, 0x00, 0x00, 0x00, 0x00, 0x00, } },
  { .id = 1484, .a = 297, .b = 739, .token = {' ', 't', 'h', 'r', 'e', 'e', 0x00, 0x00, 0x00, 0x00, 0x00, 0x00, 0x00, 0x00, 0x00, 0x00, 0x00, 0x00, 0x00, 0x00, 0x00, 0x00, 0x00, 0x00, 0x00, 0x00, 0x00, 0x00, 0x00, 0x00, 0x00, 0x00, } },
  { .id = 1485, .a = 51, .b = 48, .token = {'3', '0', 0x00, 0x00, 0x00, 0x00, 0x00, 0x00, 0x00, 0x00, 0x00, 0x00, 0x00, 0x00, 0x00, 0x00, 0x00, 0x00, 0x00, 0x00, 0x00, 0x00, 0x00, 0x00, 0x00, 0x00, 0x00, 0x00, 0x00, 0x00, 0x00, 0x00, } },
  { .id = 1486, .a = 115, .b = 267, .token = {'s', 'i', 's', 0x00, 0x00, 0x00, 0x00, 0x00, 0x00, 0x00, 0x00, 0x00, 0x00, 0x00, 0x00, 0x00, 0x00, 0x00, 0x00, 0x00, 0x00, 0x00, 0x00, 0x00, 0x00, 0x00, 0x00, 0x00, 0x00, 0x00, 0x00, 0x00, } },
  { .id = 1487, .a = 291, .b = 347, .token = {' ', 'd', 'e', 'l', 0x00, 0x00, 0x00, 0x00, 0x00, 0x00, 0x00, 0x00, 0x00, 0x00, 0x00, 0x00, 0x00, 0x00, 0x00, 0x00, 0x00, 0x00, 0x00, 0x00, 0x00, 0x00, 0x00, 0x00, 0x00, 0x00, 0x00, 0x00, } },
  { .id = 1488, .a = 324, .b = 270, .token = {'i', 'm', 'e', 's', 0x00, 0x00, 0x00, 0x00, 0x00, 0x00, 0x00, 0x00, 0x00, 0x00, 0x00, 0x00, 0x00, 0x00, 0x00, 0x00, 0x00, 0x00, 0x00, 0x00, 0x00, 0x00, 0x00, 0x00, 0x00, 0x00, 0x00, 0x00, } },
  { .id = 1489, .a = 299, .b = 499, .token = {' ', 'h', 'o', 'm', 'e', 0x00, 0x00, 0x00, 0x00, 0x00, 0x00, 0x00, 0x00, 0x00, 0x00, 0x00, 0x00, 0x00, 0x00, 0x00, 0x00, 0x00, 0x00, 0x00, 0x00, 0x00, 0x00, 0x00, 0x00, 0x00, 0x00, 0x00, } },
  { .id = 1490, .a = 32, .b = 372, .token = {' ', 'v', 'e', 'r', 0x00, 0x00, 0x00, 0x00, 0x00, 0x00, 0x00, 0x00, 0x00, 0x00, 0x00, 0x00, 0x00, 0x00, 0x00, 0x00, 0x00, 0x00, 0x00, 0x00, 0x00, 0x00, 0x00, 0x00, 0x00, 0x00, 0x00, 0x00, } },
  { .id = 1491, .a = 704, .b = 581, .token = {' ', 'S', 't', 'a', 't', 'e', 's', 0x00, 0x00, 0x00, 0x00, 0x00, 0x00, 0x00, 0x00, 0x00, 0x00, 0x00, 0x00, 0x00, 0x00, 0x00, 0x00, 0x00, 0x00, 0x00, 0x00, 0x00, 0x00, 0x00, 0x00, 0x00, } },
  { .id = 1492, .a = 287, .b = 776, .token = {' ', 'm', 'a', 'r', 'k', 0x00, 0x00, 0x00, 0x00, 0x00, 0x00, 0x00, 0x00, 0x00, 0x00, 0x00, 0x00, 0x00, 0x00, 0x00, 0x00, 0x00, 0x00, 0x00, 0x00, 0x00, 0x00, 0x00, 0x00, 0x00, 0x00, 0x00, } },
  { .id = 1493, .a = 280, .b = 327, .token = {' ', 'b', 'i', 'r', 0x00, 0x00, 0x00, 0x00, 0x00, 0x00, 0x00, 0x00, 0x00, 0x00, 0x00, 0x00, 0x00, 0x00, 0x00, 0x00, 0x00, 0x00, 0x00, 0x00, 0x00, 0x00, 0x00, 0x00, 0x00, 0x00, 0x00, 0x00, } },
  { .id = 1494, .a = 354, .b = 271, .token = {' ', 'C', 'a', 'n', 0x00, 0x00, 0x00, 0x00, 0x00, 0x00, 0x00, 0x00, 0x00, 0x00, 0x00, 0x00, 0x00, 0x00, 0x00, 0x00, 0x00, 0x00, 0x00, 0x00, 0x00, 0x00, 0x00, 0x00, 0x00, 0x00, 0x00, 0x00, } },
  { .id = 1495, .a = 340, .b = 487, .token = {'u', 'r', 't', 'h', 'e', 'r', 0x00, 0x00, 0x00, 0x00, 0x00, 0x00, 0x00, 0x00, 0x00, 0x00, 0x00, 0x00, 0x00, 0x00, 0x00, 0x00, 0x00, 0x00, 0x00, 0x00, 0x00, 0x00, 0x00, 0x00, 0x00, 0x00, } },
  { .id = 1496, .a = 677, .b = 396, .token = {' ', 'b', 'e', 't', 't', 'e', 'r', 0x00, 0x00, 0x00, 0x00, 0x00, 0x00, 0x00, 0x00, 0x00, 0x00, 0x00, 0x00, 0x00, 0x00, 0x00, 0x00, 0x00, 0x00, 0x00, 0x00, 0x00, 0x00, 0x00, 0x00, 0x00, } },
  { .id = 1497, .a = 710, .b = 303, .token = {' ', 'e', 'm', 'o', 't', 0x00, 0x00, 0x00, 0x00, 0x00, 0x00, 0x00, 0x00, 0x00, 0x00, 0x00, 0x00, 0x00, 0x00, 0x00, 0x00, 0x00, 0x00, 0x00, 0x00, 0x00, 0x00, 0x00, 0x00, 0x00, 0x00, 0x00, } },
  { .id = 1498, .a = 326, .b = 104, .token = {' ', 'b', 'e', 'h', 0x00, 0x00, 0x00, 0x00, 0x00, 0x00, 0x00, 0x00, 0x00, 0x00, 0x00, 0x00, 0x00, 0x00, 0x00, 0x00, 0x00, 0x00, 0x00, 0x00, 0x00, 0x00, 0x00, 0x00, 0x00, 0x00, 0x00, 0x00, } },
  { .id = 1499, .a = 260, .b = 722, .token = {'i', 'n', 't', 's', 0x00, 0x00, 0x00, 0x00, 0x00, 0x00, 0x00, 0x00, 0x00, 0x00, 0x00, 0x00, 0x00, 0x00, 0x00, 0x00, 0x00, 0x00, 0x00, 0x00, 0x00, 0x00, 0x00, 0x00, 0x00, 0x00, 0x00, 0x00, } },
  { .id = 1500, .a = 274, .b = 1002, .token = {' ', 'p', 'o', 'w', 'e', 'r', 0x00, 0x00, 0x00, 0x00, 0x00, 0x00, 0x00, 0x00, 0x00, 0x00, 0x00, 0x00, 0x00, 0x00, 0x00, 0x00, 0x00, 0x00, 0x00, 0x00, 0x00, 0x00, 0x00, 0x00, 0x00, 0x00, } },
  { .id = 1501, .a = 98, .b = 101, .token = {'b', 'e', 0x00, 0x00, 0x00, 0x00, 0x00, 0x00, 0x00, 0x00, 0x00, 0x00, 0x00, 0x00, 0x00, 0x00, 0x00, 0x00, 0x00, 0x00, 0x00, 0x00, 0x00, 0x00, 0x00, 0x00, 0x00, 0x00, 0x00, 0x00, 0x00, 0x00, } },
  { .id = 1502, .a = 114, .b = 282, .token = {'r', 'a', 'l', 0x00, 0x00, 0x00, 0x00, 0x00, 0x00, 0x00, 0x00, 0x00, 0x00, 0x00, 0x00, 0x00, 0x00, 0x00, 0x00, 0x00, 0x00, 0x00, 0x00, 0x00, 0x00, 0x00, 0x00, 0x00, 0x00, 0x00, 0x00, 0x00, } },
  { .id = 1503, .a = 427, .b = 271, .token = {' ', 'p', 'l', 'a', 'n', 0x00, 0x00, 0x00, 0x00, 0x00, 0x00, 0x00, 0x00, 0x00, 0x00, 0x00, 0x00, 0x00, 0x00, 0x00, 0x00, 0x00, 0x00, 0x00, 0x00, 0x00, 0x00, 0x00, 0x00, 0x00, 0x00, 0x00, } },
  { .id = 1504, .a = 449, .b = 107, .token = {'o', 'c', 'k', 0x00, 0x00, 0x00, 0x00, 0x00, 0x00, 0x00, 0x00, 0x00, 0x00, 0x00, 0x00, 0x00, 0x00, 0x00, 0x00, 0x00, 0x00, 0x00, 0x00, 0x00, 0x00, 0x00, 0x00, 0x00, 0x00, 0x00, 0x00, 0x00, } },
  { .id = 1505, .a = 566, .b = 1034, .token = {' ', 'c', 'o', 'm', 'p', 'a', 'n', 'y', 0x00, 0x00, 0x00, 0x00, 0x00, 0x00, 0x00, 0x00, 0x00, 0x00, 0x00, 0x00, 0x00, 0x00, 0x00, 0x00, 0x00, 0x00, 0x00, 0x00, 0x00, 0x00, 0x00, 0x00, } },
  { .id = 1506, .a = 387, .b = 270, .token = {'r', 'i', 'e', 's', 0x00, 0x00, 0x00, 0x00, 0x00, 0x00, 0x00, 0x00, 0x00, 0x00, 0x00, 0x00, 0x00, 0x00, 0x00, 0x00, 0x00, 0x00, 0x00, 0x00, 0x00, 0x00, 0x00, 0x00, 0x00, 0x00, 0x00, 0x00, } },
  { .id = 1507, .a = 1100, .b = 638, .token = {' ', 'b', 'r', 'e', 'a', 'k', 0x00, 0x00, 0x00, 0x00, 0x00, 0x00, 0x00, 0x00, 0x00, 0x00, 0x00, 0x00, 0x00, 0x00, 0x00, 0x00, 0x00, 0x00, 0x00, 0x00, 0x00, 0x00, 0x00, 0x00, 0x00, 0x00, } },
  { .id = 1508, .a = 277, .b = 1063, .token = {' ', 'a', 'n', 'o', 't', 'h', 'e', 'r', 0x00, 0x00, 0x00, 0x00, 0x00, 0x00, 0x00, 0x00, 0x00, 0x00, 0x00, 0x00, 0x00, 0x00, 0x00, 0x00, 0x00, 0x00, 0x00, 0x00, 0x00, 0x00, 0x00, 0x00, } },
  { .id = 1509, .a = 291, .b = 481, .token = {' ', 'd', 'u', 'e', 0x00, 0x00, 0x00, 0x00, 0x00, 0x00, 0x00, 0x00, 0x00, 0x00, 0x00, 0x00, 0x00, 0x00, 0x00, 0x00, 0x00, 0x00, 0x00, 0x00, 0x00, 0x00, 0x00, 0x00, 0x00, 0x00, 0x00, 0x00, } },
  { .id = 1510, .a = 269, .b = 114, .token = {' ', 'c', 'r', 0x00, 0x00, 0x00, 0x00, 0x00, 0x00, 0x00, 0x00, 0x00, 0x00, 0x00, 0x00, 0x00, 0x00, 0x00, 0x00, 0x00, 0x00, 0x00, 0x00, 0x00, 0x00, 0x00, 0x00, 0x00, 0x00, 0x00, 0x00, 0x00, } },
  { .id = 1511, .a = 101, .b = 313, .token = {'e', 'e', 't', 0x00, 0x00, 0x00, 0x00, 0x00, 0x00, 0x00, 0x00, 0x00, 0x00, 0x00, 0x00, 0x00, 0x00, 0x00, 0x00, 0x00, 0x00, 0x00, 0x00, 0x00, 0x00, 0x00, 0x00, 0x00, 0x00, 0x00, 0x00, 0x00, } },
  { .id = 1512, .a = 905, .b = 806, .token = {' ', 'a', 'n', 'a', 'l', 'y', 'z', 'e', 0x00, 0x00, 0x00, 0x00, 0x00, 0x00, 0x00, 0x00, 0x00, 0x00, 0x00, 0x00, 0x00, 0x00, 0x00, 0x00, 0x00, 0x00, 0x00, 0x00, 0x00, 0x00, 0x00, 0x00, } },
  { .id = 1513, .a = 375, .b = 889, .token = {' ', 'y', 'o', 'u', 'n', 'g', 0x00, 0x00, 0x00, 0x00, 0x00, 0x00, 0x00, 0x00, 0x00, 0x00, 0x00, 0x00, 0x00, 0x00, 0x00, 0x00, 0x00, 0x00, 0x00, 0x00, 0x00, 0x00, 0x00, 0x00, 0x00, 0x00, } },
  { .id = 1514, .a = 97, .b = 324, .token = {'a', 'i', 'm', 0x00, 0x00, 0x00, 0x00, 0x00, 0x00, 0x00, 0x00, 0x00, 0x00, 0x00, 0x00, 0x00, 0x00, 0x00, 0x00, 0x00, 0x00, 0x00, 0x00, 0x00, 0x00, 0x00, 0x00, 0x00, 0x00, 0x00, 0x00, 0x00, } },
  { .id = 1515, .a = 287, .b = 313, .token = {' ', 'm', 'e', 't', 0x00, 0x00, 0x00, 0x00, 0x00, 0x00, 0x00, 0x00, 0x00, 0x00, 0x00, 0x00, 0x00, 0x00, 0x00, 0x00, 0x00, 0x00, 0x00, 0x00, 0x00, 0x00, 0x00, 0x00, 0x00, 0x00, 0x00, 0x00, } },
  { .id = 1516, .a = 353, .b = 497, .token = {' ', 'o', 'r', 'd', 'e', 'r', 0x00, 0x00, 0x00, 0x00, 0x00, 0x00, 0x00, 0x00, 0x00, 0x00, 0x00, 0x00, 0x00, 0x00, 0x00, 0x00, 0x00, 0x00, 0x00, 0x00, 0x00, 0x00, 0x00, 0x00, 0x00, 0x00, } },
  { .id = 1517, .a = 271, .b = 516, .token = {'a', 'n', 'c', 'e', 's', 0x00, 0x00, 0x00, 0x00, 0x00, 0x00, 0x00, 0x00, 0x00, 0x00, 0x00, 0x00, 0x00, 0x00, 0x00, 0x00, 0x00, 0x00, 0x00, 0x00, 0x00, 0x00, 0x00, 0x00, 0x00, 0x00, 0x00, } },
  { .id = 1518, .a = 347, .b = 115, .token = {'e', 'l', 's', 0x00, 0x00, 0x00, 0x00, 0x00, 0x00, 0x00, 0x00, 0x00, 0x00, 0x00, 0x00, 0x00, 0x00, 0x00, 0x00, 0x00, 0x00, 0x00, 0x00, 0x00, 0x00, 0x00, 0x00, 0x00, 0x00, 0x00, 0x00, 0x00, } },
  { .id = 1519, .a = 350, .b = 116, .token = {' ', 'p', 'r', 'o', 't', 0x00, 0x00, 0x00, 0x00, 0x00, 0x00, 0x00, 0x00, 0x00, 0x00, 0x00, 0x00, 0x00, 0x00, 0x00, 0x00, 0x00, 0x00, 0x00, 0x00, 0x00, 0x00, 0x00, 0x00, 0x00, 0x00, 0x00, } },
  { .id = 1520, .a = 1196, .b = 1075, .token = {' ', 'b', 'u', 's', 'i', 'n', 'e', 's', 's', 0x00, 0x00, 0x00, 0x00, 0x00, 0x00, 0x00, 0x00, 0x00, 0x00, 0x00, 0x00, 0x00, 0x00, 0x00, 0x00, 0x00, 0x00, 0x00, 0x00, 0x00, 0x00, 0x00, } },
  { .id = 1521, .a = 659, .b = 270, .token = {' ', 'p', 'r', 'o', 'v', 'i', 'd', 'e', 's', 0x00, 0x00, 0x00, 0x00, 0x00, 0x00, 0x00, 0x00, 0x00, 0x00, 0x00, 0x00, 0x00, 0x00, 0x00, 0x00, 0x00, 0x00, 0x00, 0x00, 0x00, 0x00, 0x00, } },
  { .id = 1522, .a = 268, .b = 267, .token = {'a', 't', 'i', 's', 0x00, 0x00, 0x00, 0x00, 0x00, 0x00, 0x00, 0x00, 0x00, 0x00, 0x00, 0x00, 0x00, 0x00, 0x00, 0x00, 0x00, 0x00, 0x00, 0x00, 0x00, 0x00, 0x00, 0x00, 0x00, 0x00, 0x00, 0x00, } },
  { .id = 1523, .a = 97, .b = 399, .token = {'a', 'p', 't', 0x00, 0x00, 0x00, 0x00, 0x00, 0x00, 0x00, 0x00, 0x00, 0x00, 0x00, 0x00, 0x00, 0x00, 0x00, 0x00, 0x00, 0x00, 0x00, 0x00, 0x00, 0x00, 0x00, 0x00, 0x00, 0x00, 0x00, 0x00, 0x00, } },
  { .id = 1524, .a = 269, .b = 1134, .token = {' ', 'c', 'a', 't', 'e', 'g', 0x00, 0x00, 0x00, 0x00, 0x00, 0x00, 0x00, 0x00, 0x00, 0x00, 0x00, 0x00, 0x00, 0x00, 0x00, 0x00, 0x00, 0x00, 0x00, 0x00, 0x00, 0x00, 0x00, 0x00, 0x00, 0x00, } },
  { .id = 1525, .a = 265, .b = 275, .token = {' ', 's', 'i', 'n', 'g', 0x00, 0x00, 0x00, 0x00, 0x00, 0x00, 0x00, 0x00, 0x00, 0x00, 0x00, 0x00, 0x00, 0x00, 0x00, 0x00, 0x00, 0x00, 0x00, 0x00, 0x00, 0x00, 0x00, 0x00, 0x00, 0x00, 0x00, } },
  { .id = 1526, .a = 337, .b = 109, .token = {'a', 'm', 'm', 0x00, 0x00, 0x00, 0x00, 0x00, 0x00, 0x00, 0x00, 0x00, 0x00, 0x00, 0x00, 0x00, 0x00, 0x00, 0x00, 0x00, 0x00, 0x00, 0x00, 0x00, 0x00, 0x00, 0x00, 0x00, 0x00, 0x00, 0x00, 0x00, } },
  { .id = 1527, .a = 298, .b = 318, .token = {'r', 'o', 's', 's', 0x00, 0x00, 0x00, 0x00, 0x00, 0x00, 0x00, 0x00, 0x00, 0x00, 0x00, 0x00, 0x00, 0x00, 0x00, 0x00, 0x00, 0x00, 0x00, 0x00, 0x00, 0x00, 0x00, 0x00, 0x00, 0x00, 0x00, 0x00, } },
  { .id = 1528, .a = 332, .b = 258, .token = {' ', 'S', 'h', 'e', 0x00, 0x00, 0x00, 0x00, 0x00, 0x00, 0x00, 0x00, 0x00, 0x00, 0x00, 0x00, 0x00, 0x00, 0x00, 0x00, 0x00, 0x00, 0x00, 0x00, 0x00, 0x00, 0x00, 0x00, 0x00, 0x00, 0x00, 0x00, } },
  { .id = 1529, .a = 1418, .b = 370, .token = {' ', 'e', 'n', 'v', 'i', 'r', 'o', 'n', 'm', 'e', 'n', 't', 0x00, 0x00, 0x00, 0x00, 0x00, 0x00, 0x00, 0x00, 0x00, 0x00, 0x00, 0x00, 0x00, 0x00, 0x00, 0x00, 0x00, 0x00, 0x00, 0x00, } },
  { .id = 1530, .a = 638, .b = 270, .token = {'a', 'k', 'e', 's', 0x00, 0x00, 0x00, 0x00, 0x00, 0x00, 0x00, 0x00, 0x00, 0x00, 0x00, 0x00, 0x00, 0x00, 0x00, 0x00, 0x00, 0x00, 0x00, 0x00, 0x00, 0x00, 0x00, 0x00, 0x00, 0x00, 0x00, 0x00, } },
  { .id = 1531, .a = 1522, .b = 102, .token = {'a', 't', 'i', 's', 'f', 0x00, 0x00, 0x00, 0x00, 0x00, 0x00, 0x00, 0x00, 0x00, 0x00, 0x00, 0x00, 0x00, 0x00, 0x00, 0x00, 0x00, 0x00, 0x00, 0x00, 0x00, 0x00, 0x00, 0x00, 0x00, 0x00, 0x00, } },
  { .id = 1532, .a = 32, .b = 47, .token = {' ', '/', 0x00, 0x00, 0x00, 0x00, 0x00, 0x00, 0x00, 0x00, 0x00, 0x00, 0x00, 0x00, 0x00, 0x00, 0x00, 0x00, 0x00, 0x00, 0x00, 0x00, 0x00, 0x00, 0x00, 0x00, 0x00, 0x00, 0x00, 0x00, 0x00, 0x00, } },
  { .id = 1533, .a = 892, .b = 1218, .token = {' ', 'a', 'r', 't', 'i', 'c', 'l', 'e', 0x00, 0x00, 0x00, 0x00, 0x00, 0x00, 0x00, 0x00, 0x00, 0x00, 0x00, 0x00, 0x00, 0x00, 0x00, 0x00, 0x00, 0x00, 0x00, 0x00, 0x00, 0x00, 0x00, 0x00, } },
  { .id = 1534, .a = 112, .b = 387, .token = {'p', 'r', 'i', 0x00, 0x00, 0x00, 0x00, 0x00, 0x00, 0x00, 0x00, 0x00, 0x00, 0x00, 0x00, 0x00, 0x00, 0x00, 0x00, 0x00, 0x00, 0x00, 0x00, 0x00, 0x00, 0x00, 0x00, 0x00, 0x00, 0x00, 0x00, 0x00, } },
  { .id = 1535, .a = 489, .b = 1053, .token = {' ', 'N', 'e', 'w', 0x00, 0x00, 0x00, 0x00, 0x00, 0x00, 0x00, 0x00, 0x00, 0x00, 0x00, 0x00, 0x00, 0x00, 0x00, 0x00, 0x00, 0x00, 0x00, 0x00, 0x00, 0x00, 0x00, 0x00, 0x00, 0x00, 0x00, 0x00, } },
  { .id = 1536, .a = 287, .b = 310, .token = {' ', 'm', 'i', 'l', 0x00, 0x00, 0x00, 0x00, 0x00, 0x00, 0x00, 0x00, 0x00, 0x00, 0x00, 0x00, 0x00, 0x00, 0x00, 0x00, 0x00, 0x00, 0x00, 0x00, 0x00, 0x00, 0x00, 0x00, 0x00, 0x00, 0x00, 0x00, } },
  { .id = 1537, .a = 1387, .b = 818, .token = {' ', 'e', 's', 's', 'e', 'n', 't', 'i', 'a', 'l', 0x00, 0x00, 0x00, 0x00, 0x00, 0x00, 0x00, 0x00, 0x00, 0x00, 0x00, 0x00, 0x00, 0x00, 0x00, 0x00, 0x00, 0x00, 0x00, 0x00, 0x00, 0x00, } },
  { .id = 1538, .a = 119, .b = 348, .token = {'w', 'e', 'r', 's', 0x00, 0x00, 0x00, 0x00, 0x00, 0x00, 0x00, 0x00, 0x00, 0x00, 0x00, 0x00, 0x00, 0x00, 0x00, 0x00, 0x00, 0x00, 0x00, 0x00, 0x00, 0x00, 0x00, 0x00, 0x00, 0x00, 0x00, 0x00, } },
  { .id = 1539, .a = 574, .b = 121, .token = {'o', 'n', 'e', 'y', 0x00, 0x00, 0x00, 0x00, 0x00, 0x00, 0x00, 0x00, 0x00, 0x00, 0x00, 0x00, 0x00, 0x00, 0x00, 0x00, 0x00, 0x00, 0x00, 0x00, 0x00, 0x00, 0x00, 0x00, 0x00, 0x00, 0x00, 0x00, } },
  { .id = 1540, .a = 67, .b = 104, .token = {'C', 'h', 0x00, 0x00, 0x00, 0x00, 0x00, 0x00, 0x00, 0x00, 0x00, 0x00, 0x00, 0x00, 0x00, 0x00, 0x00, 0x00, 0x00, 0x00, 0x00, 0x00, 0x00, 0x00, 0x00, 0x00, 0x00, 0x00, 0x00, 0x00, 0x00, 0x00, } },
  { .id = 1541, .a = 386, .b = 538, .token = {' ', 'B', 'a', 's', 'e', 'd', 0x00, 0x00, 0x00, 0x00, 0x00, 0x00, 0x00, 0x00, 0x00, 0x00, 0x00, 0x00, 0x00, 0x00, 0x00, 0x00, 0x00, 0x00, 0x00, 0x00, 0x00, 0x00, 0x00, 0x00, 0x00, 0x00, } },
  { .id = 1542, .a = 257, .b = 1146, .token = {' ', 't', 'y', 'p', 'e', 0x00, 0x00, 0x00, 0x00, 0x00, 0x00, 0x00, 0x00, 0x00, 0x00, 0x00, 0x00, 0x00, 0x00, 0x00, 0x00, 0x00, 0x00, 0x00, 0x00, 0x00, 0x00, 0x00, 0x00, 0x00, 0x00, 0x00, } },
  { .id = 1543, .a = 296, .b = 115, .token = {' ', 'i', 's', 's', 0x00, 0x00, 0x00, 0x00, 0x00, 0x00, 0x00, 0x00, 0x00, 0x00, 0x00, 0x00, 0x00, 0x00, 0x00, 0x00, 0x00, 0x00, 0x00, 0x00, 0x00, 0x00, 0x00, 0x00, 0x00, 0x00, 0x00, 0x00, } },
  { .id = 1544, .a = 713, .b = 324, .token = {' ', 'p', 'r', 'i', 'm', 0x00, 0x00, 0x00, 0x00, 0x00, 0x00, 0x00, 0x00, 0x00, 0x00, 0x00, 0x00, 0x00, 0x00, 0x00, 0x00, 0x00, 0x00, 0x00, 0x00, 0x00, 0x00, 0x00, 0x00, 0x00, 0x00, 0x00, } },
  { .id = 1545, .a = 264, .b = 110, .token = {'e', 'n', 'n', 0x00, 0x00, 0x00, 0x00, 0x00, 0x00, 0x00, 0x00, 0x00, 0x00, 0x00, 0x00, 0x00, 0x00, 0x00, 0x00, 0x00, 0x00, 0x00, 0x00, 0x00, 0x00, 0x00, 0x00, 0x00, 0x00, 0x00, 0x00, 0x00, } },
  { .id = 1546, .a = 280, .b = 339, .token = {' ', 'b', 'i', 'g', 0x00, 0x00, 0x00, 0x00, 0x00, 0x00, 0x00, 0x00, 0x00, 0x00, 0x00, 0x00, 0x00, 0x00, 0x00, 0x00, 0x00, 0x00, 0x00, 0x00, 0x00, 0x00, 0x00, 0x00, 0x00, 0x00, 0x00, 0x00, } },
  { .id = 1547, .a = 1008, .b = 645, .token = {' ', 'c', 'o', 'u', 'n', 't', 'r', 'y', 0x00, 0x00, 0x00, 0x00, 0x00, 0x00, 0x00, 0x00, 0x00, 0x00, 0x00, 0x00, 0x00, 0x00, 0x00, 0x00, 0x00, 0x00, 0x00, 0x00, 0x00, 0x00, 0x00, 0x00, } },
  { .id = 1548, .a = 556, .b = 275, .token = {'e', 'n', 'd', 'i', 'n', 'g', 0x00, 0x00, 0x00, 0x00, 0x00, 0x00, 0x00, 0x00, 0x00, 0x00, 0x00, 0x00, 0x00, 0x00, 0x00, 0x00, 0x00, 0x00, 0x00, 0x00, 0x00, 0x00, 0x00, 0x00, 0x00, 0x00, } },
  { .id = 1549, .a = 331, .b = 114, .token = {' ', 'A', 'r', 0x00, 0x00, 0x00, 0x00, 0x00, 0x00, 0x00, 0x00, 0x00, 0x00, 0x00, 0x00, 0x00, 0x00, 0x00, 0x00, 0x00, 0x00, 0x00, 0x00, 0x00, 0x00, 0x00, 0x00, 0x00, 0x00, 0x00, 0x00, 0x00, } },
  { .id = 1550, .a = 327, .b = 116, .token = {'i', 'r', 't', 0x00, 0x00, 0x00, 0x00, 0x00, 0x00, 0x00, 0x00, 0x00, 0x00, 0x00, 0x00, 0x00, 0x00, 0x00, 0x00, 0x00, 0x00, 0x00, 0x00, 0x00, 0x00, 0x00, 0x00, 0x00, 0x00, 0x00, 0x00, 0x00, } },
  { .id = 1551, .a = 477, .b = 120, .token = {' ', 'E', 'x', 0x00, 0x00, 0x00, 0x00, 0x00, 0x00, 0x00, 0x00, 0x00, 0x00, 0x00, 0x00, 0x00, 0x00, 0x00, 0x00, 0x00, 0x00, 0x00, 0x00, 0x00, 0x00, 0x00, 0x00, 0x00, 0x00, 0x00, 0x00, 0x00, } },
  { .id = 1552, .a = 49, .b = 54, .token = {'1', '6', 0x00, 0x00, 0x00, 0x00, 0x00, 0x00, 0x00, 0x00, 0x00, 0x00, 0x00, 0x00, 0x00, 0x00, 0x00, 0x00, 0x00, 0x00, 0x00, 0x00, 0x00, 0x00, 0x00, 0x00, 0x00, 0x00, 0x00, 0x00, 0x00, 0x00, } },
  { .id = 1553, .a = 1295, .b = 1071, .token = {' ', 'l', 'i', 't', 't', 'l', 'e', 0x00, 0x00, 0x00, 0x00, 0x00, 0x00, 0x00, 0x00, 0x00, 0x00, 0x00, 0x00, 0x00, 0x00, 0x00, 0x00, 0x00, 0x00, 0x00, 0x00, 0x00, 0x00, 0x00, 0x00, 0x00, } },
  { .id = 1554, .a = 119, .b = 601, .token = {'w', 'a', 'r', 'd', 0x00, 0x00, 0x00, 0x00, 0x00, 0x00, 0x00, 0x00, 0x00, 0x00, 0x00, 0x00, 0x00, 0x00, 0x00, 0x00, 0x00, 0x00, 0x00, 0x00, 0x00, 0x00, 0x00, 0x00, 0x00, 0x00, 0x00, 0x00, } },
  { .id = 1555, .a = 260, .b = 314, .token = {'i', 'n', 'a', 't', 'i', 'o', 'n', 0x00, 0x00, 0x00, 0x00, 0x00, 0x00, 0x00, 0x00, 0x00, 0x00, 0x00, 0x00, 0x00, 0x00, 0x00, 0x00, 0x00, 0x00, 0x00, 0x00, 0x00, 0x00, 0x00, 0x00, 0x00, } },
  { .id = 1556, .a = 310, .b = 290, .token = {'i', 'l', 'a', 'r', 0x00, 0x00, 0x00, 0x00, 0x00, 0x00, 0x00, 0x00, 0x00, 0x00, 0x00, 0x00, 0x00, 0x00, 0x00, 0x00, 0x00, 0x00, 0x00, 0x00, 0x00, 0x00, 0x00, 0x00, 0x00, 0x00, 0x00, 0x00, } },
  { .id = 1557, .a = 98, .b = 115, .token = {'b', 's', 0x00, 0x00, 0x00, 0x00, 0x00, 0x00, 0x00, 0x00, 0x00, 0x00, 0x00, 0x00, 0x00, 0x00, 0x00, 0x00, 0x00, 0x00, 0x00, 0x00, 0x00, 0x00, 0x00, 0x00, 0x00, 0x00, 0x00, 0x00, 0x00, 0x00, } },
  { .id = 1558, .a = 301, .b = 281, .token = {'c', 't', 'i', 'o', 'n', 0x00, 0x00, 0x00, 0x00, 0x00, 0x00, 0x00, 0x00, 0x00, 0x00, 0x00, 0x00, 0x00, 0x00, 0x00, 0x00, 0x00, 0x00, 0x00, 0x00, 0x00, 0x00, 0x00, 0x00, 0x00, 0x00, 0x00, } },
  { .id = 1559, .a = 478, .b = 286, .token = {' ', 'c', 'o', 'n', 't', 'e', 'n', 't', 0x00, 0x00, 0x00, 0x00, 0x00, 0x00, 0x00, 0x00, 0x00, 0x00, 0x00, 0x00, 0x00, 0x00, 0x00, 0x00, 0x00, 0x00, 0x00, 0x00, 0x00, 0x00, 0x00, 0x00, } },
  { .id = 1560, .a = 99, .b = 307, .token = {'c', 'o', 'm', 0x00, 0x00, 0x00, 0x00, 0x00, 0x00, 0x00, 0x00, 0x00, 0x00, 0x00, 0x00, 0x00, 0x00, 0x00, 0x00, 0x00, 0x00, 0x00, 0x00, 0x00, 0x00, 0x00, 0x00, 0x00, 0x00, 0x00, 0x00, 0x00, } },
  { .id = 1561, .a = 381, .b = 1471, .token = {' ', 's', 'u', 'c', 'c', 'e', 's', 's', 0x00, 0x00, 0x00, 0x00, 0x00, 0x00, 0x00, 0x00, 0x00, 0x00, 0x00, 0x00, 0x00, 0x00, 0x00, 0x00, 0x00, 0x00, 0x00, 0x00, 0x00, 0x00, 0x00, 0x00, } },
  { .id = 1562, .a = 551, .b = 1511, .token = {' ', 't', 'w', 'e', 'e', 't', 0x00, 0x00, 0x00, 0x00, 0x00, 0x00, 0x00, 0x00, 0x00, 0x00, 0x00, 0x00, 0x00, 0x00, 0x00, 0x00, 0x00, 0x00, 0x00, 0x00, 0x00, 0x00, 0x00, 0x00, 0x00, 0x00, } },
  { .id = 1563, .a = 1136, .b = 115, .token = {' ', 's', 'u', 'g', 'g', 'e', 's', 't', 's', 0x00, 0x00, 0x00, 0x00, 0x00, 0x00, 0x00, 0x00, 0x00, 0x00, 0x00, 0x00, 0x00, 0x00, 0x00, 0x00, 0x00, 0x00, 0x00, 0x00, 0x00, 0x00, 0x00, } },
  { .id = 1564, .a = 539, .b = 871, .token = {'a', 'b', 'i', 'l', 'i', 't', 'y', 0x00, 0x00, 0x00, 0x00, 0x00, 0x00, 0x00, 0x00, 0x00, 0x00, 0x00, 0x00, 0x00, 0x00, 0x00, 0x00, 0x00, 0x00, 0x00, 0x00, 0x00, 0x00, 0x00, 0x00, 0x00, } },
  { .id = 1565, .a = 287, .b = 1392, .token = {' ', 'm', 'u', 'c', 'h', 0x00, 0x00, 0x00, 0x00, 0x00, 0x00, 0x00, 0x00, 0x00, 0x00, 0x00, 0x00, 0x00, 0x00, 0x00, 0x00, 0x00, 0x00, 0x00, 0x00, 0x00, 0x00, 0x00, 0x00, 0x00, 0x00, 0x00, } },
  { .id = 1566, .a = 308, .b = 579, .token = {' ', 'l', 'o', 'g', 0x00, 0x00, 0x00, 0x00, 0x00, 0x00, 0x00, 0x00, 0x00, 0x00, 0x00, 0x00, 0x00, 0x00, 0x00, 0x00, 0x00, 0x00, 0x00, 0x00, 0x00, 0x00, 0x00, 0x00, 0x00, 0x00, 0x00, 0x00, } },
  { .id = 1567, .a = 1078, .b = 121, .token = {'o', 'l', 'o', 'g', 'y', 0x00, 0x00, 0x00, 0x00, 0x00, 0x00, 0x00, 0x00, 0x00, 0x00, 0x00, 0x00, 0x00, 0x00, 0x00, 0x00, 0x00, 0x00, 0x00, 0x00, 0x00, 0x00, 0x00, 0x00, 0x00, 0x00, 0x00, } },
  { .id = 1568, .a = 661, .b = 336, .token = {' ', 's', 'p', 'e', 'c', 'i', 'f', 0x00, 0x00, 0x00, 0x00, 0x00, 0x00, 0x00, 0x00, 0x00, 0x00, 0x00, 0x00, 0x00, 0x00, 0x00, 0x00, 0x00, 0x00, 0x00, 0x00, 0x00, 0x00, 0x00, 0x00, 0x00, } },
  { .id = 1569, .a = 754, .b = 342, .token = {' ', 'c', 'r', 'e', 'a', 't', 'e', 0x00, 0x00, 0x00, 0x00, 0x00, 0x00, 0x00, 0x00, 0x00, 0x00, 0x00, 0x00, 0x00, 0x00, 0x00, 0x00, 0x00, 0x00, 0x00, 0x00, 0x00, 0x00, 0x00, 0x00, 0x00, } },
  { .id = 1570, .a = 1323, .b = 428, .token = {' ', 'i', 'm', 'p', 'l', 'i', 'e', 's', 0x00, 0x00, 0x00, 0x00, 0x00, 0x00, 0x00, 0x00, 0x00, 0x00, 0x00, 0x00, 0x00, 0x00, 0x00, 0x00, 0x00, 0x00, 0x00, 0x00, 0x00, 0x00, 0x00, 0x00, } },
  { .id = 1571, .a = 291, .b = 262, .token = {' ', 'd', 'o', 'n', 0x00, 0x00, 0x00, 0x00, 0x00, 0x00, 0x00, 0x00, 0x00, 0x00, 0x00, 0x00, 0x00, 0x00, 0x00, 0x00, 0x00, 0x00, 0x00, 0x00, 0x00, 0x00, 0x00, 0x00, 0x00, 0x00, 0x00, 0x00, } },
  { .id = 1572, .a = 272, .b = 389, .token = {' ', 'o', 'l', 'd', 0x00, 0x00, 0x00, 0x00, 0x00, 0x00, 0x00, 0x00, 0x00, 0x00, 0x00, 0x00, 0x00, 0x00, 0x00, 0x00, 0x00, 0x00, 0x00, 0x00, 0x00, 0x00, 0x00, 0x00, 0x00, 0x00, 0x00, 0x00, } },
  { .id = 1573, .a = 433, .b = 676, .token = {' ', 'l', 'e', 'v', 'e', 'l', 0x00, 0x00, 0x00, 0x00, 0x00, 0x00, 0x00, 0x00, 0x00, 0x00, 0x00, 0x00, 0x00, 0x00, 0x00, 0x00, 0x00, 0x00, 0x00, 0x00, 0x00, 0x00, 0x00, 0x00, 0x00, 0x00, } },
  { .id = 1574, .a = 1275, .b = 523, .token = {' ', 'C', 'o', 'm', 'p', 'a', 'r', 'e', 0x00, 0x00, 0x00, 0x00, 0x00, 0x00, 0x00, 0x00, 0x00, 0x00, 0x00, 0x00, 0x00, 0x00, 0x00, 0x00, 0x00, 0x00, 0x00, 0x00, 0x00, 0x00, 0x00, 0x00, } },
  { .id = 1575, .a = 644, .b = 282, .token = {'i', 't', 'i', 'o', 'n', 'a', 'l', 0x00, 0x00, 0x00, 0x00, 0x00, 0x00, 0x00, 0x00, 0x00, 0x00, 0x00, 0x00, 0x00, 0x00, 0x00, 0x00, 0x00, 0x00, 0x00, 0x00, 0x00, 0x00, 0x00, 0x00, 0x00, } },
  { .id = 1576, .a = 291, .b = 371, .token = {' ', 'd', 'r', 'a', 0x00, 0x00, 0x00, 0x00, 0x00, 0x00, 0x00, 0x00, 0x00, 0x00, 0x00, 0x00, 0x00, 0x00, 0x00, 0x00, 0x00, 0x00, 0x00, 0x00, 0x00, 0x00, 0x00, 0x00, 0x00, 0x00, 0x00, 0x00, } },
  { .id = 1577, .a = 119, .b = 1221, .token = {'w', 'a', 'r', 'd', 's', 0x00, 0x00, 0x00, 0x00, 0x00, 0x00, 0x00, 0x00, 0x00, 0x00, 0x00, 0x00, 0x00, 0x00, 0x00, 0x00, 0x00, 0x00, 0x00, 0x00, 0x00, 0x00, 0x00, 0x00, 0x00, 0x00, 0x00, } },
  { .id = 1578, .a = 984, .b = 835, .token = {' ', 'r', 'e', 'p', 'r', 'e', 's', 0x00, 0x00, 0x00, 0x00, 0x00, 0x00, 0x00, 0x00, 0x00, 0x00, 0x00, 0x00, 0x00, 0x00, 0x00, 0x00, 0x00, 0x00, 0x00, 0x00, 0x00, 0x00, 0x00, 0x00, 0x00, } },
  { .id = 1579, .a = 272, .b = 547, .token = {' ', 'o', 'c', 'c', 0x00, 0x00, 0x00, 0x00, 0x00, 0x00, 0x00, 0x00, 0x00, 0x00, 0x00, 0x00, 0x00, 0x00, 0x00, 0x00, 0x00, 0x00, 0x00, 0x00, 0x00, 0x00, 0x00, 0x00, 0x00, 0x00, 0x00, 0x00, } },
  { .id = 1580, .a = 97, .b = 122, .token = {'a', 'z', 0x00, 0x00, 0x00, 0x00, 0x00, 0x00, 0x00, 0x00, 0x00, 0x00, 0x00, 0x00, 0x00, 0x00, 0x00, 0x00, 0x00, 0x00, 0x00, 0x00, 0x00, 0x00, 0x00, 0x00, 0x00, 0x00, 0x00, 0x00, 0x00, 0x00, } },
  { .id = 1581, .a = 323, .b = 851, .token = {'s', 't', 'r', 'u', 'c', 't', 0x00, 0x00, 0x00, 0x00, 0x00, 0x00, 0x00, 0x00, 0x00, 0x00, 0x00, 0x00, 0x00, 0x00, 0x00, 0x00, 0x00, 0x00, 0x00, 0x00, 0x00, 0x00, 0x00, 0x00, 0x00, 0x00, } },
  { .id = 1582, .a = 98, .b = 114, .token = {'b', 'r', 0x00, 0x00, 0x00, 0x00, 0x00, 0x00, 0x00, 0x00, 0x00, 0x00, 0x00, 0x00, 0x00, 0x00, 0x00, 0x00, 0x00, 0x00, 0x00, 0x00, 0x00, 0x00, 0x00, 0x00, 0x00, 0x00, 0x00, 0x00, 0x00, 0x00, } },
  { .id = 1583, .a = 395, .b = 1056, .token = {' ', 'W', 'r', 'i', 't', 'e', 0x00, 0x00, 0x00, 0x00, 0x00, 0x00, 0x00, 0x00, 0x00, 0x00, 0x00, 0x00, 0x00, 0x00, 0x00, 0x00, 0x00, 0x00, 0x00, 0x00, 0x00, 0x00, 0x00, 0x00, 0x00, 0x00, } },
  { .id = 1584, .a = 108, .b = 453, .token = {'l', 'i', 'n', 'e', 0x00, 0x00, 0x00, 0x00, 0x00, 0x00, 0x00, 0x00, 0x00, 0x00, 0x00, 0x00, 0x00, 0x00, 0x00, 0x00, 0x00, 0x00, 0x00, 0x00, 0x00, 0x00, 0x00, 0x00, 0x00, 0x00, 0x00, 0x00, } },
  { .id = 1585, .a = 287, .b = 264, .token = {' ', 'm', 'e', 'n', 0x00, 0x00, 0x00, 0x00, 0x00, 0x00, 0x00, 0x00, 0x00, 0x00, 0x00, 0x00, 0x00, 0x00, 0x00, 0x00, 0x00, 0x00, 0x00, 0x00, 0x00, 0x00, 0x00, 0x00, 0x00, 0x00, 0x00, 0x00, } },
  { .id = 1586, .a = 486, .b = 281, .token = {'a', 'c', 't', 'i', 'o', 'n', 0x00, 0x00, 0x00, 0x00, 0x00, 0x00, 0x00, 0x00, 0x00, 0x00, 0x00, 0x00, 0x00, 0x00, 0x00, 0x00, 0x00, 0x00, 0x00, 0x00, 0x00, 0x00, 0x00, 0x00, 0x00, 0x00, } },
  { .id = 1587, .a = 278, .b = 428, .token = {'o', 'r', 'i', 'e', 's', 0x00, 0x00, 0x00, 0x00, 0x00, 0x00, 0x00, 0x00, 0x00, 0x00, 0x00, 0x00, 0x00, 0x00, 0x00, 0x00, 0x00, 0x00, 0x00, 0x00, 0x00, 0x00, 0x00, 0x00, 0x00, 0x00, 0x00, } },
  { .id = 1588, .a = 426, .b = 630, .token = {' ', 'c', 'h', 'a', 'n', 'g', 0x00, 0x00, 0x00, 0x00, 0x00, 0x00, 0x00, 0x00, 0x00, 0x00, 0x00, 0x00, 0x00, 0x00, 0x00, 0x00, 0x00, 0x00, 0x00, 0x00, 0x00, 0x00, 0x00, 0x00, 0x00, 0x00, } },
  { .id = 1589, .a = 308, .b = 111, .token = {' ', 'l', 'o', 0x00, 0x00, 0x00, 0x00, 0x00, 0x00, 0x00, 0x00, 0x00, 0x00, 0x00, 0x00, 0x00, 0x00, 0x00, 0x00, 0x00, 0x00, 0x00, 0x00, 0x00, 0x00, 0x00, 0x00, 0x00, 0x00, 0x00, 0x00, 0x00, } },
  { .id = 1590, .a = 32, .b = 309, .token = {' ', 'v', 'e', 0x00, 0x00, 0x00, 0x00, 0x00, 0x00, 0x00, 0x00, 0x00, 0x00, 0x00, 0x00, 0x00, 0x00, 0x00, 0x00, 0x00, 0x00, 0x00, 0x00, 0x00, 0x00, 0x00, 0x00, 0x00, 0x00, 0x00, 0x00, 0x00, } },
  { .id = 1591, .a = 905, .b = 1486, .token = {' ', 'a', 'n', 'a', 'l', 'y', 's', 'i', 's', 0x00, 0x00, 0x00, 0x00, 0x00, 0x00, 0x00, 0x00, 0x00, 0x00, 0x00, 0x00, 0x00, 0x00, 0x00, 0x00, 0x00, 0x00, 0x00, 0x00, 0x00, 0x00, 0x00, } },
  { .id = 1592, .a = 332, .b = 104, .token = {' ', 'S', 'h', 0x00, 0x00, 0x00, 0x00, 0x00, 0x00, 0x00, 0x00, 0x00, 0x00, 0x00, 0x00, 0x00, 0x00, 0x00, 0x00, 0x00, 0x00, 0x00, 0x00, 0x00, 0x00, 0x00, 0x00, 0x00, 0x00, 0x00, 0x00, 0x00, } },
  { .id = 1593, .a = 1166, .b = 507, .token = {' ', 'l', 'a', 'r', 'g', 'e', 0x00, 0x00, 0x00, 0x00, 0x00, 0x00, 0x00, 0x00, 0x00, 0x00, 0x00, 0x00, 0x00, 0x00, 0x00, 0x00, 0x00, 0x00, 0x00, 0x00, 0x00, 0x00, 0x00, 0x00, 0x00, 0x00, } },
  { .id = 1594, .a = 257, .b = 430, .token = {' ', 't', 'e', 'm', 0x00, 0x00, 0x00, 0x00, 0x00, 0x00, 0x00, 0x00, 0x00, 0x00, 0x00, 0x00, 0x00, 0x00, 0x00, 0x00, 0x00, 0x00, 0x00, 0x00, 0x00, 0x00, 0x00, 0x00, 0x00, 0x00, 0x00, 0x00, } },
  { .id = 1595, .a = 1287, .b = 271, .token = {' ', 'A', 'm', 'e', 'r', 'i', 'c', 'a', 'n', 0x00, 0x00, 0x00, 0x00, 0x00, 0x00, 0x00, 0x00, 0x00, 0x00, 0x00, 0x00, 0x00, 0x00, 0x00, 0x00, 0x00, 0x00, 0x00, 0x00, 0x00, 0x00, 0x00, } },
  { .id = 1596, .a = 546, .b = 512, .token = {'a', 'i', 'l', 'a', 'b', 'l', 'e', 0x00, 0x00, 0x00, 0x00, 0x00, 0x00, 0x00, 0x00, 0x00, 0x00, 0x00, 0x00, 0x00, 0x00, 0x00, 0x00, 0x00, 0x00, 0x00, 0x00, 0x00, 0x00, 0x00, 0x00, 0x00, } },
  { .id = 1597, .a = 284, .b = 860, .token = {' ', 'i', 'n', 'p', 'u', 't', 0x00, 0x00, 0x00, 0x00, 0x00, 0x00, 0x00, 0x00, 0x00, 0x00, 0x00, 0x00, 0x00, 0x00, 0x00, 0x00, 0x00, 0x00, 0x00, 0x00, 0x00, 0x00, 0x00, 0x00, 0x00, 0x00, } },
  { .id = 1598, .a = 111, .b = 613, .token = {'o', 's', 's', 'i', 'b', 'l', 'e', 0x00, 0x00, 0x00, 0x00, 0x00, 0x00, 0x00, 0x00, 0x00, 0x00, 0x00, 0x00, 0x00, 0x00, 0x00, 0x00, 0x00, 0x00, 0x00, 0x00, 0x00, 0x00, 0x00, 0x00, 0x00, } },
  { .id = 1599, .a = 312, .b = 264, .token = {' ', 'g', 'e', 'n', 0x00, 0x00, 0x00, 0x00, 0x00, 0x00, 0x00, 0x00, 0x00, 0x00, 0x00, 0x00, 0x00, 0x00, 0x00, 0x00, 0x00, 0x00, 0x00, 0x00, 0x00, 0x00, 0x00, 0x00, 0x00, 0x00, 0x00, 0x00, } },
  { .id = 1600, .a = 534, .b = 283, .token = {'o', 's', 'e', 'd', 0x00, 0x00, 0x00, 0x00, 0x00, 0x00, 0x00, 0x00, 0x00, 0x00, 0x00, 0x00, 0x00, 0x00, 0x00, 0x00, 0x00, 0x00, 0x00, 0x00, 0x00, 0x00, 0x00, 0x00, 0x00, 0x00, 0x00, 0x00, } },
  { .id = 1601, .a = 928, .b = 481, .token = {' ', 'v', 'a', 'l', 'u', 'e', 0x00, 0x00, 0x00, 0x00, 0x00, 0x00, 0x00, 0x00, 0x00, 0x00, 0x00, 0x00, 0x00, 0x00, 0x00, 0x00, 0x00, 0x00, 0x00, 0x00, 0x00, 0x00, 0x00, 0x00, 0x00, 0x00, } },
  { .id = 1602, .a = 97, .b = 413, .token = {'a', 'p', 'p', 0x00, 0x00, 0x00, 0x00, 0x00, 0x00, 0x00, 0x00, 0x00, 0x00, 0x00, 0x00, 0x00, 0x00, 0x00, 0x00, 0x00, 0x00, 0x00, 0x00, 0x00, 0x00, 0x00, 0x00, 0x00, 0x00, 0x00, 0x00, 0x00, } },
  { .id = 1603, .a = 312, .b = 879, .token = {' ', 'g', 'r', 'e', 'a', 't', 0x00, 0x00, 0x00, 0x00, 0x00, 0x00, 0x00, 0x00, 0x00, 0x00, 0x00, 0x00, 0x00, 0x00, 0x00, 0x00, 0x00, 0x00, 0x00, 0x00, 0x00, 0x00, 0x00, 0x00, 0x00, 0x00, } },
  { .id = 1604, .a = 522, .b = 314, .token = {'i', 'z', 'a', 't', 'i', 'o', 'n', 0x00, 0x00, 0x00, 0x00, 0x00, 0x00, 0x00, 0x00, 0x00, 0x00, 0x00, 0x00, 0x00, 0x00, 0x00, 0x00, 0x00, 0x00, 0x00, 0x00, 0x00, 0x00, 0x00, 0x00, 0x00, } },
  { .id = 1605, .a = 264, .b = 1099, .token = {'e', 'n', 'c', 'y', 0x00, 0x00, 0x00, 0x00, 0x00, 0x00, 0x00, 0x00, 0x00, 0x00, 0x00, 0x00, 0x00, 0x00, 0x00, 0x00, 0x00, 0x00, 0x00, 0x00, 0x00, 0x00, 0x00, 0x00, 0x00, 0x00, 0x00, 0x00, } },
  { .id = 1606, .a = 117, .b = 103, .token = {'u', 'g', 0x00, 0x00, 0x00, 0x00, 0x00, 0x00, 0x00, 0x00, 0x00, 0x00, 0x00, 0x00, 0x00, 0x00, 0x00, 0x00, 0x00, 0x00, 0x00, 0x00, 0x00, 0x00, 0x00, 0x00, 0x00, 0x00, 0x00, 0x00, 0x00, 0x00, } },
  { .id = 1607, .a = 862, .b = 553, .token = {' ', 's', 't', 'r', 'o', 'n', 'g', 0x00, 0x00, 0x00, 0x00, 0x00, 0x00, 0x00, 0x00, 0x00, 0x00, 0x00, 0x00, 0x00, 0x00, 0x00, 0x00, 0x00, 0x00, 0x00, 0x00, 0x00, 0x00, 0x00, 0x00, 0x00, } },
  { .id = 1608, .a = 354, .b = 108, .token = {' ', 'C', 'l', 0x00, 0x00, 0x00, 0x00, 0x00, 0x00, 0x00, 0x00, 0x00, 0x00, 0x00, 0x00, 0x00, 0x00, 0x00, 0x00, 0x00, 0x00, 0x00, 0x00, 0x00, 0x00, 0x00, 0x00, 0x00, 0x00, 0x00, 0x00, 0x00, } },
  { .id = 1609, .a = 431, .b = 101, .token = {' ', 'D', 'e', 0x00, 0x00, 0x00, 0x00, 0x00, 0x00, 0x00, 0x00, 0x00, 0x00, 0x00, 0x00, 0x00, 0x00, 0x00, 0x00, 0x00, 0x00, 0x00, 0x00, 0x00, 0x00, 0x00, 0x00, 0x00, 0x00, 0x00, 0x00, 0x00, } },
  { .id = 1610, .a = 548, .b = 516, .token = {'o', 'u', 'r', 'c', 'e', 's', 0x00, 0x00, 0x00, 0x00, 0x00, 0x00, 0x00, 0x00, 0x00, 0x00, 0x00, 0x00, 0x00, 0x00, 0x00, 0x00, 0x00, 0x00, 0x00, 0x00, 0x00, 0x00, 0x00, 0x00, 0x00, 0x00, } },
  { .id = 1611, .a = 899, .b = 1162, .token = {' ', 's', 'i', 't', 'u', 'a', 't', 'i', 'o', 'n', 0x00, 0x00, 0x00, 0x00, 0x00, 0x00, 0x00, 0x00, 0x00, 0x00, 0x00, 0x00, 0x00, 0x00, 0x00, 0x00, 0x00, 0x00, 0x00, 0x00, 0x00, 0x00, } },
  { .id = 1612, .a = 1304, .b = 323, .token = {' ', 'a', 'g', 'a', 'i', 'n', 's', 't', 0x00, 0x00, 0x00, 0x00, 0x00, 0x00, 0x00, 0x00, 0x00, 0x00, 0x00, 0x00, 0x00, 0x00, 0x00, 0x00, 0x00, 0x00, 0x00, 0x00, 0x00, 0x00, 0x00, 0x00, } },
  { .id = 1613, .a = 1534, .b = 342, .token = {'p', 'r', 'i', 'a', 't', 'e', 0x00, 0x00, 0x00, 0x00, 0x00, 0x00, 0x00, 0x00, 0x00, 0x00, 0x00, 0x00, 0x00, 0x00, 0x00, 0x00, 0x00, 0x00, 0x00, 0x00, 0x00, 0x00, 0x00, 0x00, 0x00, 0x00, } },
  { .id = 1614, .a = 32, .b = 341, .token = {' ', 'e', 's', 't', 0x00, 0x00, 0x00, 0x00, 0x00, 0x00, 0x00, 0x00, 0x00, 0x00, 0x00, 0x00, 0x00, 0x00, 0x00, 0x00, 0x00, 0x00, 0x00, 0x00, 0x00, 0x00, 0x00, 0x00, 0x00, 0x00, 0x00, 0x00, } },
  { .id = 1615, .a = 272, .b = 413, .token = {' ', 'o', 'p', 'p', 0x00, 0x00, 0x00, 0x00, 0x00, 0x00, 0x00, 0x00, 0x00, 0x00, 0x00, 0x00, 0x00, 0x00, 0x00, 0x00, 0x00, 0x00, 0x00, 0x00, 0x00, 0x00, 0x00, 0x00, 0x00, 0x00, 0x00, 0x00, } },
  { .id = 1616, .a = 266, .b = 358, .token = {'r', 'e', 'a', 'd', 0x00, 0x00, 0x00, 0x00, 0x00, 0x00, 0x00, 0x00, 0x00, 0x00, 0x00, 0x00, 0x00, 0x00, 0x00, 0x00, 0x00, 0x00, 0x00, 0x00, 0x00, 0x00, 0x00, 0x00, 0x00, 0x00, 0x00, 0x00, } },
  { .id = 1617, .a = 116, .b = 111, .token = {'t', 'o', 0x00, 0x00, 0x00, 0x00, 0x00, 0x00, 0x00, 0x00, 0x00, 0x00, 0x00, 0x00, 0x00, 0x00, 0x00, 0x00, 0x00, 0x00, 0x00, 0x00, 0x00, 0x00, 0x00, 0x00, 0x00, 0x00, 0x00, 0x00, 0x00, 0x00, } },
  { .id = 1618, .a = 1290, .b = 110, .token = {'o', 'h', 'n', 0x00, 0x00, 0x00, 0x00, 0x00, 0x00, 0x00, 0x00, 0x00, 0x00, 0x00, 0x00, 0x00, 0x00, 0x00, 0x00, 0x00, 0x00, 0x00, 0x00, 0x00, 0x00, 0x00, 0x00, 0x00, 0x00, 0x00, 0x00, 0x00, } },
  { .id = 1619, .a = 300, .b = 317, .token = {' ', 'n', 'o', 'w', 0x00, 0x00, 0x00, 0x00, 0x00, 0x00, 0x00, 0x00, 0x00, 0x00, 0x00, 0x00, 0x00, 0x00, 0x00, 0x00, 0x00, 0x00, 0x00, 0x00, 0x00, 0x00, 0x00, 0x00, 0x00, 0x00, 0x00, 0x00, } },
  { .id = 1620, .a = 454, .b = 467, .token = {' ', 's', 'h', 'o', 'r', 't', 0x00, 0x00, 0x00, 0x00, 0x00, 0x00, 0x00, 0x00, 0x00, 0x00, 0x00, 0x00, 0x00, 0x00, 0x00, 0x00, 0x00, 0x00, 0x00, 0x00, 0x00, 0x00, 0x00, 0x00, 0x00, 0x00, } },
  { .id = 1621, .a = 363, .b = 108, .token = {'u', 'l', 'l', 0x00, 0x00, 0x00, 0x00, 0x00, 0x00, 0x00, 0x00, 0x00, 0x00, 0x00, 0x00, 0x00, 0x00, 0x00, 0x00, 0x00, 0x00, 0x00, 0x00, 0x00, 0x00, 0x00, 0x00, 0x00, 0x00, 0x00, 0x00, 0x00, } },
  { .id = 1622, .a = 398, .b = 100, .token = {' ', 'm', 'o', 'd', 0x00, 0x00, 0x00, 0x00, 0x00, 0x00, 0x00, 0x00, 0x00, 0x00, 0x00, 0x00, 0x00, 0x00, 0x00, 0x00, 0x00, 0x00, 0x00, 0x00, 0x00, 0x00, 0x00, 0x00, 0x00, 0x00, 0x00, 0x00, } },
  { .id = 1623, .a = 332, .b = 101, .token = {' ', 'S', 'e', 0x00, 0x00, 0x00, 0x00, 0x00, 0x00, 0x00, 0x00, 0x00, 0x00, 0x00, 0x00, 0x00, 0x00, 0x00, 0x00, 0x00, 0x00, 0x00, 0x00, 0x00, 0x00, 0x00, 0x00, 0x00, 0x00, 0x00, 0x00, 0x00, } },
  { .id = 1624, .a = 332, .b = 112, .token = {' ', 'S', 'p', 0x00, 0x00, 0x00, 0x00, 0x00, 0x00, 0x00, 0x00, 0x00, 0x00, 0x00, 0x00, 0x00, 0x00, 0x00, 0x00, 0x00, 0x00, 0x00, 0x00, 0x00, 0x00, 0x00, 0x00, 0x00, 0x00, 0x00, 0x00, 0x00, } },
  { .id = 1625, .a = 297, .b = 778, .token = {' ', 't', 'h', 'o', 's', 'e', 0x00, 0x00, 0x00, 0x00, 0x00, 0x00, 0x00, 0x00, 0x00, 0x00, 0x00, 0x00, 0x00, 0x00, 0x00, 0x00, 0x00, 0x00, 0x00, 0x00, 0x00, 0x00, 0x00, 0x00, 0x00, 0x00, } },
  { .id = 1626, .a = 349, .b = 283, .token = {'i', 'v', 'e', 'd', 0x00, 0x00, 0x00, 0x00, 0x00, 0x00, 0x00, 0x00, 0x00, 0x00, 0x00, 0x00, 0x00, 0x00, 0x00, 0x00, 0x00, 0x00, 0x00, 0x00, 0x00, 0x00, 0x00, 0x00, 0x00, 0x00, 0x00, 0x00, } },
  { .id = 1627, .a = 350, .b = 109, .token = {' ', 'p', 'r', 'o', 'm', 0x00, 0x00, 0x00, 0x00, 0x00, 0x00, 0x00, 0x00, 0x00, 0x00, 0x00, 0x00, 0x00, 0x00, 0x00, 0x00, 0x00, 0x00, 0x00, 0x00, 0x00, 0x00, 0x00, 0x00, 0x00, 0x00, 0x00, } },
  { .id = 1628, .a = 629, .b = 293, .token = {' ', 'r', 'o', 'l', 'e', 0x00, 0x00, 0x00, 0x00, 0x00, 0x00, 0x00, 0x00, 0x00, 0x00, 0x00, 0x00, 0x00, 0x00, 0x00, 0x00, 0x00, 0x00, 0x00, 0x00, 0x00, 0x00, 0x00, 0x00, 0x00, 0x00, 0x00, } },
  { .id = 1629, .a = 391, .b = 662, .token = {' ', 'n', 'e', 'c', 'e', 's', 's', 0x00, 0x00, 0x00, 0x00, 0x00, 0x00, 0x00, 0x00, 0x00, 0x00, 0x00, 0x00, 0x00, 0x00, 0x00, 0x00, 0x00, 0x00, 0x00, 0x00, 0x00, 0x00, 0x00, 0x00, 0x00, } },
  { .id = 1630, .a = 115, .b = 464, .token = {'s', 'i', 'd', 'e', 0x00, 0x00, 0x00, 0x00, 0x00, 0x00, 0x00, 0x00, 0x00, 0x00, 0x00, 0x00, 0x00, 0x00, 0x00, 0x00, 0x00, 0x00, 0x00, 0x00, 0x00, 0x00, 0x00, 0x00, 0x00, 0x00, 0x00, 0x00, } },
  { .id = 1631, .a = 279, .b = 1277, .token = {' ', 'f', 'o', 'o', 't', 0x00, 0x00, 0x00, 0x00, 0x00, 0x00, 0x00, 0x00, 0x00, 0x00, 0x00, 0x00, 0x00, 0x00, 0x00, 0x00, 0x00, 0x00, 0x00, 0x00, 0x00, 0x00, 0x00, 0x00, 0x00, 0x00, 0x00, } },
  { .id = 1632, .a = 1316, .b = 1182, .token = {' ', 'E', 'n', 'g', 'l', 'i', 's', 'h', 0x00, 0x00, 0x00, 0x00, 0x00, 0x00, 0x00, 0x00, 0x00, 0x00, 0x00, 0x00, 0x00, 0x00, 0x00, 0x00, 0x00, 0x00, 0x00, 0x00, 0x00, 0x00, 0x00, 0x00, } },
  { .id = 1633, .a = 386, .b = 101, .token = {' ', 'B', 'e', 0x00, 0x00, 0x00, 0x00, 0x00, 0x00, 0x00, 0x00, 0x00, 0x00, 0x00, 0x00, 0x00, 0x00, 0x00, 0x00, 0x00, 0x00, 0x00, 0x00, 0x00, 0x00, 0x00, 0x00, 0x00, 0x00, 0x00, 0x00, 0x00, } },
  { .id = 1634, .a = 404, .b = 116, .token = {'f', 'o', 'r', 't', 0x00, 0x00, 0x00, 0x00, 0x00, 0x00, 0x00, 0x00, 0x00, 0x00, 0x00, 0x00, 0x00, 0x00, 0x00, 0x00, 0x00, 0x00, 0x00, 0x00, 0x00, 0x00, 0x00, 0x00, 0x00, 0x00, 0x00, 0x00, } },
  { .id = 1635, .a = 737, .b = 1003, .token = {' ', 'p', 'h', 'y', 's', 0x00, 0x00, 0x00, 0x00, 0x00, 0x00, 0x00, 0x00, 0x00, 0x00, 0x00, 0x00, 0x00, 0x00, 0x00, 0x00, 0x00, 0x00, 0x00, 0x00, 0x00, 0x00, 0x00, 0x00, 0x00, 0x00, 0x00, } },
  { .id = 1636, .a = 271, .b = 314, .token = {'a', 'n', 'a', 't', 'i', 'o', 'n', 0x00, 0x00, 0x00, 0x00, 0x00, 0x00, 0x00, 0x00, 0x00, 0x00, 0x00, 0x00, 0x00, 0x00, 0x00, 0x00, 0x00, 0x00, 0x00, 0x00, 0x00, 0x00, 0x00, 0x00, 0x00, } },
  { .id = 1637, .a = 321, .b = 115, .token = {'i', 's', 't', 's', 0x00, 0x00, 0x00, 0x00, 0x00, 0x00, 0x00, 0x00, 0x00, 0x00, 0x00, 0x00, 0x00, 0x00, 0x00, 0x00, 0x00, 0x00, 0x00, 0x00, 0x00, 0x00, 0x00, 0x00, 0x00, 0x00, 0x00, 0x00, } },
  { .id = 1638, .a = 1482, .b = 282, .token = {' ', 's', 'e', 'v', 'e', 'r', 'a', 'l', 0x00, 0x00, 0x00, 0x00, 0x00, 0x00, 0x00, 0x00, 0x00, 0x00, 0x00, 0x00, 0x00, 0x00, 0x00, 0x00, 0x00, 0x00, 0x00, 0x00, 0x00, 0x00, 0x00, 0x00, } },
  { .id = 1639, .a = 1296, .b = 100, .token = {'i', 'e', 'l', 'd', 0x00, 0x00, 0x00, 0x00, 0x00, 0x00, 0x00, 0x00, 0x00, 0x00, 0x00, 0x00, 0x00, 0x00, 0x00, 0x00, 0x00, 0x00, 0x00, 0x00, 0x00, 0x00, 0x00, 0x00, 0x00, 0x00, 0x00, 0x00, } },
  { .id = 1640, .a = 287, .b = 268, .token = {' ', 'm', 'a', 't', 0x00, 0x00, 0x00, 0x00, 0x00, 0x00, 0x00, 0x00, 0x00, 0x00, 0x00, 0x00, 0x00, 0x00, 0x00, 0x00, 0x00, 0x00, 0x00, 0x00, 0x00, 0x00, 0x00, 0x00, 0x00, 0x00, 0x00, 0x00, } },
  { .id = 1641, .a = 1317, .b = 962, .token = {' ', 'o', 'r', 'i', 'g', 'i', 'n', 'a', 'l', 0x00, 0x00, 0x00, 0x00, 0x00, 0x00, 0x00, 0x00, 0x00, 0x00, 0x00, 0x00, 0x00, 0x00, 0x00, 0x00, 0x00, 0x00, 0x00, 0x00, 0x00, 0x00, 0x00, } },
  { .id = 1642, .a = 276, .b = 400, .token = {'i', 't', 'i', 'o', 'n', 's', 0x00, 0x00, 0x00, 0x00, 0x00, 0x00, 0x00, 0x00, 0x00, 0x00, 0x00, 0x00, 0x00, 0x00, 0x00, 0x00, 0x00, 0x00, 0x00, 0x00, 0x00, 0x00, 0x00, 0x00, 0x00, 0x00, } },
  { .id = 1643, .a = 116, .b = 262, .token = {'t', 'o', 'n', 0x00, 0x00, 0x00, 0x00, 0x00, 0x00, 0x00, 0x00, 0x00, 0x00, 0x00, 0x00, 0x00, 0x00, 0x00, 0x00, 0x00, 0x00, 0x00, 0x00, 0x00, 0x00, 0x00, 0x00, 0x00, 0x00, 0x00, 0x00, 0x00, } },
  { .id = 1644, .a = 478, .b = 1258, .token = {' ', 'c', 'o', 'n', 't', 'r', 'i', 'b', 'u', 't', 0x00, 0x00, 0x00, 0x00, 0x00, 0x00, 0x00, 0x00, 0x00, 0x00, 0x00, 0x00, 0x00, 0x00, 0x00, 0x00, 0x00, 0x00, 0x00, 0x00, 0x00, 0x00, } },
  { .id = 1645, .a = 918, .b = 270, .token = {' ', 'd', 'e', 's', 'c', 'r', 'i', 'b', 'e', 's', 0x00, 0x00, 0x00, 0x00, 0x00, 0x00, 0x00, 0x00, 0x00, 0x00, 0x00, 0x00, 0x00, 0x00, 0x00, 0x00, 0x00, 0x00, 0x00, 0x00, 0x00, 0x00, } },
  { .id = 1646, .a = 265, .b = 119, .token = {' ', 's', 'w', 0x00, 0x00, 0x00, 0x00, 0x00, 0x00, 0x00, 0x00, 0x00, 0x00, 0x00, 0x00, 0x00, 0x00, 0x00, 0x00, 0x00, 0x00, 0x00, 0x00, 0x00, 0x00, 0x00, 0x00, 0x00, 0x00, 0x00, 0x00, 0x00, } },
  { .id = 1647, .a = 407, .b = 1271, .token = {' ', 'P', 'l', 'e', 'a', 's', 'e', 0x00, 0x00, 0x00, 0x00, 0x00, 0x00, 0x00, 0x00, 0x00, 0x00, 0x00, 0x00, 0x00, 0x00, 0x00, 0x00, 0x00, 0x00, 0x00, 0x00, 0x00, 0x00, 0x00, 0x00, 0x00, } },
  { .id = 1648, .a = 1199, .b = 101, .token = {'i', 'q', 'u', 'e', 0x00, 0x00, 0x00, 0x00, 0x00, 0x00, 0x00, 0x00, 0x00, 0x00, 0x00, 0x00, 0x00, 0x00, 0x00, 0x00, 0x00, 0x00, 0x00, 0x00, 0x00, 0x00, 0x00, 0x00, 0x00, 0x00, 0x00, 0x00, } },
  { .id = 1649, .a = 385, .b = 98, .token = {' ', 'c', 'o', 'm', 'b', 0x00, 0x00, 0x00, 0x00, 0x00, 0x00, 0x00, 0x00, 0x00, 0x00, 0x00, 0x00, 0x00, 0x00, 0x00, 0x00, 0x00, 0x00, 0x00, 0x00, 0x00, 0x00, 0x00, 0x00, 0x00, 0x00, 0x00, } },
  { .id = 1650, .a = 308, .b = 557, .token = {' ', 'l', 'a', 's', 't', 0x00, 0x00, 0x00, 0x00, 0x00, 0x00, 0x00, 0x00, 0x00, 0x00, 0x00, 0x00, 0x00, 0x00, 0x00, 0x00, 0x00, 0x00, 0x00, 0x00, 0x00, 0x00, 0x00, 0x00, 0x00, 0x00, 0x00, } },
  { .id = 1651, .a = 284, .b = 749, .token = {' ', 'i', 'n', 'c', 'l', 'u', 'd', 'e', 0x00, 0x00, 0x00, 0x00, 0x00, 0x00, 0x00, 0x00, 0x00, 0x00, 0x00, 0x00, 0x00, 0x00, 0x00, 0x00, 0x00, 0x00, 0x00, 0x00, 0x00, 0x00, 0x00, 0x00, } },
  { .id = 1652, .a = 1345, .b = 377, .token = {' ', 'p', 'r', 'o', 'f', 'e', 's', 's', 0x00, 0x00, 0x00, 0x00, 0x00, 0x00, 0x00, 0x00, 0x00, 0x00, 0x00, 0x00, 0x00, 0x00, 0x00, 0x00, 0x00, 0x00, 0x00, 0x00, 0x00, 0x00, 0x00, 0x00, } },
  { .id = 1653, .a = 1426, .b = 445, .token = {' ', 's', 't', 'r', 'u', 'c', 't', 'u', 'r', 'e', 0x00, 0x00, 0x00, 0x00, 0x00, 0x00, 0x00, 0x00, 0x00, 0x00, 0x00, 0x00, 0x00, 0x00, 0x00, 0x00, 0x00, 0x00, 0x00, 0x00, 0x00, 0x00, } },
  { .id = 1654, .a = 274, .b = 268, .token = {' ', 'p', 'a', 't', 0x00, 0x00, 0x00, 0x00, 0x00, 0x00, 0x00, 0x00, 0x00, 0x00, 0x00, 0x00, 0x00, 0x00, 0x00, 0x00, 0x00, 0x00, 0x00, 0x00, 0x00, 0x00, 0x00, 0x00, 0x00, 0x00, 0x00, 0x00, } },
  { .id = 1655, .a = 1026, .b = 417, .token = {'e', 'n', 'g', 't', 'h', 0x00, 0x00, 0x00, 0x00, 0x00, 0x00, 0x00, 0x00, 0x00, 0x00, 0x00, 0x00, 0x00, 0x00, 0x00, 0x00, 0x00, 0x00, 0x00, 0x00, 0x00, 0x00, 0x00, 0x00, 0x00, 0x00, 0x00, } },
  { .id = 1656, .a = 291, .b = 430, .token = {' ', 'd', 'e', 'm', 0x00, 0x00, 0x00, 0x00, 0x00, 0x00, 0x00, 0x00, 0x00, 0x00, 0x00, 0x00, 0x00, 0x00, 0x00, 0x00, 0x00, 0x00, 0x00, 0x00, 0x00, 0x00, 0x00, 0x00, 0x00, 0x00, 0x00, 0x00, } },
  { .id = 1657, .a = 804, .b = 631, .token = {' ', 'a', 'm', 'o', 'u', 'n', 't', 0x00, 0x00, 0x00, 0x00, 0x00, 0x00, 0x00, 0x00, 0x00, 0x00, 0x00, 0x00, 0x00, 0x00, 0x00, 0x00, 0x00, 0x00, 0x00, 0x00, 0x00, 0x00, 0x00, 0x00, 0x00, } },
  { .id = 1658, .a = 1072, .b = 1613, .token = {' ', 'a', 'p', 'p', 'r', 'o', 'p', 'r', 'i', 'a', 't', 'e', 0x00, 0x00, 0x00, 0x00, 0x00, 0x00, 0x00, 0x00, 0x00, 0x00, 0x00, 0x00, 0x00, 0x00, 0x00, 0x00, 0x00, 0x00, 0x00, 0x00, } },
  { .id = 1659, .a = 287, .b = 479, .token = {' ', 'm', 'u', 's', 't', 0x00, 0x00, 0x00, 0x00, 0x00, 0x00, 0x00, 0x00, 0x00, 0x00, 0x00, 0x00, 0x00, 0x00, 0x00, 0x00, 0x00, 0x00, 0x00, 0x00, 0x00, 0x00, 0x00, 0x00, 0x00, 0x00, 0x00, } },
  { .id = 1660, .a = 265, .b = 357, .token = {' ', 's', 'u', 'n', 0x00, 0x00, 0x00, 0x00, 0x00, 0x00, 0x00, 0x00, 0x00, 0x00, 0x00, 0x00, 0x00, 0x00, 0x00, 0x00, 0x00, 0x00, 0x00, 0x00, 0x00, 0x00, 0x00, 0x00, 0x00, 0x00, 0x00, 0x00, } },
  { .id = 1661, .a = 398, .b = 309, .token = {' ', 'm', 'o', 'v', 'e', 0x00, 0x00, 0x00, 0x00, 0x00, 0x00, 0x00, 0x00, 0x00, 0x00, 0x00, 0x00, 0x00, 0x00, 0x00, 0x00, 0x00, 0x00, 0x00, 0x00, 0x00, 0x00, 0x00, 0x00, 0x00, 0x00, 0x00, } },
  { .id = 1662, .a = 263, .b = 881, .token = {'e', 'r', 't', 'a', 'i', 'n', 0x00, 0x00, 0x00, 0x00, 0x00, 0x00, 0x00, 0x00, 0x00, 0x00, 0x00, 0x00, 0x00, 0x00, 0x00, 0x00, 0x00, 0x00, 0x00, 0x00, 0x00, 0x00, 0x00, 0x00, 0x00, 0x00, } },
  { .id = 1663, .a = 1130, .b = 821, .token = {' ', 't', 'y', 'p', 'i', 'c', 'a', 'l', 'l', 'y', 0x00, 0x00, 0x00, 0x00, 0x00, 0x00, 0x00, 0x00, 0x00, 0x00, 0x00, 0x00, 0x00, 0x00, 0x00, 0x00, 0x00, 0x00, 0x00, 0x00, 0x00, 0x00, } },
  { .id = 1664, .a = 559, .b = 1514, .token = {' ', 'c', 'l', 'a', 'i', 'm', 0x00, 0x00, 0x00, 0x00, 0x00, 0x00, 0x00, 0x00, 0x00, 0x00, 0x00, 0x00, 0x00, 0x00, 0x00, 0x00, 0x00, 0x00, 0x00, 0x00, 0x00, 0x00, 0x00, 0x00, 0x00, 0x00, } },
  { .id = 1665, .a = 285, .b = 417, .token = {'o', 'u', 't', 'h', 0x00, 0x00, 0x00, 0x00, 0x00, 0x00, 0x00, 0x00, 0x00, 0x00, 0x00, 0x00, 0x00, 0x00, 0x00, 0x00, 0x00, 0x00, 0x00, 0x00, 0x00, 0x00, 0x00, 0x00, 0x00, 0x00, 0x00, 0x00, } },
  { .id = 1666, .a = 759, .b = 344, .token = {' ', 'k', 'e', 'e', 'p', 0x00, 0x00, 0x00, 0x00, 0x00, 0x00, 0x00, 0x00, 0x00, 0x00, 0x00, 0x00, 0x00, 0x00, 0x00, 0x00, 0x00, 0x00, 0x00, 0x00, 0x00, 0x00, 0x00, 0x00, 0x00, 0x00, 0x00, } },
  { .id = 1667, .a = 1447, .b = 582, .token = {' ', 's', 'u', 'm', 'm', 'a', 'r', 'y', 0x00, 0x00, 0x00, 0x00, 0x00, 0x00, 0x00, 0x00, 0x00, 0x00, 0x00, 0x00, 0x00, 0x00, 0x00, 0x00, 0x00, 0x00, 0x00, 0x00, 0x00, 0x00, 0x00, 0x00, } },
  { .id = 1668, .a = 110, .b = 111, .token = {'n', 'o', 0x00, 0x00, 0x00, 0x00, 0x00, 0x00, 0x00, 0x00, 0x00, 0x00, 0x00, 0x00, 0x00, 0x00, 0x00, 0x00, 0x00, 0x00, 0x00, 0x00, 0x00, 0x00, 0x00, 0x00, 0x00, 0x00, 0x00, 0x00, 0x00, 0x00, } },
  { .id = 1669, .a = 842, .b = 881, .token = {' ', 'm', 'a', 'i', 'n', 't', 'a', 'i', 'n', 0x00, 0x00, 0x00, 0x00, 0x00, 0x00, 0x00, 0x00, 0x00, 0x00, 0x00, 0x00, 0x00, 0x00, 0x00, 0x00, 0x00, 0x00, 0x00, 0x00, 0x00, 0x00, 0x00, } },
  { .id = 1670, .a = 257, .b = 387, .token = {' ', 't', 'r', 'i', 0x00, 0x00, 0x00, 0x00, 0x00, 0x00, 0x00, 0x00, 0x00, 0x00, 0x00, 0x00, 0x00, 0x00, 0x00, 0x00, 0x00, 0x00, 0x00, 0x00, 0x00, 0x00, 0x00, 0x00, 0x00, 0x00, 0x00, 0x00, } },
  { .id = 1671, .a = 280, .b = 298, .token = {' ', 'b', 'r', 'o', 0x00, 0x00, 0x00, 0x00, 0x00, 0x00, 0x00, 0x00, 0x00, 0x00, 0x00, 0x00, 0x00, 0x00, 0x00, 0x00, 0x00, 0x00, 0x00, 0x00, 0x00, 0x00, 0x00, 0x00, 0x00, 0x00, 0x00, 0x00, } },
  { .id = 1672, .a = 299, .b = 548, .token = {' ', 'h', 'o', 'u', 'r', 0x00, 0x00, 0x00, 0x00, 0x00, 0x00, 0x00, 0x00, 0x00, 0x00, 0x00, 0x00, 0x00, 0x00, 0x00, 0x00, 0x00, 0x00, 0x00, 0x00, 0x00, 0x00, 0x00, 0x00, 0x00, 0x00, 0x00, } },
  { .id = 1673, .a = 426, .b = 847, .token = {' ', 'c', 'h', 'a', 'n', 'g', 'e', 0x00, 0x00, 0x00, 0x00, 0x00, 0x00, 0x00, 0x00, 0x00, 0x00, 0x00, 0x00, 0x00, 0x00, 0x00, 0x00, 0x00, 0x00, 0x00, 0x00, 0x00, 0x00, 0x00, 0x00, 0x00, } },
  { .id = 1674, .a = 986, .b = 556, .token = {' ', 'f', 'r', 'i', 'e', 'n', 'd', 0x00, 0x00, 0x00, 0x00, 0x00, 0x00, 0x00, 0x00, 0x00, 0x00, 0x00, 0x00, 0x00, 0x00, 0x00, 0x00, 0x00, 0x00, 0x00, 0x00, 0x00, 0x00, 0x00, 0x00, 0x00, } },
  { .id = 1675, .a = 49, .b = 52, .token = {'1', '4', 0x00, 0x00, 0x00, 0x00, 0x00, 0x00, 0x00, 0x00, 0x00, 0x00, 0x00, 0x00, 0x00, 0x00, 0x00, 0x00, 0x00, 0x00, 0x00, 0x00, 0x00, 0x00, 0x00, 0x00, 0x00, 0x00, 0x00, 0x00, 0x00, 0x00, } },
  { .id = 1676, .a = 1079, .b = 348, .token = {' ', 'r', 'e', 'f', 'e', 'r', 's', 0x00, 0x00, 0x00, 0x00, 0x00, 0x00, 0x00, 0x00, 0x00, 0x00, 0x00, 0x00, 0x00, 0x00, 0x00, 0x00, 0x00, 0x00, 0x00, 0x00, 0x00, 0x00, 0x00, 0x00, 0x00, } },
  { .id = 1677, .a = 97, .b = 329, .token = {'a', 'u', 't', 0x00, 0x00, 0x00, 0x00, 0x00, 0x00, 0x00, 0x00, 0x00, 0x00, 0x00, 0x00, 0x00, 0x00, 0x00, 0x00, 0x00, 0x00, 0x00, 0x00, 0x00, 0x00, 0x00, 0x00, 0x00, 0x00, 0x00, 0x00, 0x00, } },
  { .id = 1678, .a = 562, .b = 110, .token = {' ', 'O', 'n', 0x00, 0x00, 0x00, 0x00, 0x00, 0x00, 0x00, 0x00, 0x00, 0x00, 0x00, 0x00, 0x00, 0x00, 0x00, 0x00, 0x00, 0x00, 0x00, 0x00, 0x00, 0x00, 0x00, 0x00, 0x00, 0x00, 0x00, 0x00, 0x00, } },
  { .id = 1679, .a = 734, .b = 282, .token = {' ', 'p', 'e', 'r', 's', 'o', 'n', 'a', 'l', 0x00, 0x00, 0x00, 0x00, 0x00, 0x00, 0x00, 0x00, 0x00, 0x00, 0x00, 0x00, 0x00, 0x00, 0x00, 0x00, 0x00, 0x00, 0x00, 0x00, 0x00, 0x00, 0x00, } },
  { .id = 1680, .a = 669, .b = 382, .token = {' ', 'r', 'e', 'v', 'i', 'e', 'w', 'e', 'r', 0x00, 0x00, 0x00, 0x00, 0x00, 0x00, 0x00, 0x00, 0x00, 0x00, 0x00, 0x00, 0x00, 0x00, 0x00, 0x00, 0x00, 0x00, 0x00, 0x00, 0x00, 0x00, 0x00, } },
  { .id = 1681, .a = 49, .b = 55, .token = {'1', '7', 0x00, 0x00, 0x00, 0x00, 0x00, 0x00, 0x00, 0x00, 0x00, 0x00, 0x00, 0x00, 0x00, 0x00, 0x00, 0x00, 0x00, 0x00, 0x00, 0x00, 0x00, 0x00, 0x00, 0x00, 0x00, 0x00, 0x00, 0x00, 0x00, 0x00, } },
  { .id = 1682, .a = 1328, .b = 275, .token = {' ', 'b', 'u', 'i', 'l', 'd', 'i', 'n', 'g', 0x00, 0x00, 0x00, 0x00, 0x00, 0x00, 0x00, 0x00, 0x00, 0x00, 0x00, 0x00, 0x00, 0x00, 0x00, 0x00, 0x00, 0x00, 0x00, 0x00, 0x00, 0x00, 0x00, } },
  { .id = 1683, .a = 308, .b = 408, .token = {' ', 'l', 'a', 'n', 'd', 0x00, 0x00, 0x00, 0x00, 0x00, 0x00, 0x00, 0x00, 0x00, 0x00, 0x00, 0x00, 0x00, 0x00, 0x00, 0x00, 0x00, 0x00, 0x00, 0x00, 0x00, 0x00, 0x00, 0x00, 0x00, 0x00, 0x00, } },
  { .id = 1684, .a = 84, .b = 111, .token = {'T', 'o', 0x00, 0x00, 0x00, 0x00, 0x00, 0x00, 0x00, 0x00, 0x00, 0x00, 0x00, 0x00, 0x00, 0x00, 0x00, 0x00, 0x00, 0x00, 0x00, 0x00, 0x00, 0x00, 0x00, 0x00, 0x00, 0x00, 0x00, 0x00, 0x00, 0x00, } },
  { .id = 1685, .a = 99, .b = 105, .token = {'c', 'i', 0x00, 0x00, 0x00, 0x00, 0x00, 0x00, 0x00, 0x00, 0x00, 0x00, 0x00, 0x00, 0x00, 0x00, 0x00, 0x00, 0x00, 0x00, 0x00, 0x00, 0x00, 0x00, 0x00, 0x00, 0x00, 0x00, 0x00, 0x00, 0x00, 0x00, } },
  { .id = 1686, .a = 864, .b = 115, .token = {'a', 't', 'u', 'r', 'e', 's', 0x00, 0x00, 0x00, 0x00, 0x00, 0x00, 0x00, 0x00, 0x00, 0x00, 0x00, 0x00, 0x00, 0x00, 0x00, 0x00, 0x00, 0x00, 0x00, 0x00, 0x00, 0x00, 0x00, 0x00, 0x00, 0x00, } },
  { .id = 1687, .a = 525, .b = 119, .token = {'v', 'i', 'e', 'w', 0x00, 0x00, 0x00, 0x00, 0x00, 0x00, 0x00, 0x00, 0x00, 0x00, 0x00, 0x00, 0x00, 0x00, 0x00, 0x00, 0x00, 0x00, 0x00, 0x00, 0x00, 0x00, 0x00, 0x00, 0x00, 0x00, 0x00, 0x00, } },
  { .id = 1688, .a = 287, .b = 290, .token = {' ', 'm', 'a', 'r', 0x00, 0x00, 0x00, 0x00, 0x00, 0x00, 0x00, 0x00, 0x00, 0x00, 0x00, 0x00, 0x00, 0x00, 0x00, 0x00, 0x00, 0x00, 0x00, 0x00, 0x00, 0x00, 0x00, 0x00, 0x00, 0x00, 0x00, 0x00, } },
  { .id = 1689, .a = 277, .b = 115, .token = {' ', 'a', 'n', 's', 0x00, 0x00, 0x00, 0x00, 0x00, 0x00, 0x00, 0x00, 0x00, 0x00, 0x00, 0x00, 0x00, 0x00, 0x00, 0x00, 0x00, 0x00, 0x00, 0x00, 0x00, 0x00, 0x00, 0x00, 0x00, 0x00, 0x00, 0x00, } },
  { .id = 1690, .a = 278, .b = 109, .token = {'o', 'r', 'm', 0x00, 0x00, 0x00, 0x00, 0x00, 0x00, 0x00, 0x00, 0x00, 0x00, 0x00, 0x00, 0x00, 0x00, 0x00, 0x00, 0x00, 0x00, 0x00, 0x00, 0x00, 0x00, 0x00, 0x00, 0x00, 0x00, 0x00, 0x00, 0x00, } },
  { .id = 1691, .a = 361, .b = 854, .token = {' ', 'a', 's', 'p', 'e', 'c', 't', 0x00, 0x00, 0x00, 0x00, 0x00, 0x00, 0x00, 0x00, 0x00, 0x00, 0x00, 0x00, 0x00, 0x00, 0x00, 0x00, 0x00, 0x00, 0x00, 0x00, 0x00, 0x00, 0x00, 0x00, 0x00, } },
  { .id = 1692, .a = 265, .b = 1476, .token = {' ', 's', 'c', 'h', 'o', 'o', 'l', 0x00, 0x00, 0x00, 0x00, 0x00, 0x00, 0x00, 0x00, 0x00, 0x00, 0x00, 0x00, 0x00, 0x00, 0x00, 0x00, 0x00, 0x00, 0x00, 0x00, 0x00, 0x00, 0x00, 0x00, 0x00, } },
  { .id = 1693, .a = 771, .b = 341, .token = {' ', 'i', 'n', 't', 'e', 'r', 'e', 's', 't', 0x00, 0x00, 0x00, 0x00, 0x00, 0x00, 0x00, 0x00, 0x00, 0x00, 0x00, 0x00, 0x00, 0x00, 0x00, 0x00, 0x00, 0x00, 0x00, 0x00, 0x00, 0x00, 0x00, } },
  { .id = 1694, .a = 616, .b = 314, .token = {'i', 'f', 'i', 'c', 'a', 't', 'i', 'o', 'n', 0x00, 0x00, 0x00, 0x00, 0x00, 0x00, 0x00, 0x00, 0x00, 0x00, 0x00, 0x00, 0x00, 0x00, 0x00, 0x00, 0x00, 0x00, 0x00, 0x00, 0x00, 0x00, 0x00, } },
  { .id = 1695, .a = 1689, .b = 1538, .token = {' ', 'a', 'n', 's', 'w', 'e', 'r', 's', 0x00, 0x00, 0x00, 0x00, 0x00, 0x00, 0x00, 0x00, 0x00, 0x00, 0x00, 0x00, 0x00, 0x00, 0x00, 0x00, 0x00, 0x00, 0x00, 0x00, 0x00, 0x00, 0x00, 0x00, } },
  { .id = 1696, .a = 524, .b = 1348, .token = {' ', 'm', 'a', 'k', 'e', 's', 0x00, 0x00, 0x00, 0x00, 0x00, 0x00, 0x00, 0x00, 0x00, 0x00, 0x00, 0x00, 0x00, 0x00, 0x00, 0x00, 0x00, 0x00, 0x00, 0x00, 0x00, 0x00, 0x00, 0x00, 0x00, 0x00, } },
  { .id = 1697, .a = 108, .b = 117, .token = {'l', 'u', 0x00, 0x00, 0x00, 0x00, 0x00, 0x00, 0x00, 0x00, 0x00, 0x00, 0x00, 0x00, 0x00, 0x00, 0x00, 0x00, 0x00, 0x00, 0x00, 0x00, 0x00, 0x00, 0x00, 0x00, 0x00, 0x00, 0x00, 0x00, 0x00, 0x00, } },
  { .id = 1698, .a = 99, .b = 293, .token = {'c', 'l', 'e', 0x00, 0x00, 0x00, 0x00, 0x00, 0x00, 0x00, 0x00, 0x00, 0x00, 0x00, 0x00, 0x00, 0x00, 0x00, 0x00, 0x00, 0x00, 0x00, 0x00, 0x00, 0x00, 0x00, 0x00, 0x00, 0x00, 0x00, 0x00, 0x00, } },
  { .id = 1699, .a = 397, .b = 112, .token = {'u', 'm', 'p', 0x00, 0x00, 0x00, 0x00, 0x00, 0x00, 0x00, 0x00, 0x00, 0x00, 0x00, 0x00, 0x00, 0x00, 0x00, 0x00, 0x00, 0x00, 0x00, 0x00, 0x00, 0x00, 0x00, 0x00, 0x00, 0x00, 0x00, 0x00, 0x00, } },
  { .id = 1700, .a = 67, .b = 262, .token = {'C', 'o', 'n', 0x00, 0x00, 0x00, 0x00, 0x00, 0x00, 0x00, 0x00, 0x00, 0x00, 0x00, 0x00, 0x00, 0x00, 0x00, 0x00, 0x00, 0x00, 0x00, 0x00, 0x00, 0x00, 0x00, 0x00, 0x00, 0x00, 0x00, 0x00, 0x00, } },
  { .id = 1701, .a = 1283, .b = 264, .token = {' ', 'o', 'p', 'e', 'n', 0x00, 0x00, 0x00, 0x00, 0x00, 0x00, 0x00, 0x00, 0x00, 0x00, 0x00, 0x00, 0x00, 0x00, 0x00, 0x00, 0x00, 0x00, 0x00, 0x00, 0x00, 0x00, 0x00, 0x00, 0x00, 0x00, 0x00, } },
  { .id = 1702, .a = 433, .b = 103, .token = {' ', 'l', 'e', 'g', 0x00, 0x00, 0x00, 0x00, 0x00, 0x00, 0x00, 0x00, 0x00, 0x00, 0x00, 0x00, 0x00, 0x00, 0x00, 0x00, 0x00, 0x00, 0x00, 0x00, 0x00, 0x00, 0x00, 0x00, 0x00, 0x00, 0x00, 0x00, } },
  { .id = 1703, .a = 1083, .b = 115, .token = {' ', 't', 'e', 'r', 'm', 's', 0x00, 0x00, 0x00, 0x00, 0x00, 0x00, 0x00, 0x00, 0x00, 0x00, 0x00, 0x00, 0x00, 0x00, 0x00, 0x00, 0x00, 0x00, 0x00, 0x00, 0x00, 0x00, 0x00, 0x00, 0x00, 0x00, } },
  { .id = 1704, .a = 384, .b = 554, .token = {'o', 'o', 'k', 's', 0x00, 0x00, 0x00, 0x00, 0x00, 0x00, 0x00, 0x00, 0x00, 0x00, 0x00, 0x00, 0x00, 0x00, 0x00, 0x00, 0x00, 0x00, 0x00, 0x00, 0x00, 0x00, 0x00, 0x00, 0x00, 0x00, 0x00, 0x00, } },
  { .id = 1705, .a = 306, .b = 268, .token = {' ', 'e', 'a', 't', 0x00, 0x00, 0x00, 0x00, 0x00, 0x00, 0x00, 0x00, 0x00, 0x00, 0x00, 0x00, 0x00, 0x00, 0x00, 0x00, 0x00, 0x00, 0x00, 0x00, 0x00, 0x00, 0x00, 0x00, 0x00, 0x00, 0x00, 0x00, } },
  { .id = 1706, .a = 532, .b = 100, .token = {'i', 'r', 'e', 'd', 0x00, 0x00, 0x00, 0x00, 0x00, 0x00, 0x00, 0x00, 0x00, 0x00, 0x00, 0x00, 0x00, 0x00, 0x00, 0x00, 0x00, 0x00, 0x00, 0x00, 0x00, 0x00, 0x00, 0x00, 0x00, 0x00, 0x00, 0x00, } },
  { .id = 1707, .a = 336, .b = 951, .token = {'i', 'f', 'i', 'e', 'd', 0x00, 0x00, 0x00, 0x00, 0x00, 0x00, 0x00, 0x00, 0x00, 0x00, 0x00, 0x00, 0x00, 0x00, 0x00, 0x00, 0x00, 0x00, 0x00, 0x00, 0x00, 0x00, 0x00, 0x00, 0x00, 0x00, 0x00, } },
  { .id = 1708, .a = 449, .b = 105, .token = {'o', 'c', 'i', 0x00, 0x00, 0x00, 0x00, 0x00, 0x00, 0x00, 0x00, 0x00, 0x00, 0x00, 0x00, 0x00, 0x00, 0x00, 0x00, 0x00, 0x00, 0x00, 0x00, 0x00, 0x00, 0x00, 0x00, 0x00, 0x00, 0x00, 0x00, 0x00, } },
  { .id = 1709, .a = 713, .b = 536, .token = {' ', 'p', 'r', 'i', 'c', 'e', 0x00, 0x00, 0x00, 0x00, 0x00, 0x00, 0x00, 0x00, 0x00, 0x00, 0x00, 0x00, 0x00, 0x00, 0x00, 0x00, 0x00, 0x00, 0x00, 0x00, 0x00, 0x00, 0x00, 0x00, 0x00, 0x00, } },
  { .id = 1710, .a = 73, .b = 115, .token = {'I', 's', 0x00, 0x00, 0x00, 0x00, 0x00, 0x00, 0x00, 0x00, 0x00, 0x00, 0x00, 0x00, 0x00, 0x00, 0x00, 0x00, 0x00, 0x00, 0x00, 0x00, 0x00, 0x00, 0x00, 0x00, 0x00, 0x00, 0x00, 0x00, 0x00, 0x00, } },
  { .id = 1711, .a = 810, .b = 882, .token = {' ', 's', 'o', 'l', 'u', 't', 'i', 'o', 'n', 0x00, 0x00, 0x00, 0x00, 0x00, 0x00, 0x00, 0x00, 0x00, 0x00, 0x00, 0x00, 0x00, 0x00, 0x00, 0x00, 0x00, 0x00, 0x00, 0x00, 0x00, 0x00, 0x00, } },
  { .id = 1712, .a = 304, .b = 100, .token = {' ', 'r', 'e', 'd', 0x00, 0x00, 0x00, 0x00, 0x00, 0x00, 0x00, 0x00, 0x00, 0x00, 0x00, 0x00, 0x00, 0x00, 0x00, 0x00, 0x00, 0x00, 0x00, 0x00, 0x00, 0x00, 0x00, 0x00, 0x00, 0x00, 0x00, 0x00, } },
  { .id = 1713, .a = 1132, .b = 996, .token = {' ', 'c', 'h', 'i', 'l', 'd', 'r', 'e', 'n', 0x00, 0x00, 0x00, 0x00, 0x00, 0x00, 0x00, 0x00, 0x00, 0x00, 0x00, 0x00, 0x00, 0x00, 0x00, 0x00, 0x00, 0x00, 0x00, 0x00, 0x00, 0x00, 0x00, } },
  { .id = 1714, .a = 462, .b = 760, .token = {' ', 'G', 'e', 'n', 'e', 'r', 0x00, 0x00, 0x00, 0x00, 0x00, 0x00, 0x00, 0x00, 0x00, 0x00, 0x00, 0x00, 0x00, 0x00, 0x00, 0x00, 0x00, 0x00, 0x00, 0x00, 0x00, 0x00, 0x00, 0x00, 0x00, 0x00, } },
  { .id = 1715, .a = 1000, .b = 316, .token = {' ', 'd', 'i', 'r', 'e', 'c', 't', 'l', 'y', 0x00, 0x00, 0x00, 0x00, 0x00, 0x00, 0x00, 0x00, 0x00, 0x00, 0x00, 0x00, 0x00, 0x00, 0x00, 0x00, 0x00, 0x00, 0x00, 0x00, 0x00, 0x00, 0x00, } },
  { .id = 1716, .a = 452, .b = 266, .token = {'T', 'h', 'e', 'r', 'e', 0x00, 0x00, 0x00, 0x00, 0x00, 0x00, 0x00, 0x00, 0x00, 0x00, 0x00, 0x00, 0x00, 0x00, 0x00, 0x00, 0x00, 0x00, 0x00, 0x00, 0x00, 0x00, 0x00, 0x00, 0x00, 0x00, 0x00, } },
  { .id = 1717, .a = 433, .b = 936, .token = {' ', 'l', 'e', 'f', 't', 0x00, 0x00, 0x00, 0x00, 0x00, 0x00, 0x00, 0x00, 0x00, 0x00, 0x00, 0x00, 0x00, 0x00, 0x00, 0x00, 0x00, 0x00, 0x00, 0x00, 0x00, 0x00, 0x00, 0x00, 0x00, 0x00, 0x00, } },
  { .id = 1718, .a = 107, .b = 283, .token = {'k', 'e', 'd', 0x00, 0x00, 0x00, 0x00, 0x00, 0x00, 0x00, 0x00, 0x00, 0x00, 0x00, 0x00, 0x00, 0x00, 0x00, 0x00, 0x00, 0x00, 0x00, 0x00, 0x00, 0x00, 0x00, 0x00, 0x00, 0x00, 0x00, 0x00, 0x00, } },
  { .id = 1719, .a = 280, .b = 436, .token = {' ', 'b', 'a', 'l', 'l', 0x00, 0x00, 0x00, 0x00, 0x00, 0x00, 0x00, 0x00, 0x00, 0x00, 0x00, 0x00, 0x00, 0x00, 0x00, 0x00, 0x00, 0x00, 0x00, 0x00, 0x00, 0x00, 0x00, 0x00, 0x00, 0x00, 0x00, } },
  { .id = 1720, .a = 422, .b = 115, .token = {'i', 'l', 'l', 's', 0x00, 0x00, 0x00, 0x00, 0x00, 0x00, 0x00, 0x00, 0x00, 0x00, 0x00, 0x00, 0x00, 0x00, 0x00, 0x00, 0x00, 0x00, 0x00, 0x00, 0x00, 0x00, 0x00, 0x00, 0x00, 0x00, 0x00, 0x00, } },
  { .id = 1721, .a = 1297, .b = 114, .token = {' ', 'c', 'u', 'r', 'r', 0x00, 0x00, 0x00, 0x00, 0x00, 0x00, 0x00, 0x00, 0x00, 0x00, 0x00, 0x00, 0x00, 0x00, 0x00, 0x00, 0x00, 0x00, 0x00, 0x00, 0x00, 0x00, 0x00, 0x00, 0x00, 0x00, 0x00, } },
  { .id = 1722, .a = 108, .b = 377, .token = {'l', 'e', 's', 's', 0x00, 0x00, 0x00, 0x00, 0x00, 0x00, 0x00, 0x00, 0x00, 0x00, 0x00, 0x00, 0x00, 0x00, 0x00, 0x00, 0x00, 0x00, 0x00, 0x00, 0x00, 0x00, 0x00, 0x00, 0x00, 0x00, 0x00, 0x00, } },
  { .id = 1723, .a = 410, .b = 1073, .token = {' ', 'w', 'e', 'a', 'r', 'i', 'n', 'g', 0x00, 0x00, 0x00, 0x00, 0x00, 0x00, 0x00, 0x00, 0x00, 0x00, 0x00, 0x00, 0x00, 0x00, 0x00, 0x00, 0x00, 0x00, 0x00, 0x00, 0x00, 0x00, 0x00, 0x00, } },
  { .id = 1724, .a = 333, .b = 100, .token = {' ', 'c', 'o', 'n', 'd', 0x00, 0x00, 0x00, 0x00, 0x00, 0x00, 0x00, 0x00, 0x00, 0x00, 0x00, 0x00, 0x00, 0x00, 0x00, 0x00, 0x00, 0x00, 0x00, 0x00, 0x00, 0x00, 0x00, 0x00, 0x00, 0x00, 0x00, } },
  { .id = 1725, .a = 373, .b = 316, .token = {'i', 'v', 'e', 'l', 'y', 0x00, 0x00, 0x00, 0x00, 0x00, 0x00, 0x00, 0x00, 0x00, 0x00, 0x00, 0x00, 0x00, 0x00, 0x00, 0x00, 0x00, 0x00, 0x00, 0x00, 0x00, 0x00, 0x00, 0x00, 0x00, 0x00, 0x00, } },
  { .id = 1726, .a = 1483, .b = 342, .token = {'a', 'l', 'c', 'u', 'l', 'a', 't', 'e', 0x00, 0x00, 0x00, 0x00, 0x00, 0x00, 0x00, 0x00, 0x00, 0x00, 0x00, 0x00, 0x00, 0x00, 0x00, 0x00, 0x00, 0x00, 0x00, 0x00, 0x00, 0x00, 0x00, 0x00, } },
  { .id = 1727, .a = 747, .b = 400, .token = {' ', 'm', 'e', 'n', 't', 'i', 'o', 'n', 's', 0x00, 0x00, 0x00, 0x00, 0x00, 0x00, 0x00, 0x00, 0x00, 0x00, 0x00, 0x00, 0x00, 0x00, 0x00, 0x00, 0x00, 0x00, 0x00, 0x00, 0x00, 0x00, 0x00, } },
  { .id = 1728, .a = 110, .b = 317, .token = {'n', 'o', 'w', 0x00, 0x00, 0x00, 0x00, 0x00, 0x00, 0x00, 0x00, 0x00, 0x00, 0x00, 0x00, 0x00, 0x00, 0x00, 0x00, 0x00, 0x00, 0x00, 0x00, 0x00, 0x00, 0x00, 0x00, 0x00, 0x00, 0x00, 0x00, 0x00, } },
  { .id = 1729, .a = 287, .b = 1539, .token = {' ', 'm', 'o', 'n', 'e', 'y', 0x00, 0x00, 0x00, 0x00, 0x00, 0x00, 0x00, 0x00, 0x00, 0x00, 0x00, 0x00, 0x00, 0x00, 0x00, 0x00, 0x00, 0x00, 0x00, 0x00, 0x00, 0x00, 0x00, 0x00, 0x00, 0x00, } },
  { .id = 1730, .a = 269, .b = 485, .token = {' ', 'c', 'e', 'l', 'l', 0x00, 0x00, 0x00, 0x00, 0x00, 0x00, 0x00, 0x00, 0x00, 0x00, 0x00, 0x00, 0x00, 0x00, 0x00, 0x00, 0x00, 0x00, 0x00, 0x00, 0x00, 0x00, 0x00, 0x00, 0x00, 0x00, 0x00, } },
  { .id = 1731, .a = 276, .b = 275, .token = {'i', 't', 'i', 'n', 'g', 0x00, 0x00, 0x00, 0x00, 0x00, 0x00, 0x00, 0x00, 0x00, 0x00, 0x00, 0x00, 0x00, 0x00, 0x00, 0x00, 0x00, 0x00, 0x00, 0x00, 0x00, 0x00, 0x00, 0x00, 0x00, 0x00, 0x00, } },
  { .id = 1732, .a = 306, .b = 108, .token = {' ', 'e', 'l', 0x00, 0x00, 0x00, 0x00, 0x00, 0x00, 0x00, 0x00, 0x00, 0x00, 0x00, 0x00, 0x00, 0x00, 0x00, 0x00, 0x00, 0x00, 0x00, 0x00, 0x00, 0x00, 0x00, 0x00, 0x00, 0x00, 0x00, 0x00, 0x00, } },
  { .id = 1733, .a = 272, .b = 501, .token = {' ', 'o', 'p', 'e', 'r', 0x00, 0x00, 0x00, 0x00, 0x00, 0x00, 0x00, 0x00, 0x00, 0x00, 0x00, 0x00, 0x00, 0x00, 0x00, 0x00, 0x00, 0x00, 0x00, 0x00, 0x00, 0x00, 0x00, 0x00, 0x00, 0x00, 0x00, } },
  { .id = 1734, .a = 271, .b = 101, .token = {'a', 'n', 'e', 0x00, 0x00, 0x00, 0x00, 0x00, 0x00, 0x00, 0x00, 0x00, 0x00, 0x00, 0x00, 0x00, 0x00, 0x00, 0x00, 0x00, 0x00, 0x00, 0x00, 0x00, 0x00, 0x00, 0x00, 0x00, 0x00, 0x00, 0x00, 0x00, } },
  { .id = 1735, .a = 1048, .b = 1349, .token = {' ', 'r', 'e', 'l', 'e', 'v', 'a', 'n', 't', 0x00, 0x00, 0x00, 0x00, 0x00, 0x00, 0x00, 0x00, 0x00, 0x00, 0x00, 0x00, 0x00, 0x00, 0x00, 0x00, 0x00, 0x00, 0x00, 0x00, 0x00, 0x00, 0x00, } },
  { .id = 1736, .a = 96, .b = 96, .token = {'`', '`', 0x00, 0x00, 0x00, 0x00, 0x00, 0x00, 0x00, 0x00, 0x00, 0x00, 0x00, 0x00, 0x00, 0x00, 0x00, 0x00, 0x00, 0x00, 0x00, 0x00, 0x00, 0x00, 0x00, 0x00, 0x00, 0x00, 0x00, 0x00, 0x00, 0x00, } },
  { .id = 1737, .a = 812, .b = 121, .token = {'n', 'e', 'y', 0x00, 0x00, 0x00, 0x00, 0x00, 0x00, 0x00, 0x00, 0x00, 0x00, 0x00, 0x00, 0x00, 0x00, 0x00, 0x00, 0x00, 0x00, 0x00, 0x00, 0x00, 0x00, 0x00, 0x00, 0x00, 0x00, 0x00, 0x00, 0x00, } },
  { .id = 1738, .a = 119, .b = 111, .token = {'w', 'o', 0x00, 0x00, 0x00, 0x00, 0x00, 0x00, 0x00, 0x00, 0x00, 0x00, 0x00, 0x00, 0x00, 0x00, 0x00, 0x00, 0x00, 0x00, 0x00, 0x00, 0x00, 0x00, 0x00, 0x00, 0x00, 0x00, 0x00, 0x00, 0x00, 0x00, } },
  { .id = 1739, .a = 267, .b = 975, .token = {'i', 's', 'h', 'e', 'd', 0x00, 0x00, 0x00, 0x00, 0x00, 0x00, 0x00, 0x00, 0x00, 0x00, 0x00, 0x00, 0x00, 0x00, 0x00, 0x00, 0x00, 0x00, 0x00, 0x00, 0x00, 0x00, 0x00, 0x00, 0x00, 0x00, 0x00, } },
  { .id = 1740, .a = 308, .b = 761, .token = {' ', 'l', 'o', 'o', 'k', 0x00, 0x00, 0x00, 0x00, 0x00, 0x00, 0x00, 0x00, 0x00, 0x00, 0x00, 0x00, 0x00, 0x00, 0x00, 0x00, 0x00, 0x00, 0x00, 0x00, 0x00, 0x00, 0x00, 0x00, 0x00, 0x00, 0x00, } },
  { .id = 1741, .a = 260, .b = 97, .token = {'i', 'n', 'a', 0x00, 0x00, 0x00, 0x00, 0x00, 0x00, 0x00, 0x00, 0x00, 0x00, 0x00, 0x00, 0x00, 0x00, 0x00, 0x00, 0x00, 0x00, 0x00, 0x00, 0x00, 0x00, 0x00, 0x00, 0x00, 0x00, 0x00, 0x00, 0x00, } },
  { .id = 1742, .a = 1334, .b = 105, .token = {' ', 'm', 'u', 'l', 't', 'i', 0x00, 0x00, 0x00, 0x00, 0x00, 0x00, 0x00, 0x00, 0x00, 0x00, 0x00, 0x00, 0x00, 0x00, 0x00, 0x00, 0x00, 0x00, 0x00, 0x00, 0x00, 0x00, 0x00, 0x00, 0x00, 0x00, } },
  { .id = 1743, .a = 448, .b = 535, .token = {' ', 'e', 'n', 'o', 'u', 'g', 'h', 0x00, 0x00, 0x00, 0x00, 0x00, 0x00, 0x00, 0x00, 0x00, 0x00, 0x00, 0x00, 0x00, 0x00, 0x00, 0x00, 0x00, 0x00, 0x00, 0x00, 0x00, 0x00, 0x00, 0x00, 0x00, } },
  { .id = 1744, .a = 280, .b = 264, .token = {' ', 'b', 'e', 'n', 0x00, 0x00, 0x00, 0x00, 0x00, 0x00, 0x00, 0x00, 0x00, 0x00, 0x00, 0x00, 0x00, 0x00, 0x00, 0x00, 0x00, 0x00, 0x00, 0x00, 0x00, 0x00, 0x00, 0x00, 0x00, 0x00, 0x00, 0x00, } },
  { .id = 1745, .a = 292, .b = 513, .token = {' ', 'o', 'f', 'f', 'e', 'r', 0x00, 0x00, 0x00, 0x00, 0x00, 0x00, 0x00, 0x00, 0x00, 0x00, 0x00, 0x00, 0x00, 0x00, 0x00, 0x00, 0x00, 0x00, 0x00, 0x00, 0x00, 0x00, 0x00, 0x00, 0x00, 0x00, } },
  { .id = 1746, .a = 401, .b = 1499, .token = {' ', 'p', 'o', 'i', 'n', 't', 's', 0x00, 0x00, 0x00, 0x00, 0x00, 0x00, 0x00, 0x00, 0x00, 0x00, 0x00, 0x00, 0x00, 0x00, 0x00, 0x00, 0x00, 0x00, 0x00, 0x00, 0x00, 0x00, 0x00, 0x00, 0x00, } },
  { .id = 1747, .a = 653, .b = 576, .token = {' ', 'W', 'h', 'i', 'l', 'e', 0x00, 0x00, 0x00, 0x00, 0x00, 0x00, 0x00, 0x00, 0x00, 0x00, 0x00, 0x00, 0x00, 0x00, 0x00, 0x00, 0x00, 0x00, 0x00, 0x00, 0x00, 0x00, 0x00, 0x00, 0x00, 0x00, } },
  { .id = 1748, .a = 1311, .b = 342, .token = {' ', 'a', 'c', 'c', 'u', 'r', 'a', 't', 'e', 0x00, 0x00, 0x00, 0x00, 0x00, 0x00, 0x00, 0x00, 0x00, 0x00, 0x00, 0x00, 0x00, 0x00, 0x00, 0x00, 0x00, 0x00, 0x00, 0x00, 0x00, 0x00, 0x00, } },
  { .id = 1749, .a = 50, .b = 53, .token = {'2', '5', 0x00, 0x00, 0x00, 0x00, 0x00, 0x00, 0x00, 0x00, 0x00, 0x00, 0x00, 0x00, 0x00, 0x00, 0x00, 0x00, 0x00, 0x00, 0x00, 0x00, 0x00, 0x00, 0x00, 0x00, 0x00, 0x00, 0x00, 0x00, 0x00, 0x00, } },
  { .id = 1750, .a = 97, .b = 117, .token = {'a', 'u', 0x00, 0x00, 0x00, 0x00, 0x00, 0x00, 0x00, 0x00, 0x00, 0x00, 0x00, 0x00, 0x00, 0x00, 0x00, 0x00, 0x00, 0x00, 0x00, 0x00, 0x00, 0x00, 0x00, 0x00, 0x00, 0x00, 0x00, 0x00, 0x00, 0x00, } },
  { .id = 1751, .a = 269, .b = 740, .token = {' ', 'c', 'r', 'i', 't', 0x00, 0x00, 0x00, 0x00, 0x00, 0x00, 0x00, 0x00, 0x00, 0x00, 0x00, 0x00, 0x00, 0x00, 0x00, 0x00, 0x00, 0x00, 0x00, 0x00, 0x00, 0x00, 0x00, 0x00, 0x00, 0x00, 0x00, } },
  { .id = 1752, .a = 1019, .b = 283, .token = {' ', 'c', 'o', 'n', 's', 'i', 'd', 'e', 'r', 'e', 'd', 0x00, 0x00, 0x00, 0x00, 0x00, 0x00, 0x00, 0x00, 0x00, 0x00, 0x00, 0x00, 0x00, 0x00, 0x00, 0x00, 0x00, 0x00, 0x00, 0x00, 0x00, } },
  { .id = 1753, .a = 304, .b = 513, .token = {' ', 'r', 'e', 'f', 'e', 'r', 0x00, 0x00, 0x00, 0x00, 0x00, 0x00, 0x00, 0x00, 0x00, 0x00, 0x00, 0x00, 0x00, 0x00, 0x00, 0x00, 0x00, 0x00, 0x00, 0x00, 0x00, 0x00, 0x00, 0x00, 0x00, 0x00, } },
  { .id = 1754, .a = 773, .b = 517, .token = {' ', 'l', 'o', 'c', 'a', 't', 'e', 'd', 0x00, 0x00, 0x00, 0x00, 0x00, 0x00, 0x00, 0x00, 0x00, 0x00, 0x00, 0x00, 0x00, 0x00, 0x00, 0x00, 0x00, 0x00, 0x00, 0x00, 0x00, 0x00, 0x00, 0x00, } },
  { .id = 1755, .a = 333, .b = 309, .token = {' ', 'c', 'o', 'n', 'v', 'e', 0x00, 0x00, 0x00, 0x00, 0x00, 0x00, 0x00, 0x00, 0x00, 0x00, 0x00, 0x00, 0x00, 0x00, 0x00, 0x00, 0x00, 0x00, 0x00, 0x00, 0x00, 0x00, 0x00, 0x00, 0x00, 0x00, } },
  { .id = 1756, .a = 372, .b = 110, .token = {'v', 'e', 'r', 'n', 0x00, 0x00, 0x00, 0x00, 0x00, 0x00, 0x00, 0x00, 0x00, 0x00, 0x00, 0x00, 0x00, 0x00, 0x00, 0x00, 0x00, 0x00, 0x00, 0x00, 0x00, 0x00, 0x00, 0x00, 0x00, 0x00, 0x00, 0x00, } },
  { .id = 1757, .a = 295, .b = 275, .token = {'a', 's', 'i', 'n', 'g', 0x00, 0x00, 0x00, 0x00, 0x00, 0x00, 0x00, 0x00, 0x00, 0x00, 0x00, 0x00, 0x00, 0x00, 0x00, 0x00, 0x00, 0x00, 0x00, 0x00, 0x00, 0x00, 0x00, 0x00, 0x00, 0x00, 0x00, } },
  { .id = 1758, .a = 119, .b = 798, .token = {'w', 'a', 'y', 's', 0x00, 0x00, 0x00, 0x00, 0x00, 0x00, 0x00, 0x00, 0x00, 0x00, 0x00, 0x00, 0x00, 0x00, 0x00, 0x00, 0x00, 0x00, 0x00, 0x00, 0x00, 0x00, 0x00, 0x00, 0x00, 0x00, 0x00, 0x00, } },
  { .id = 1759, .a = 572, .b = 115, .token = {' ', 'o', 't', 'h', 'e', 'r', 's', 0x00, 0x00, 0x00, 0x00, 0x00, 0x00, 0x00, 0x00, 0x00, 0x00, 0x00, 0x00, 0x00, 0x00, 0x00, 0x00, 0x00, 0x00, 0x00, 0x00, 0x00, 0x00, 0x00, 0x00, 0x00, } },
  { .id = 1760, .a = 274, .b = 419, .token = {' ', 'p', 'i', 'e', 0x00, 0x00, 0x00, 0x00, 0x00, 0x00, 0x00, 0x00, 0x00, 0x00, 0x00, 0x00, 0x00, 0x00, 0x00, 0x00, 0x00, 0x00, 0x00, 0x00, 0x00, 0x00, 0x00, 0x00, 0x00, 0x00, 0x00, 0x00, } },
  { .id = 1761, .a = 424, .b = 641, .token = {' ', 'r', 'a', 't', 'i', 'n', 'g', 0x00, 0x00, 0x00, 0x00, 0x00, 0x00, 0x00, 0x00, 0x00, 0x00, 0x00, 0x00, 0x00, 0x00, 0x00, 0x00, 0x00, 0x00, 0x00, 0x00, 0x00, 0x00, 0x00, 0x00, 0x00, } },
  { .id = 1762, .a = 114, .b = 275, .token = {'r', 'i', 'n', 'g', 0x00, 0x00, 0x00, 0x00, 0x00, 0x00, 0x00, 0x00, 0x00, 0x00, 0x00, 0x00, 0x00, 0x00, 0x00, 0x00, 0x00, 0x00, 0x00, 0x00, 0x00, 0x00, 0x00, 0x00, 0x00, 0x00, 0x00, 0x00, } },
  { .id = 1763, .a = 1085, .b = 1274, .token = {' ', 'd', 'i', 's', 'c', 'u', 's', 's', 0x00, 0x00, 0x00, 0x00, 0x00, 0x00, 0x00, 0x00, 0x00, 0x00, 0x00, 0x00, 0x00, 0x00, 0x00, 0x00, 0x00, 0x00, 0x00, 0x00, 0x00, 0x00, 0x00, 0x00, } },
  { .id = 1764, .a = 268, .b = 278, .token = {'a', 't', 'o', 'r', 0x00, 0x00, 0x00, 0x00, 0x00, 0x00, 0x00, 0x00, 0x00, 0x00, 0x00, 0x00, 0x00, 0x00, 0x00, 0x00, 0x00, 0x00, 0x00, 0x00, 0x00, 0x00, 0x00, 0x00, 0x00, 0x00, 0x00, 0x00, } },
  { .id = 1765, .a = 32, .b = 979, .token = {' ', 0xe2, 0x80, 0x00, 0x00, 0x00, 0x00, 0x00, 0x00, 0x00, 0x00, 0x00, 0x00, 0x00, 0x00, 0x00, 0x00, 0x00, 0x00, 0x00, 0x00, 0x00, 0x00, 0x00, 0x00, 0x00, 0x00, 0x00, 0x00, 0x00, 0x00, 0x00, } },
  { .id = 1766, .a = 32, .b = 315, .token = {' ', 'i', 'd', 0x00, 0x00, 0x00, 0x00, 0x00, 0x00, 0x00, 0x00, 0x00, 0x00, 0x00, 0x00, 0x00, 0x00, 0x00, 0x00, 0x00, 0x00, 0x00, 0x00, 0x00, 0x00, 0x00, 0x00, 0x00, 0x00, 0x00, 0x00, 0x00, } },
  { .id = 1767, .a = 696, .b = 264, .token = {' ', 's', 'c', 'e', 'n', 0x00, 0x00, 0x00, 0x00, 0x00, 0x00, 0x00, 0x00, 0x00, 0x00, 0x00, 0x00, 0x00, 0x00, 0x00, 0x00, 0x00, 0x00, 0x00, 0x00, 0x00, 0x00, 0x00, 0x00, 0x00, 0x00, 0x00, } },
  { .id = 1768, .a = 561, .b = 114, .token = {' ', 'a', 'r', 'r', 0x00, 0x00, 0x00, 0x00, 0x00, 0x00, 0x00, 0x00, 0x00, 0x00, 0x00, 0x00, 0x00, 0x00, 0x00, 0x00, 0x00, 0x00, 0x00, 0x00, 0x00, 0x00, 0x00, 0x00, 0x00, 0x00, 0x00, 0x00, } },
  { .id = 1769, .a = 118, .b = 282, .token = {'v', 'a', 'l', 0x00, 0x00, 0x00, 0x00, 0x00, 0x00, 0x00, 0x00, 0x00, 0x00, 0x00, 0x00, 0x00, 0x00, 0x00, 0x00, 0x00, 0x00, 0x00, 0x00, 0x00, 0x00, 0x00, 0x00, 0x00, 0x00, 0x00, 0x00, 0x00, } },
  { .id = 1770, .a = 319, .b = 422, .token = {' ', 's', 't', 'i', 'l', 'l', 0x00, 0x00, 0x00, 0x00, 0x00, 0x00, 0x00, 0x00, 0x00, 0x00, 0x00, 0x00, 0x00, 0x00, 0x00, 0x00, 0x00, 0x00, 0x00, 0x00, 0x00, 0x00, 0x00, 0x00, 0x00, 0x00, } },
  { .id = 1771, .a = 265, .b = 282, .token = {' ', 's', 'a', 'l', 0x00, 0x00, 0x00, 0x00, 0x00, 0x00, 0x00, 0x00, 0x00, 0x00, 0x00, 0x00, 0x00, 0x00, 0x00, 0x00, 0x00, 0x00, 0x00, 0x00, 0x00, 0x00, 0x00, 0x00, 0x00, 0x00, 0x00, 0x00, } },
  { .id = 1772, .a = 661, .b = 470, .token = {' ', 's', 'p', 'e', 'c', 'i', 'a', 'l', 0x00, 0x00, 0x00, 0x00, 0x00, 0x00, 0x00, 0x00, 0x00, 0x00, 0x00, 0x00, 0x00, 0x00, 0x00, 0x00, 0x00, 0x00, 0x00, 0x00, 0x00, 0x00, 0x00, 0x00, } },
  { .id = 1773, .a = 274, .b = 402, .token = {' ', 'p', 'a', 'i', 'n', 0x00, 0x00, 0x00, 0x00, 0x00, 0x00, 0x00, 0x00, 0x00, 0x00, 0x00, 0x00, 0x00, 0x00, 0x00, 0x00, 0x00, 0x00, 0x00, 0x00, 0x00, 0x00, 0x00, 0x00, 0x00, 0x00, 0x00, } },
  { .id = 1774, .a = 98, .b = 111, .token = {'b', 'o', 0x00, 0x00, 0x00, 0x00, 0x00, 0x00, 0x00, 0x00, 0x00, 0x00, 0x00, 0x00, 0x00, 0x00, 0x00, 0x00, 0x00, 0x00, 0x00, 0x00, 0x00, 0x00, 0x00, 0x00, 0x00, 0x00, 0x00, 0x00, 0x00, 0x00, } },
  { .id = 1775, .a = 332, .b = 99, .token = {' ', 'S', 'c', 0x00, 0x00, 0x00, 0x00, 0x00, 0x00, 0x00, 0x00, 0x00, 0x00, 0x00, 0x00, 0x00, 0x00, 0x00, 0x00, 0x00, 0x00, 0x00, 0x00, 0x00, 0x00, 0x00, 0x00, 0x00, 0x00, 0x00, 0x00, 0x00, } },
  { .id = 1776, .a = 73, .b = 73, .token = {'I', 'I', 0x00, 0x00, 0x00, 0x00, 0x00, 0x00, 0x00, 0x00, 0x00, 0x00, 0x00, 0x00, 0x00, 0x00, 0x00, 0x00, 0x00, 0x00, 0x00, 0x00, 0x00, 0x00, 0x00, 0x00, 0x00, 0x00, 0x00, 0x00, 0x00, 0x00, } },
  { .id = 1777, .a = 947, .b = 1556, .token = {' ', 's', 'i', 'm', 'i', 'l', 'a', 'r', 0x00, 0x00, 0x00, 0x00, 0x00, 0x00, 0x00, 0x00, 0x00, 0x00, 0x00, 0x00, 0x00, 0x00, 0x00, 0x00, 0x00, 0x00, 0x00, 0x00, 0x00, 0x00, 0x00, 0x00, } },
  { .id = 1778, .a = 115, .b = 99, .token = {'s', 'c', 0x00, 0x00, 0x00, 0x00, 0x00, 0x00, 0x00, 0x00, 0x00, 0x00, 0x00, 0x00, 0x00, 0x00, 0x00, 0x00, 0x00, 0x00, 0x00, 0x00, 0x00, 0x00, 0x00, 0x00, 0x00, 0x00, 0x00, 0x00, 0x00, 0x00, } },
  { .id = 1779, .a = 105, .b = 105, .token = {'i', 'i', 0x00, 0x00, 0x00, 0x00, 0x00, 0x00, 0x00, 0x00, 0x00, 0x00, 0x00, 0x00, 0x00, 0x00, 0x00, 0x00, 0x00, 0x00, 0x00, 0x00, 0x00, 0x00, 0x00, 0x00, 0x00, 0x00, 0x00, 0x00, 0x00, 0x00, } },
  { .id = 1780, .a = 395, .b = 278, .token = {' ', 'W', 'o', 'r', 0x00, 0x00, 0x00, 0x00, 0x00, 0x00, 0x00, 0x00, 0x00, 0x00, 0x00, 0x00, 0x00, 0x00, 0x00, 0x00, 0x00, 0x00, 0x00, 0x00, 0x00, 0x00, 0x00, 0x00, 0x00, 0x00, 0x00, 0x00, } },
  { .id = 1781, .a = 534, .b = 112, .token = {'o', 's', 'p', 0x00, 0x00, 0x00, 0x00, 0x00, 0x00, 0x00, 0x00, 0x00, 0x00, 0x00, 0x00, 0x00, 0x00, 0x00, 0x00, 0x00, 0x00, 0x00, 0x00, 0x00, 0x00, 0x00, 0x00, 0x00, 0x00, 0x00, 0x00, 0x00, } },
  { .id = 1782, .a = 407, .b = 1335, .token = {' ', 'P', 'r', 'e', 'm', 'i', 's', 'e', 0x00, 0x00, 0x00, 0x00, 0x00, 0x00, 0x00, 0x00, 0x00, 0x00, 0x00, 0x00, 0x00, 0x00, 0x00, 0x00, 0x00, 0x00, 0x00, 0x00, 0x00, 0x00, 0x00, 0x00, } },
  { .id = 1783, .a = 542, .b = 848, .token = {' ', 'j', 'o', 'b', 0x00, 0x00, 0x00, 0x00, 0x00, 0x00, 0x00, 0x00, 0x00, 0x00, 0x00, 0x00, 0x00, 0x00, 0x00, 0x00, 0x00, 0x00, 0x00, 0x00, 0x00, 0x00, 0x00, 0x00, 0x00, 0x00, 0x00, 0x00, } },
  { .id = 1784, .a = 297, .b = 750, .token = {' ', 't', 'h', 'i', 'n', 'g', 's', 0x00, 0x00, 0x00, 0x00, 0x00, 0x00, 0x00, 0x00, 0x00, 0x00, 0x00, 0x00, 0x00, 0x00, 0x00, 0x00, 0x00, 0x00, 0x00, 0x00, 0x00, 0x00, 0x00, 0x00, 0x00, } },
  { .id = 1785, .a = 267, .b = 262, .token = {'i', 's', 'o', 'n', 0x00, 0x00, 0x00, 0x00, 0x00, 0x00, 0x00, 0x00, 0x00, 0x00, 0x00, 0x00, 0x00, 0x00, 0x00, 0x00, 0x00, 0x00, 0x00, 0x00, 0x00, 0x00, 0x00, 0x00, 0x00, 0x00, 0x00, 0x00, } },
  { .id = 1786, .a = 315, .b = 115, .token = {'i', 'd', 's', 0x00, 0x00, 0x00, 0x00, 0x00, 0x00, 0x00, 0x00, 0x00, 0x00, 0x00, 0x00, 0x00, 0x00, 0x00, 0x00, 0x00, 0x00, 0x00, 0x00, 0x00, 0x00, 0x00, 0x00, 0x00, 0x00, 0x00, 0x00, 0x00, } },
  { .id = 1787, .a = 651, .b = 283, .token = {' ', 'p', 'l', 'a', 'y', 'e', 'd', 0x00, 0x00, 0x00, 0x00, 0x00, 0x00, 0x00, 0x00, 0x00, 0x00, 0x00, 0x00, 0x00, 0x00, 0x00, 0x00, 0x00, 0x00, 0x00, 0x00, 0x00, 0x00, 0x00, 0x00, 0x00, } },
  { .id = 1788, .a = 939, .b = 730, .token = {' ', 'f', 'a', 'c', 't', 'o', 'r', 's', 0x00, 0x00, 0x00, 0x00, 0x00, 0x00, 0x00, 0x00, 0x00, 0x00, 0x00, 0x00, 0x00, 0x00, 0x00, 0x00, 0x00, 0x00, 0x00, 0x00, 0x00, 0x00, 0x00, 0x00, } },
  { .id = 1789, .a = 279, .b = 1495, .token = {' ', 'f', 'u', 'r', 't', 'h', 'e', 'r', 0x00, 0x00, 0x00, 0x00, 0x00, 0x00, 0x00, 0x00, 0x00, 0x00, 0x00, 0x00, 0x00, 0x00, 0x00, 0x00, 0x00, 0x00, 0x00, 0x00, 0x00, 0x00, 0x00, 0x00, } },
  { .id = 1790, .a = 329, .b = 101, .token = {'u', 't', 'e', 0x00, 0x00, 0x00, 0x00, 0x00, 0x00, 0x00, 0x00, 0x00, 0x00, 0x00, 0x00, 0x00, 0x00, 0x00, 0x00, 0x00, 0x00, 0x00, 0x00, 0x00, 0x00, 0x00, 0x00, 0x00, 0x00, 0x00, 0x00, 0x00, } },
  { .id = 1791, .a = 702, .b = 1756, .token = {' ', 'g', 'o', 'v', 'e', 'r', 'n', 0x00, 0x00, 0x00, 0x00, 0x00, 0x00, 0x00, 0x00, 0x00, 0x00, 0x00, 0x00, 0x00, 0x00, 0x00, 0x00, 0x00, 0x00, 0x00, 0x00, 0x00, 0x00, 0x00, 0x00, 0x00, } },
  { .id = 1792, .a = 265, .b = 553, .token = {' ', 's', 'o', 'n', 'g', 0x00, 0x00, 0x00, 0x00, 0x00, 0x00, 0x00, 0x00, 0x00, 0x00, 0x00, 0x00, 0x00, 0x00, 0x00, 0x00, 0x00, 0x00, 0x00, 0x00, 0x00, 0x00, 0x00, 0x00, 0x00, 0x00, 0x00, } },
  { .id = 1793, .a = 387, .b = 556, .token = {'r', 'i', 'e', 'n', 'd', 0x00, 0x00, 0x00, 0x00, 0x00, 0x00, 0x00, 0x00, 0x00, 0x00, 0x00, 0x00, 0x00, 0x00, 0x00, 0x00, 0x00, 0x00, 0x00, 0x00, 0x00, 0x00, 0x00, 0x00, 0x00, 0x00, 0x00, } },
  { .id = 1794, .a = 477, .b = 110, .token = {' ', 'E', 'n', 0x00, 0x00, 0x00, 0x00, 0x00, 0x00, 0x00, 0x00, 0x00, 0x00, 0x00, 0x00, 0x00, 0x00, 0x00, 0x00, 0x00, 0x00, 0x00, 0x00, 0x00, 0x00, 0x00, 0x00, 0x00, 0x00, 0x00, 0x00, 0x00, } },
  { .id = 1795, .a = 269, .b = 608, .token = {' ', 'c', 'a', 'u', 's', 0x00, 0x00, 0x00, 0x00, 0x00, 0x00, 0x00, 0x00, 0x00, 0x00, 0x00, 0x00, 0x00, 0x00, 0x00, 0x00, 0x00, 0x00, 0x00, 0x00, 0x00, 0x00, 0x00, 0x00, 0x00, 0x00, 0x00, } },
  { .id = 1796, .a = 327, .b = 109, .token = {'i', 'r', 'm', 0x00, 0x00, 0x00, 0x00, 0x00, 0x00, 0x00, 0x00, 0x00, 0x00, 0x00, 0x00, 0x00, 0x00, 0x00, 0x00, 0x00, 0x00, 0x00, 0x00, 0x00, 0x00, 0x00, 0x00, 0x00, 0x00, 0x00, 0x00, 0x00, } },
  { .id = 1797, .a = 665, .b = 115, .token = {' ', 'n', 'e', 'e', 'd', 's', 0x00, 0x00, 0x00, 0x00, 0x00, 0x00, 0x00, 0x00, 0x00, 0x00, 0x00, 0x00, 0x00, 0x00, 0x00, 0x00, 0x00, 0x00, 0x00, 0x00, 0x00, 0x00, 0x00, 0x00, 0x00, 0x00, } },
  { .id = 1798, .a = 427, .b = 322, .token = {' ', 'p', 'l', 'a', 'n', 't', 0x00, 0x00, 0x00, 0x00, 0x00, 0x00, 0x00, 0x00, 0x00, 0x00, 0x00, 0x00, 0x00, 0x00, 0x00, 0x00, 0x00, 0x00, 0x00, 0x00, 0x00, 0x00, 0x00, 0x00, 0x00, 0x00, } },
  { .id = 1799, .a = 290, .b = 762, .token = {'a', 'r', 'i', 'l', 'y', 0x00, 0x00, 0x00, 0x00, 0x00, 0x00, 0x00, 0x00, 0x00, 0x00, 0x00, 0x00, 0x00, 0x00, 0x00, 0x00, 0x00, 0x00, 0x00, 0x00, 0x00, 0x00, 0x00, 0x00, 0x00, 0x00, 0x00, } },
  { .id = 1800, .a = 274, .b = 870, .token = {' ', 'p', 'r', 'a', 'c', 't', 0x00, 0x00, 0x00, 0x00, 0x00, 0x00, 0x00, 0x00, 0x00, 0x00, 0x00, 0x00, 0x00, 0x00, 0x00, 0x00, 0x00, 0x00, 0x00, 0x00, 0x00, 0x00, 0x00, 0x00, 0x00, 0x00, } },
  { .id = 1801, .a = 1352, .b = 1120, .token = {' ', 'e', 'd', 'u', 'c', 0x00, 0x00, 0x00, 0x00, 0x00, 0x00, 0x00, 0x00, 0x00, 0x00, 0x00, 0x00, 0x00, 0x00, 0x00, 0x00, 0x00, 0x00, 0x00, 0x00, 0x00, 0x00, 0x00, 0x00, 0x00, 0x00, 0x00, } },
  { .id = 1802, .a = 304, .b = 305, .token = {' ', 'r', 'e', 'c', 'e', 0x00, 0x00, 0x00, 0x00, 0x00, 0x00, 0x00, 0x00, 0x00, 0x00, 0x00, 0x00, 0x00, 0x00, 0x00, 0x00, 0x00, 0x00, 0x00, 0x00, 0x00, 0x00, 0x00, 0x00, 0x00, 0x00, 0x00, } },
  { .id = 1803, .a = 294, .b = 314, .token = {'i', 'c', 'a', 't', 'i', 'o', 'n', 0x00, 0x00, 0x00, 0x00, 0x00, 0x00, 0x00, 0x00, 0x00, 0x00, 0x00, 0x00, 0x00, 0x00, 0x00, 0x00, 0x00, 0x00, 0x00, 0x00, 0x00, 0x00, 0x00, 0x00, 0x00, } },
  { .id = 1804, .a = 961, .b = 102, .token = {' ', 's', 'a', 'f', 0x00, 0x00, 0x00, 0x00, 0x00, 0x00, 0x00, 0x00, 0x00, 0x00, 0x00, 0x00, 0x00, 0x00, 0x00, 0x00, 0x00, 0x00, 0x00, 0x00, 0x00, 0x00, 0x00, 0x00, 0x00, 0x00, 0x00, 0x00, } },
  { .id = 1805, .a = 795, .b = 655, .token = {' ', 'a', 'd', 'd', 'r', 'e', 's', 's', 0x00, 0x00, 0x00, 0x00, 0x00, 0x00, 0x00, 0x00, 0x00, 0x00, 0x00, 0x00, 0x00, 0x00, 0x00, 0x00, 0x00, 0x00, 0x00, 0x00, 0x00, 0x00, 0x00, 0x00, } },
  { .id = 1806, .a = 1187, .b = 121, .token = {'i', 'e', 't', 'y', 0x00, 0x00, 0x00, 0x00, 0x00, 0x00, 0x00, 0x00, 0x00, 0x00, 0x00, 0x00, 0x00, 0x00, 0x00, 0x00, 0x00, 0x00, 0x00, 0x00, 0x00, 0x00, 0x00, 0x00, 0x00, 0x00, 0x00, 0x00, } },
  { .id = 1807, .a = 99, .b = 468, .token = {'c', 'h', 'e', 's', 0x00, 0x00, 0x00, 0x00, 0x00, 0x00, 0x00, 0x00, 0x00, 0x00, 0x00, 0x00, 0x00, 0x00, 0x00, 0x00, 0x00, 0x00, 0x00, 0x00, 0x00, 0x00, 0x00, 0x00, 0x00, 0x00, 0x00, 0x00, } },
  { .id = 1808, .a = 492, .b = 101, .token = {' ', 'L', 'e', 0x00, 0x00, 0x00, 0x00, 0x00, 0x00, 0x00, 0x00, 0x00, 0x00, 0x00, 0x00, 0x00, 0x00, 0x00, 0x00, 0x00, 0x00, 0x00, 0x00, 0x00, 0x00, 0x00, 0x00, 0x00, 0x00, 0x00, 0x00, 0x00, } },
  { .id = 1809, .a = 291, .b = 349, .token = {' ', 'd', 'i', 'v', 0x00, 0x00, 0x00, 0x00, 0x00, 0x00, 0x00, 0x00, 0x00, 0x00, 0x00, 0x00, 0x00, 0x00, 0x00, 0x00, 0x00, 0x00, 0x00, 0x00, 0x00, 0x00, 0x00, 0x00, 0x00, 0x00, 0x00, 0x00, } },
  { .id = 1810, .a = 350, .b = 980, .token = {' ', 'p', 'r', 'o', 'g', 'r', 0x00, 0x00, 0x00, 0x00, 0x00, 0x00, 0x00, 0x00, 0x00, 0x00, 0x00, 0x00, 0x00, 0x00, 0x00, 0x00, 0x00, 0x00, 0x00, 0x00, 0x00, 0x00, 0x00, 0x00, 0x00, 0x00, } },
  { .id = 1811, .a = 403, .b = 358, .token = {' ', 'h', 'e', 'a', 'd', 0x00, 0x00, 0x00, 0x00, 0x00, 0x00, 0x00, 0x00, 0x00, 0x00, 0x00, 0x00, 0x00, 0x00, 0x00, 0x00, 0x00, 0x00, 0x00, 0x00, 0x00, 0x00, 0x00, 0x00, 0x00, 0x00, 0x00, } },
  { .id = 1812, .a = 308, .b = 832, .token = {' ', 'l', 'o', 'v', 'e', 0x00, 0x00, 0x00, 0x00, 0x00, 0x00, 0x00, 0x00, 0x00, 0x00, 0x00, 0x00, 0x00, 0x00, 0x00, 0x00, 0x00, 0x00, 0x00, 0x00, 0x00, 0x00, 0x00, 0x00, 0x00, 0x00, 0x00, } },
  { .id = 1813, .a = 304, .b = 359, .token = {' ', 'r', 'e', 's', 'e', 0x00, 0x00, 0x00, 0x00, 0x00, 0x00, 0x00, 0x00, 0x00, 0x00, 0x00, 0x00, 0x00, 0x00, 0x00, 0x00, 0x00, 0x00, 0x00, 0x00, 0x00, 0x00, 0x00, 0x00, 0x00, 0x00, 0x00, } },
  { .id = 1814, .a = 1195, .b = 260, .token = {' ', 'd', 'e', 'f', 'i', 'n', 0x00, 0x00, 0x00, 0x00, 0x00, 0x00, 0x00, 0x00, 0x00, 0x00, 0x00, 0x00, 0x00, 0x00, 0x00, 0x00, 0x00, 0x00, 0x00, 0x00, 0x00, 0x00, 0x00, 0x00, 0x00, 0x00, } },
  { .id = 1815, .a = 549, .b = 1618, .token = {' ', 'J', 'o', 'h', 'n', 0x00, 0x00, 0x00, 0x00, 0x00, 0x00, 0x00, 0x00, 0x00, 0x00, 0x00, 0x00, 0x00, 0x00, 0x00, 0x00, 0x00, 0x00, 0x00, 0x00, 0x00, 0x00, 0x00, 0x00, 0x00, 0x00, 0x00, } },
  { .id = 1816, .a = 1192, .b = 110, .token = {' ', 'l', 'e', 'a', 'r', 'n', 0x00, 0x00, 0x00, 0x00, 0x00, 0x00, 0x00, 0x00, 0x00, 0x00, 0x00, 0x00, 0x00, 0x00, 0x00, 0x00, 0x00, 0x00, 0x00, 0x00, 0x00, 0x00, 0x00, 0x00, 0x00, 0x00, } },
  { .id = 1817, .a = 1455, .b = 309, .token = {' ', 'i', 'm', 'p', 'r', 'o', 'v', 'e', 0x00, 0x00, 0x00, 0x00, 0x00, 0x00, 0x00, 0x00, 0x00, 0x00, 0x00, 0x00, 0x00, 0x00, 0x00, 0x00, 0x00, 0x00, 0x00, 0x00, 0x00, 0x00, 0x00, 0x00, } },
  { .id = 1818, .a = 658, .b = 57, .token = {'1', '9', '9', 0x00, 0x00, 0x00, 0x00, 0x00, 0x00, 0x00, 0x00, 0x00, 0x00, 0x00, 0x00, 0x00, 0x00, 0x00, 0x00, 0x00, 0x00, 0x00, 0x00, 0x00, 0x00, 0x00, 0x00, 0x00, 0x00, 0x00, 0x00, 0x00, } },
  { .id = 1819, .a = 1265, .b = 469, .token = {' ', 'e', 'x', 'a', 'm', 'p', 'l', 'e', 0x00, 0x00, 0x00, 0x00, 0x00, 0x00, 0x00, 0x00, 0x00, 0x00, 0x00, 0x00, 0x00, 0x00, 0x00, 0x00, 0x00, 0x00, 0x00, 0x00, 0x00, 0x00, 0x00, 0x00, } },
  { .id = 1820, .a = 274, .b = 329, .token = {' ', 'p', 'u', 't', 0x00, 0x00, 0x00, 0x00, 0x00, 0x00, 0x00, 0x00, 0x00, 0x00, 0x00, 0x00, 0x00, 0x00, 0x00, 0x00, 0x00, 0x00, 0x00, 0x00, 0x00, 0x00, 0x00, 0x00, 0x00, 0x00, 0x00, 0x00, } },
  { .id = 1821, .a = 308, .b = 1428, .token = {' ', 'l', 'o', 'o', 'k', 'i', 'n', 'g', 0x00, 0x00, 0x00, 0x00, 0x00, 0x00, 0x00, 0x00, 0x00, 0x00, 0x00, 0x00, 0x00, 0x00, 0x00, 0x00, 0x00, 0x00, 0x00, 0x00, 0x00, 0x00, 0x00, 0x00, } },
  { .id = 1822, .a = 566, .b = 329, .token = {' ', 'c', 'o', 'm', 'p', 'u', 't', 0x00, 0x00, 0x00, 0x00, 0x00, 0x00, 0x00, 0x00, 0x00, 0x00, 0x00, 0x00, 0x00, 0x00, 0x00, 0x00, 0x00, 0x00, 0x00, 0x00, 0x00, 0x00, 0x00, 0x00, 0x00, } },
  { .id = 1823, .a = 1568, .b = 821, .token = {' ', 's', 'p', 'e', 'c', 'i', 'f', 'i', 'c', 'a', 'l', 'l', 'y', 0x00, 0x00, 0x00, 0x00, 0x00, 0x00, 0x00, 0x00, 0x00, 0x00, 0x00, 0x00, 0x00, 0x00, 0x00, 0x00, 0x00, 0x00, 0x00, } },
  { .id = 1824, .a = 979, .b = 153, .token = {0xe2, 0x80, 0x99, 0x00, 0x00, 0x00, 0x00, 0x00, 0x00, 0x00, 0x00, 0x00, 0x00, 0x00, 0x00, 0x00, 0x00, 0x00, 0x00, 0x00, 0x00, 0x00, 0x00, 0x00, 0x00, 0x00, 0x00, 0x00, 0x00, 0x00, 0x00, 0x00, } },
  { .id = 1825, .a = 708, .b = 377, .token = {' ', 'a', 'c', 'c', 'e', 's', 's', 0x00, 0x00, 0x00, 0x00, 0x00, 0x00, 0x00, 0x00, 0x00, 0x00, 0x00, 0x00, 0x00, 0x00, 0x00, 0x00, 0x00, 0x00, 0x00, 0x00, 0x00, 0x00, 0x00, 0x00, 0x00, } },
  { .id = 1826, .a = 1012, .b = 276, .token = {' ', 'p', 'o', 'l', 'i', 't', 0x00, 0x00, 0x00, 0x00, 0x00, 0x00, 0x00, 0x00, 0x00, 0x00, 0x00, 0x00, 0x00, 0x00, 0x00, 0x00, 0x00, 0x00, 0x00, 0x00, 0x00, 0x00, 0x00, 0x00, 0x00, 0x00, } },
  { .id = 1827, .a = 114, .b = 358, .token = {'r', 'a', 'd', 0x00, 0x00, 0x00, 0x00, 0x00, 0x00, 0x00, 0x00, 0x00, 0x00, 0x00, 0x00, 0x00, 0x00, 0x00, 0x00, 0x00, 0x00, 0x00, 0x00, 0x00, 0x00, 0x00, 0x00, 0x00, 0x00, 0x00, 0x00, 0x00, } },
  { .id = 1828, .a = 419, .b = 309, .token = {'i', 'e', 'v', 'e', 0x00, 0x00, 0x00, 0x00, 0x00, 0x00, 0x00, 0x00, 0x00, 0x00, 0x00, 0x00, 0x00, 0x00, 0x00, 0x00, 0x00, 0x00, 0x00, 0x00, 0x00, 0x00, 0x00, 0x00, 0x00, 0x00, 0x00, 0x00, } },
  { .id = 1829, .a = 97, .b = 119, .token = {'a', 'w', 0x00, 0x00, 0x00, 0x00, 0x00, 0x00, 0x00, 0x00, 0x00, 0x00, 0x00, 0x00, 0x00, 0x00, 0x00, 0x00, 0x00, 0x00, 0x00, 0x00, 0x00, 0x00, 0x00, 0x00, 0x00, 0x00, 0x00, 0x00, 0x00, 0x00, } },
  { .id = 1830, .a = 410, .b = 101, .token = {' ', 'w', 'e', 'e', 0x00, 0x00, 0x00, 0x00, 0x00, 0x00, 0x00, 0x00, 0x00, 0x00, 0x00, 0x00, 0x00, 0x00, 0x00, 0x00, 0x00, 0x00, 0x00, 0x00, 0x00, 0x00, 0x00, 0x00, 0x00, 0x00, 0x00, 0x00, } },
  { .id = 1831, .a = 1362, .b = 537, .token = {' ', 'p', 'h', 'r', 'a', 's', 'e', 0x00, 0x00, 0x00, 0x00, 0x00, 0x00, 0x00, 0x00, 0x00, 0x00, 0x00, 0x00, 0x00, 0x00, 0x00, 0x00, 0x00, 0x00, 0x00, 0x00, 0x00, 0x00, 0x00, 0x00, 0x00, } },
  { .id = 1832, .a = 98, .b = 397, .token = {'b', 'u', 'm', 0x00, 0x00, 0x00, 0x00, 0x00, 0x00, 0x00, 0x00, 0x00, 0x00, 0x00, 0x00, 0x00, 0x00, 0x00, 0x00, 0x00, 0x00, 0x00, 0x00, 0x00, 0x00, 0x00, 0x00, 0x00, 0x00, 0x00, 0x00, 0x00, } },
  { .id = 1833, .a = 337, .b = 115, .token = {'a', 'm', 's', 0x00, 0x00, 0x00, 0x00, 0x00, 0x00, 0x00, 0x00, 0x00, 0x00, 0x00, 0x00, 0x00, 0x00, 0x00, 0x00, 0x00, 0x00, 0x00, 0x00, 0x00, 0x00, 0x00, 0x00, 0x00, 0x00, 0x00, 0x00, 0x00, } },
  { .id = 1834, .a = 609, .b = 470, .token = {'a', 't', 'e', 'r', 'i', 'a', 'l', 0x00, 0x00, 0x00, 0x00, 0x00, 0x00, 0x00, 0x00, 0x00, 0x00, 0x00, 0x00, 0x00, 0x00, 0x00, 0x00, 0x00, 0x00, 0x00, 0x00, 0x00, 0x00, 0x00, 0x00, 0x00, } },
  { .id = 1835, .a = 1224, .b = 470, .token = {' ', 's', 'o', 'c', 'i', 'a', 'l', 0x00, 0x00, 0x00, 0x00, 0x00, 0x00, 0x00, 0x00, 0x00, 0x00, 0x00, 0x00, 0x00, 0x00, 0x00, 0x00, 0x00, 0x00, 0x00, 0x00, 0x00, 0x00, 0x00, 0x00, 0x00, } },
  { .id = 1836, .a = 49, .b = 49, .token = {'1', '1', 0x00, 0x00, 0x00, 0x00, 0x00, 0x00, 0x00, 0x00, 0x00, 0x00, 0x00, 0x00, 0x00, 0x00, 0x00, 0x00, 0x00, 0x00, 0x00, 0x00, 0x00, 0x00, 0x00, 0x00, 0x00, 0x00, 0x00, 0x00, 0x00, 0x00, } },
  { .id = 1837, .a = 407, .b = 108, .token = {' ', 'P', 'l', 0x00, 0x00, 0x00, 0x00, 0x00, 0x00, 0x00, 0x00, 0x00, 0x00, 0x00, 0x00, 0x00, 0x00, 0x00, 0x00, 0x00, 0x00, 0x00, 0x00, 0x00, 0x00, 0x00, 0x00, 0x00, 0x00, 0x00, 0x00, 0x00, } },
  { .id = 1838, .a = 273, .b = 260, .token = {' ', 'w', 'i', 'n', 0x00, 0x00, 0x00, 0x00, 0x00, 0x00, 0x00, 0x00, 0x00, 0x00, 0x00, 0x00, 0x00, 0x00, 0x00, 0x00, 0x00, 0x00, 0x00, 0x00, 0x00, 0x00, 0x00, 0x00, 0x00, 0x00, 0x00, 0x00, } },
  { .id = 1839, .a = 632, .b = 278, .token = {'a', 'v', 'o', 'r', 0x00, 0x00, 0x00, 0x00, 0x00, 0x00, 0x00, 0x00, 0x00, 0x00, 0x00, 0x00, 0x00, 0x00, 0x00, 0x00, 0x00, 0x00, 0x00, 0x00, 0x00, 0x00, 0x00, 0x00, 0x00, 0x00, 0x00, 0x00, } },
  { .id = 1840, .a = 849, .b = 105, .token = {' ', 'e', 'x', 'p', 'e', 'r', 'i', 0x00, 0x00, 0x00, 0x00, 0x00, 0x00, 0x00, 0x00, 0x00, 0x00, 0x00, 0x00, 0x00, 0x00, 0x00, 0x00, 0x00, 0x00, 0x00, 0x00, 0x00, 0x00, 0x00, 0x00, 0x00, } },
  { .id = 1841, .a = 363, .b = 314, .token = {'u', 'l', 'a', 't', 'i', 'o', 'n', 0x00, 0x00, 0x00, 0x00, 0x00, 0x00, 0x00, 0x00, 0x00, 0x00, 0x00, 0x00, 0x00, 0x00, 0x00, 0x00, 0x00, 0x00, 0x00, 0x00, 0x00, 0x00, 0x00, 0x00, 0x00, } },
  { .id = 1842, .a = 748, .b = 316, .token = {'f', 'u', 'l', 'l', 'y', 0x00, 0x00, 0x00, 0x00, 0x00, 0x00, 0x00, 0x00, 0x00, 0x00, 0x00, 0x00, 0x00, 0x00, 0x00, 0x00, 0x00, 0x00, 0x00, 0x00, 0x00, 0x00, 0x00, 0x00, 0x00, 0x00, 0x00, } },
  { .id = 1843, .a = 364, .b = 588, .token = {' ', 'w', 'h', 'i', 't', 'e', 0x00, 0x00, 0x00, 0x00, 0x00, 0x00, 0x00, 0x00, 0x00, 0x00, 0x00, 0x00, 0x00, 0x00, 0x00, 0x00, 0x00, 0x00, 0x00, 0x00, 0x00, 0x00, 0x00, 0x00, 0x00, 0x00, } },
  { .id = 1844, .a = 299, .b = 1247, .token = {' ', 'h', 'o', 'u', 's', 'e', 0x00, 0x00, 0x00, 0x00, 0x00, 0x00, 0x00, 0x00, 0x00, 0x00, 0x00, 0x00, 0x00, 0x00, 0x00, 0x00, 0x00, 0x00, 0x00, 0x00, 0x00, 0x00, 0x00, 0x00, 0x00, 0x00, } },
  { .id = 1845, .a = 257, .b = 1142, .token = {' ', 't', 'i', 't', 'l', 'e', 0x00, 0x00, 0x00, 0x00, 0x00, 0x00, 0x00, 0x00, 0x00, 0x00, 0x00, 0x00, 0x00, 0x00, 0x00, 0x00, 0x00, 0x00, 0x00, 0x00, 0x00, 0x00, 0x00, 0x00, 0x00, 0x00, } },
  { .id = 1846, .a = 304, .b = 282, .token = {' ', 'r', 'e', 'a', 'l', 0x00, 0x00, 0x00, 0x00, 0x00, 0x00, 0x00, 0x00, 0x00, 0x00, 0x00, 0x00, 0x00, 0x00, 0x00, 0x00, 0x00, 0x00, 0x00, 0x00, 0x00, 0x00, 0x00, 0x00, 0x00, 0x00, 0x00, } },
  { .id = 1847, .a = 1393, .b = 1042, .token = {' ', 'p', 'u', 'b', 'l', 'i', 'c', 0x00, 0x00, 0x00, 0x00, 0x00, 0x00, 0x00, 0x00, 0x00, 0x00, 0x00, 0x00, 0x00, 0x00, 0x00, 0x00, 0x00, 0x00, 0x00, 0x00, 0x00, 0x00, 0x00, 0x00, 0x00, } },
  { .id = 1848, .a = 105, .b = 512, .token = {'i', 'a', 'b', 'l', 'e', 0x00, 0x00, 0x00, 0x00, 0x00, 0x00, 0x00, 0x00, 0x00, 0x00, 0x00, 0x00, 0x00, 0x00, 0x00, 0x00, 0x00, 0x00, 0x00, 0x00, 0x00, 0x00, 0x00, 0x00, 0x00, 0x00, 0x00, } },
  { .id = 1849, .a = 259, .b = 1253, .token = {' ', 'a', 'w', 'a', 'y', 0x00, 0x00, 0x00, 0x00, 0x00, 0x00, 0x00, 0x00, 0x00, 0x00, 0x00, 0x00, 0x00, 0x00, 0x00, 0x00, 0x00, 0x00, 0x00, 0x00, 0x00, 0x00, 0x00, 0x00, 0x00, 0x00, 0x00, } },
  { .id = 1850, .a = 265, .b = 1292, .token = {' ', 's', 'i', 'd', 'e', 's', 0x00, 0x00, 0x00, 0x00, 0x00, 0x00, 0x00, 0x00, 0x00, 0x00, 0x00, 0x00, 0x00, 0x00, 0x00, 0x00, 0x00, 0x00, 0x00, 0x00, 0x00, 0x00, 0x00, 0x00, 0x00, 0x00, } },
  { .id = 1851, .a = 297, .b = 275, .token = {' ', 't', 'h', 'i', 'n', 'g', 0x00, 0x00, 0x00, 0x00, 0x00, 0x00, 0x00, 0x00, 0x00, 0x00, 0x00, 0x00, 0x00, 0x00, 0x00, 0x00, 0x00, 0x00, 0x00, 0x00, 0x00, 0x00, 0x00, 0x00, 0x00, 0x00, } },
  { .id = 1852, .a = 430, .b = 565, .token = {'e', 'm', 'b', 'e', 'r', 0x00, 0x00, 0x00, 0x00, 0x00, 0x00, 0x00, 0x00, 0x00, 0x00, 0x00, 0x00, 0x00, 0x00, 0x00, 0x00, 0x00, 0x00, 0x00, 0x00, 0x00, 0x00, 0x00, 0x00, 0x00, 0x00, 0x00, } },
  { .id = 1853, .a = 690, .b = 307, .token = {'c', 'o', 'n', 'o', 'm', 0x00, 0x00, 0x00, 0x00, 0x00, 0x00, 0x00, 0x00, 0x00, 0x00, 0x00, 0x00, 0x00, 0x00, 0x00, 0x00, 0x00, 0x00, 0x00, 0x00, 0x00, 0x00, 0x00, 0x00, 0x00, 0x00, 0x00, } },
  { .id = 1854, .a = 265, .b = 933, .token = {' ', 's', 'i', 'n', 'c', 'e', 0x00, 0x00, 0x00, 0x00, 0x00, 0x00, 0x00, 0x00, 0x00, 0x00, 0x00, 0x00, 0x00, 0x00, 0x00, 0x00, 0x00, 0x00, 0x00, 0x00, 0x00, 0x00, 0x00, 0x00, 0x00, 0x00, } },
  { .id = 1855, .a = 810, .b = 309, .token = {' ', 's', 'o', 'l', 'v', 'e', 0x00, 0x00, 0x00, 0x00, 0x00, 0x00, 0x00, 0x00, 0x00, 0x00, 0x00, 0x00, 0x00, 0x00, 0x00, 0x00, 0x00, 0x00, 0x00, 0x00, 0x00, 0x00, 0x00, 0x00, 0x00, 0x00, } },
  { .id = 1856, .a = 1594, .b = 501, .token = {' ', 't', 'e', 'm', 'p', 'e', 'r', 0x00, 0x00, 0x00, 0x00, 0x00, 0x00, 0x00, 0x00, 0x00, 0x00, 0x00, 0x00, 0x00, 0x00, 0x00, 0x00, 0x00, 0x00, 0x00, 0x00, 0x00, 0x00, 0x00, 0x00, 0x00, } },
  { .id = 1857, .a = 666, .b = 1431, .token = {' ', 'd', 'e', 't', 'a', 'i', 'l', 's', 0x00, 0x00, 0x00, 0x00, 0x00, 0x00, 0x00, 0x00, 0x00, 0x00, 0x00, 0x00, 0x00, 0x00, 0x00, 0x00, 0x00, 0x00, 0x00, 0x00, 0x00, 0x00, 0x00, 0x00, } },
  { .id = 1858, .a = 118, .b = 893, .token = {'v', 'i', 'c', 'e', 's', 0x00, 0x00, 0x00, 0x00, 0x00, 0x00, 0x00, 0x00, 0x00, 0x00, 0x00, 0x00, 0x00, 0x00, 0x00, 0x00, 0x00, 0x00, 0x00, 0x00, 0x00, 0x00, 0x00, 0x00, 0x00, 0x00, 0x00, } },
  { .id = 1859, .a = 1044, .b = 275, .token = {' ', 'u', 'n', 'd', 'e', 'r', 's', 't', 'a', 'n', 'd', 'i', 'n', 'g', 0x00, 0x00, 0x00, 0x00, 0x00, 0x00, 0x00, 0x00, 0x00, 0x00, 0x00, 0x00, 0x00, 0x00, 0x00, 0x00, 0x00, 0x00, } },
  { .id = 1860, .a = 97, .b = 388, .token = {'a', 'p', 'e', 0x00, 0x00, 0x00, 0x00, 0x00, 0x00, 0x00, 0x00, 0x00, 0x00, 0x00, 0x00, 0x00, 0x00, 0x00, 0x00, 0x00, 0x00, 0x00, 0x00, 0x00, 0x00, 0x00, 0x00, 0x00, 0x00, 0x00, 0x00, 0x00, } },
  { .id = 1861, .a = 105, .b = 397, .token = {'i', 'u', 'm', 0x00, 0x00, 0x00, 0x00, 0x00, 0x00, 0x00, 0x00, 0x00, 0x00, 0x00, 0x00, 0x00, 0x00, 0x00, 0x00, 0x00, 0x00, 0x00, 0x00, 0x00, 0x00, 0x00, 0x00, 0x00, 0x00, 0x00, 0x00, 0x00, } },
  { .id = 1862, .a = 1192, .b = 767, .token = {' ', 'l', 'e', 'a', 'r', 'n', 'i', 'n', 'g', 0x00, 0x00, 0x00, 0x00, 0x00, 0x00, 0x00, 0x00, 0x00, 0x00, 0x00, 0x00, 0x00, 0x00, 0x00, 0x00, 0x00, 0x00, 0x00, 0x00, 0x00, 0x00, 0x00, } },
  { .id = 1863, .a = 302, .b = 1142, .token = {' ', 'T', 'i', 't', 'l', 'e', 0x00, 0x00, 0x00, 0x00, 0x00, 0x00, 0x00, 0x00, 0x00, 0x00, 0x00, 0x00, 0x00, 0x00, 0x00, 0x00, 0x00, 0x00, 0x00, 0x00, 0x00, 0x00, 0x00, 0x00, 0x00, 0x00, } },
  { .id = 1864, .a = 1190, .b = 885, .token = {' ', 'p', 'o', 'p', 'u', 'l', 'a', 'r', 0x00, 0x00, 0x00, 0x00, 0x00, 0x00, 0x00, 0x00, 0x00, 0x00, 0x00, 0x00, 0x00, 0x00, 0x00, 0x00, 0x00, 0x00, 0x00, 0x00, 0x00, 0x00, 0x00, 0x00, } },
  { .id = 1865, .a = 259, .b = 880, .token = {' ', 'a', 'f', 'f', 'e', 'c', 't', 0x00, 0x00, 0x00, 0x00, 0x00, 0x00, 0x00, 0x00, 0x00, 0x00, 0x00, 0x00, 0x00, 0x00, 0x00, 0x00, 0x00, 0x00, 0x00, 0x00, 0x00, 0x00, 0x00, 0x00, 0x00, } },
  { .id = 1866, .a = 1011, .b = 271, .token = {' ', 'c', 'l', 'e', 'a', 'n', 0x00, 0x00, 0x00, 0x00, 0x00, 0x00, 0x00, 0x00, 0x00, 0x00, 0x00, 0x00, 0x00, 0x00, 0x00, 0x00, 0x00, 0x00, 0x00, 0x00, 0x00, 0x00, 0x00, 0x00, 0x00, 0x00, } },
  { .id = 1867, .a = 594, .b = 400, .token = {' ', 'a', 'c', 't', 'i', 'o', 'n', 's', 0x00, 0x00, 0x00, 0x00, 0x00, 0x00, 0x00, 0x00, 0x00, 0x00, 0x00, 0x00, 0x00, 0x00, 0x00, 0x00, 0x00, 0x00, 0x00, 0x00, 0x00, 0x00, 0x00, 0x00, } },
  { .id = 1868, .a = 426, .b = 436, .token = {' ', 'c', 'h', 'a', 'l', 'l', 0x00, 0x00, 0x00, 0x00, 0x00, 0x00, 0x00, 0x00, 0x00, 0x00, 0x00, 0x00, 0x00, 0x00, 0x00, 0x00, 0x00, 0x00, 0x00, 0x00, 0x00, 0x00, 0x00, 0x00, 0x00, 0x00, } },
  { .id = 1869, .a = 268, .b = 294, .token = {'a', 't', 'i', 'c', 0x00, 0x00, 0x00, 0x00, 0x00, 0x00, 0x00, 0x00, 0x00, 0x00, 0x00, 0x00, 0x00, 0x00, 0x00, 0x00, 0x00, 0x00, 0x00, 0x00, 0x00, 0x00, 0x00, 0x00, 0x00, 0x00, 0x00, 0x00, } },
  { .id = 1870, .a = 299, .b = 963, .token = {' ', 'h', 'o', 'l', 'd', 0x00, 0x00, 0x00, 0x00, 0x00, 0x00, 0x00, 0x00, 0x00, 0x00, 0x00, 0x00, 0x00, 0x00, 0x00, 0x00, 0x00, 0x00, 0x00, 0x00, 0x00, 0x00, 0x00, 0x00, 0x00, 0x00, 0x00, } },
  { .id = 1871, .a = 395, .b = 926, .token = {' ', 'W', 'h', 'e', 'n', 0x00, 0x00, 0x00, 0x00, 0x00, 0x00, 0x00, 0x00, 0x00, 0x00, 0x00, 0x00, 0x00, 0x00, 0x00, 0x00, 0x00, 0x00, 0x00, 0x00, 0x00, 0x00, 0x00, 0x00, 0x00, 0x00, 0x00, } },
  { .id = 1872, .a = 566, .b = 313, .token = {' ', 'c', 'o', 'm', 'p', 'e', 't', 0x00, 0x00, 0x00, 0x00, 0x00, 0x00, 0x00, 0x00, 0x00, 0x00, 0x00, 0x00, 0x00, 0x00, 0x00, 0x00, 0x00, 0x00, 0x00, 0x00, 0x00, 0x00, 0x00, 0x00, 0x00, } },
  { .id = 1873, .a = 104, .b = 278, .token = {'h', 'o', 'r', 0x00, 0x00, 0x00, 0x00, 0x00, 0x00, 0x00, 0x00, 0x00, 0x00, 0x00, 0x00, 0x00, 0x00, 0x00, 0x00, 0x00, 0x00, 0x00, 0x00, 0x00, 0x00, 0x00, 0x00, 0x00, 0x00, 0x00, 0x00, 0x00, } },
  { .id = 1874, .a = 269, .b = 567, .token = {' ', 'c', 'u', 'l', 't', 0x00, 0x00, 0x00, 0x00, 0x00, 0x00, 0x00, 0x00, 0x00, 0x00, 0x00, 0x00, 0x00, 0x00, 0x00, 0x00, 0x00, 0x00, 0x00, 0x00, 0x00, 0x00, 0x00, 0x00, 0x00, 0x00, 0x00, } },
  { .id = 1875, .a = 361, .b = 471, .token = {' ', 'a', 's', 'k', 'i', 'n', 'g', 0x00, 0x00, 0x00, 0x00, 0x00, 0x00, 0x00, 0x00, 0x00, 0x00, 0x00, 0x00, 0x00, 0x00, 0x00, 0x00, 0x00, 0x00, 0x00, 0x00, 0x00, 0x00, 0x00, 0x00, 0x00, } },
  { .id = 1876, .a = 273, .b = 262, .token = {' ', 'w', 'o', 'n', 0x00, 0x00, 0x00, 0x00, 0x00, 0x00, 0x00, 0x00, 0x00, 0x00, 0x00, 0x00, 0x00, 0x00, 0x00, 0x00, 0x00, 0x00, 0x00, 0x00, 0x00, 0x00, 0x00, 0x00, 0x00, 0x00, 0x00, 0x00, } },
  { .id = 1877, .a = 393, .b = 1832, .token = {' ', 'a', 'l', 'b', 'u', 'm', 0x00, 0x00, 0x00, 0x00, 0x00, 0x00, 0x00, 0x00, 0x00, 0x00, 0x00, 0x00, 0x00, 0x00, 0x00, 0x00, 0x00, 0x00, 0x00, 0x00, 0x00, 0x00, 0x00, 0x00, 0x00, 0x00, } },
  { .id = 1878, .a = 877, .b = 871, .token = {'i', 'b', 'i', 'l', 'i', 't', 'y', 0x00, 0x00, 0x00, 0x00, 0x00, 0x00, 0x00, 0x00, 0x00, 0x00, 0x00, 0x00, 0x00, 0x00, 0x00, 0x00, 0x00, 0x00, 0x00, 0x00, 0x00, 0x00, 0x00, 0x00, 0x00, } },
  { .id = 1879, .a = 1492, .b = 313, .token = {' ', 'm', 'a', 'r', 'k', 'e', 't', 0x00, 0x00, 0x00, 0x00, 0x00, 0x00, 0x00, 0x00, 0x00, 0x00, 0x00, 0x00, 0x00, 0x00, 0x00, 0x00, 0x00, 0x00, 0x00, 0x00, 0x00, 0x00, 0x00, 0x00, 0x00, } },
  { .id = 1880, .a = 103, .b = 264, .token = {'g', 'e', 'n', 0x00, 0x00, 0x00, 0x00, 0x00, 0x00, 0x00, 0x00, 0x00, 0x00, 0x00, 0x00, 0x00, 0x00, 0x00, 0x00, 0x00, 0x00, 0x00, 0x00, 0x00, 0x00, 0x00, 0x00, 0x00, 0x00, 0x00, 0x00, 0x00, } },
  { .id = 1881, .a = 1519, .b = 450, .token = {' ', 'p', 'r', 'o', 't', 'e', 'c', 't', 0x00, 0x00, 0x00, 0x00, 0x00, 0x00, 0x00, 0x00, 0x00, 0x00, 0x00, 0x00, 0x00, 0x00, 0x00, 0x00, 0x00, 0x00, 0x00, 0x00, 0x00, 0x00, 0x00, 0x00, } },
  { .id = 1882, .a = 265, .b = 108, .token = {' ', 's', 'l', 0x00, 0x00, 0x00, 0x00, 0x00, 0x00, 0x00, 0x00, 0x00, 0x00, 0x00, 0x00, 0x00, 0x00, 0x00, 0x00, 0x00, 0x00, 0x00, 0x00, 0x00, 0x00, 0x00, 0x00, 0x00, 0x00, 0x00, 0x00, 0x00, } },
  { .id = 1883, .a = 1766, .b = 786, .token = {' ', 'i', 'd', 'e', 'n', 't', 'i', 'f', 'y', 0x00, 0x00, 0x00, 0x00, 0x00, 0x00, 0x00, 0x00, 0x00, 0x00, 0x00, 0x00, 0x00, 0x00, 0x00, 0x00, 0x00, 0x00, 0x00, 0x00, 0x00, 0x00, 0x00, } },
  { .id = 1884, .a = 287, .b = 1834, .token = {' ', 'm', 'a', 't', 'e', 'r', 'i', 'a', 'l', 0x00, 0x00, 0x00, 0x00, 0x00, 0x00, 0x00, 0x00, 0x00, 0x00, 0x00, 0x00, 0x00, 0x00, 0x00, 0x00, 0x00, 0x00, 0x00, 0x00, 0x00, 0x00, 0x00, } },
  { .id = 1885, .a = 109, .b = 271, .token = {'m', 'a', 'n', 0x00, 0x00, 0x00, 0x00, 0x00, 0x00, 0x00, 0x00, 0x00, 0x00, 0x00, 0x00, 0x00, 0x00, 0x00, 0x00, 0x00, 0x00, 0x00, 0x00, 0x00, 0x00, 0x00, 0x00, 0x00, 0x00, 0x00, 0x00, 0x00, } },
  { .id = 1886, .a = 437, .b = 99, .token = {' ', 's', 'e', 'c', 0x00, 0x00, 0x00, 0x00, 0x00, 0x00, 0x00, 0x00, 0x00, 0x00, 0x00, 0x00, 0x00, 0x00, 0x00, 0x00, 0x00, 0x00, 0x00, 0x00, 0x00, 0x00, 0x00, 0x00, 0x00, 0x00, 0x00, 0x00, } },
  { .id = 1887, .a = 381, .b = 266, .token = {' ', 's', 'u', 'r', 'e', 0x00, 0x00, 0x00, 0x00, 0x00, 0x00, 0x00, 0x00, 0x00, 0x00, 0x00, 0x00, 0x00, 0x00, 0x00, 0x00, 0x00, 0x00, 0x00, 0x00, 0x00, 0x00, 0x00, 0x00, 0x00, 0x00, 0x00, } },
  { .id = 1888, .a = 607, .b = 467, .token = {' ', 's', 'p', 'o', 'r', 't', 0x00, 0x00, 0x00, 0x00, 0x00, 0x00, 0x00, 0x00, 0x00, 0x00, 0x00, 0x00, 0x00, 0x00, 0x00, 0x00, 0x00, 0x00, 0x00, 0x00, 0x00, 0x00, 0x00, 0x00, 0x00, 0x00, } },
  { .id = 1889, .a = 955, .b = 1118, .token = {' ', 't', 'r', 'a', 'n', 's', 'p', 'o', 'r', 't', 0x00, 0x00, 0x00, 0x00, 0x00, 0x00, 0x00, 0x00, 0x00, 0x00, 0x00, 0x00, 0x00, 0x00, 0x00, 0x00, 0x00, 0x00, 0x00, 0x00, 0x00, 0x00, } },
  { .id = 1890, .a = 279, .b = 447, .token = {' ', 'f', 'l', 'o', 'w', 0x00, 0x00, 0x00, 0x00, 0x00, 0x00, 0x00, 0x00, 0x00, 0x00, 0x00, 0x00, 0x00, 0x00, 0x00, 0x00, 0x00, 0x00, 0x00, 0x00, 0x00, 0x00, 0x00, 0x00, 0x00, 0x00, 0x00, } },
  { .id = 1891, .a = 337, .b = 283, .token = {'a', 'm', 'e', 'd', 0x00, 0x00, 0x00, 0x00, 0x00, 0x00, 0x00, 0x00, 0x00, 0x00, 0x00, 0x00, 0x00, 0x00, 0x00, 0x00, 0x00, 0x00, 0x00, 0x00, 0x00, 0x00, 0x00, 0x00, 0x00, 0x00, 0x00, 0x00, } },
  { .id = 1892, .a = 116, .b = 310, .token = {'t', 'i', 'l', 0x00, 0x00, 0x00, 0x00, 0x00, 0x00, 0x00, 0x00, 0x00, 0x00, 0x00, 0x00, 0x00, 0x00, 0x00, 0x00, 0x00, 0x00, 0x00, 0x00, 0x00, 0x00, 0x00, 0x00, 0x00, 0x00, 0x00, 0x00, 0x00, } },
  { .id = 1893, .a = 417, .b = 535, .token = {'t', 'h', 'o', 'u', 'g', 'h', 0x00, 0x00, 0x00, 0x00, 0x00, 0x00, 0x00, 0x00, 0x00, 0x00, 0x00, 0x00, 0x00, 0x00, 0x00, 0x00, 0x00, 0x00, 0x00, 0x00, 0x00, 0x00, 0x00, 0x00, 0x00, 0x00, } },
  { .id = 1894, .a = 435, .b = 896, .token = {' ', 'h', 'a', 'v', 'i', 'n', 'g', 0x00, 0x00, 0x00, 0x00, 0x00, 0x00, 0x00, 0x00, 0x00, 0x00, 0x00, 0x00, 0x00, 0x00, 0x00, 0x00, 0x00, 0x00, 0x00, 0x00, 0x00, 0x00, 0x00, 0x00, 0x00, } },
  { .id = 1895, .a = 101, .b = 358, .token = {'e', 'a', 'd', 0x00, 0x00, 0x00, 0x00, 0x00, 0x00, 0x00, 0x00, 0x00, 0x00, 0x00, 0x00, 0x00, 0x00, 0x00, 0x00, 0x00, 0x00, 0x00, 0x00, 0x00, 0x00, 0x00, 0x00, 0x00, 0x00, 0x00, 0x00, 0x00, } },
  { .id = 1896, .a = 473, .b = 114, .token = {' ', 'F', 'r', 0x00, 0x00, 0x00, 0x00, 0x00, 0x00, 0x00, 0x00, 0x00, 0x00, 0x00, 0x00, 0x00, 0x00, 0x00, 0x00, 0x00, 0x00, 0x00, 0x00, 0x00, 0x00, 0x00, 0x00, 0x00, 0x00, 0x00, 0x00, 0x00, } },
  { .id = 1897, .a = 478, .b = 402, .token = {' ', 'c', 'o', 'n', 't', 'a', 'i', 'n', 0x00, 0x00, 0x00, 0x00, 0x00, 0x00, 0x00, 0x00, 0x00, 0x00, 0x00, 0x00, 0x00, 0x00, 0x00, 0x00, 0x00, 0x00, 0x00, 0x00, 0x00, 0x00, 0x00, 0x00, } },
  { .id = 1898, .a = 72, .b = 317, .token = {'H', 'o', 'w', 0x00, 0x00, 0x00, 0x00, 0x00, 0x00, 0x00, 0x00, 0x00, 0x00, 0x00, 0x00, 0x00, 0x00, 0x00, 0x00, 0x00, 0x00, 0x00, 0x00, 0x00, 0x00, 0x00, 0x00, 0x00, 0x00, 0x00, 0x00, 0x00, } },
  { .id = 1899, .a = 566, .b = 262, .token = {' ', 'c', 'o', 'm', 'p', 'o', 'n', 0x00, 0x00, 0x00, 0x00, 0x00, 0x00, 0x00, 0x00, 0x00, 0x00, 0x00, 0x00, 0x00, 0x00, 0x00, 0x00, 0x00, 0x00, 0x00, 0x00, 0x00, 0x00, 0x00, 0x00, 0x00, } },
  { .id = 1900, .a = 771, .b = 110, .token = {' ', 'i', 'n', 't', 'e', 'r', 'n', 0x00, 0x00, 0x00, 0x00, 0x00, 0x00, 0x00, 0x00, 0x00, 0x00, 0x00, 0x00, 0x00, 0x00, 0x00, 0x00, 0x00, 0x00, 0x00, 0x00, 0x00, 0x00, 0x00, 0x00, 0x00, } },
  { .id = 1901, .a = 49, .b = 51, .token = {'1', '3', 0x00, 0x00, 0x00, 0x00, 0x00, 0x00, 0x00, 0x00, 0x00, 0x00, 0x00, 0x00, 0x00, 0x00, 0x00, 0x00, 0x00, 0x00, 0x00, 0x00, 0x00, 0x00, 0x00, 0x00, 0x00, 0x00, 0x00, 0x00, 0x00, 0x00, } },
  { .id = 1902, .a = 607, .b = 577, .token = {' ', 's', 'p', 'a', 'c', 'e', 0x00, 0x00, 0x00, 0x00, 0x00, 0x00, 0x00, 0x00, 0x00, 0x00, 0x00, 0x00, 0x00, 0x00, 0x00, 0x00, 0x00, 0x00, 0x00, 0x00, 0x00, 0x00, 0x00, 0x00, 0x00, 0x00, } },
  { .id = 1903, .a = 629, .b = 307, .token = {' ', 'r', 'o', 'o', 'm', 0x00, 0x00, 0x00, 0x00, 0x00, 0x00, 0x00, 0x00, 0x00, 0x00, 0x00, 0x00, 0x00, 0x00, 0x00, 0x00, 0x00, 0x00, 0x00, 0x00, 0x00, 0x00, 0x00, 0x00, 0x00, 0x00, 0x00, } },
  { .id = 1904, .a = 632, .b = 270, .token = {'a', 'v', 'e', 's', 0x00, 0x00, 0x00, 0x00, 0x00, 0x00, 0x00, 0x00, 0x00, 0x00, 0x00, 0x00, 0x00, 0x00, 0x00, 0x00, 0x00, 0x00, 0x00, 0x00, 0x00, 0x00, 0x00, 0x00, 0x00, 0x00, 0x00, 0x00, } },
  { .id = 1905, .a = 1139, .b = 112, .token = {' ', 'p', 'u', 'r', 'p', 0x00, 0x00, 0x00, 0x00, 0x00, 0x00, 0x00, 0x00, 0x00, 0x00, 0x00, 0x00, 0x00, 0x00, 0x00, 0x00, 0x00, 0x00, 0x00, 0x00, 0x00, 0x00, 0x00, 0x00, 0x00, 0x00, 0x00, } },
  { .id = 1906, .a = 743, .b = 1365, .token = {' ', 's', 'e', 'r', 'v', 'i', 'c', 'e', 0x00, 0x00, 0x00, 0x00, 0x00, 0x00, 0x00, 0x00, 0x00, 0x00, 0x00, 0x00, 0x00, 0x00, 0x00, 0x00, 0x00, 0x00, 0x00, 0x00, 0x00, 0x00, 0x00, 0x00, } },
  { .id = 1907, .a = 53, .b = 48, .token = {'5', '0', 0x00, 0x00, 0x00, 0x00, 0x00, 0x00, 0x00, 0x00, 0x00, 0x00, 0x00, 0x00, 0x00, 0x00, 0x00, 0x00, 0x00, 0x00, 0x00, 0x00, 0x00, 0x00, 0x00, 0x00, 0x00, 0x00, 0x00, 0x00, 0x00, 0x00, } },
  { .id = 1908, .a = 381, .b = 276, .token = {' ', 's', 'u', 'i', 't', 0x00, 0x00, 0x00, 0x00, 0x00, 0x00, 0x00, 0x00, 0x00, 0x00, 0x00, 0x00, 0x00, 0x00, 0x00, 0x00, 0x00, 0x00, 0x00, 0x00, 0x00, 0x00, 0x00, 0x00, 0x00, 0x00, 0x00, } },
  { .id = 1909, .a = 729, .b = 1027, .token = {' ', 'C', 'h', 'o', 'o', 's', 'e', 0x00, 0x00, 0x00, 0x00, 0x00, 0x00, 0x00, 0x00, 0x00, 0x00, 0x00, 0x00, 0x00, 0x00, 0x00, 0x00, 0x00, 0x00, 0x00, 0x00, 0x00, 0x00, 0x00, 0x00, 0x00, } },
  { .id = 1910, .a = 312, .b = 373, .token = {' ', 'g', 'i', 'v', 'e', 0x00, 0x00, 0x00, 0x00, 0x00, 0x00, 0x00, 0x00, 0x00, 0x00, 0x00, 0x00, 0x00, 0x00, 0x00, 0x00, 0x00, 0x00, 0x00, 0x00, 0x00, 0x00, 0x00, 0x00, 0x00, 0x00, 0x00, } },
  { .id = 1911, .a = 640, .b = 100, .token = {' ', 'A', 'n', 'd', 0x00, 0x00, 0x00, 0x00, 0x00, 0x00, 0x00, 0x00, 0x00, 0x00, 0x00, 0x00, 0x00, 0x00, 0x00, 0x00, 0x00, 0x00, 0x00, 0x00, 0x00, 0x00, 0x00, 0x00, 0x00, 0x00, 0x00, 0x00, } },
  { .id = 1912, .a = 1578, .b = 286, .token = {' ', 'r', 'e', 'p', 'r', 'e', 's', 'e', 'n', 't', 0x00, 0x00, 0x00, 0x00, 0x00, 0x00, 0x00, 0x00, 0x00, 0x00, 0x00, 0x00, 0x00, 0x00, 0x00, 0x00, 0x00, 0x00, 0x00, 0x00, 0x00, 0x00, } },
  { .id = 1913, .a = 791, .b = 341, .token = {' ', 'i', 'n', 'v', 'e', 's', 't', 0x00, 0x00, 0x00, 0x00, 0x00, 0x00, 0x00, 0x00, 0x00, 0x00, 0x00, 0x00, 0x00, 0x00, 0x00, 0x00, 0x00, 0x00, 0x00, 0x00, 0x00, 0x00, 0x00, 0x00, 0x00, } },
  { .id = 1914, .a = 308, .b = 453, .token = {' ', 'l', 'i', 'n', 'e', 0x00, 0x00, 0x00, 0x00, 0x00, 0x00, 0x00, 0x00, 0x00, 0x00, 0x00, 0x00, 0x00, 0x00, 0x00, 0x00, 0x00, 0x00, 0x00, 0x00, 0x00, 0x00, 0x00, 0x00, 0x00, 0x00, 0x00, } },
  { .id = 1915, .a = 103, .b = 260, .token = {'g', 'i', 'n', 0x00, 0x00, 0x00, 0x00, 0x00, 0x00, 0x00, 0x00, 0x00, 0x00, 0x00, 0x00, 0x00, 0x00, 0x00, 0x00, 0x00, 0x00, 0x00, 0x00, 0x00, 0x00, 0x00, 0x00, 0x00, 0x00, 0x00, 0x00, 0x00, } },
  { .id = 1916, .a = 303, .b = 115, .token = {'o', 't', 's', 0x00, 0x00, 0x00, 0x00, 0x00, 0x00, 0x00, 0x00, 0x00, 0x00, 0x00, 0x00, 0x00, 0x00, 0x00, 0x00, 0x00, 0x00, 0x00, 0x00, 0x00, 0x00, 0x00, 0x00, 0x00, 0x00, 0x00, 0x00, 0x00, } },
  { .id = 1917, .a = 1205, .b = 115, .token = {' ', 'i', 'n', 'd', 'i', 'v', 'i', 'd', 'u', 'a', 'l', 's', 0x00, 0x00, 0x00, 0x00, 0x00, 0x00, 0x00, 0x00, 0x00, 0x00, 0x00, 0x00, 0x00, 0x00, 0x00, 0x00, 0x00, 0x00, 0x00, 0x00, } },
  { .id = 1918, .a = 298, .b = 112, .token = {'r', 'o', 'p', 0x00, 0x00, 0x00, 0x00, 0x00, 0x00, 0x00, 0x00, 0x00, 0x00, 0x00, 0x00, 0x00, 0x00, 0x00, 0x00, 0x00, 0x00, 0x00, 0x00, 0x00, 0x00, 0x00, 0x00, 0x00, 0x00, 0x00, 0x00, 0x00, } },
  { .id = 1919, .a = 364, .b = 121, .token = {' ', 'w', 'h', 'y', 0x00, 0x00, 0x00, 0x00, 0x00, 0x00, 0x00, 0x00, 0x00, 0x00, 0x00, 0x00, 0x00, 0x00, 0x00, 0x00, 0x00, 0x00, 0x00, 0x00, 0x00, 0x00, 0x00, 0x00, 0x00, 0x00, 0x00, 0x00, } },
  { .id = 1920, .a = 743, .b = 428, .token = {' ', 's', 'e', 'r', 'i', 'e', 's', 0x00, 0x00, 0x00, 0x00, 0x00, 0x00, 0x00, 0x00, 0x00, 0x00, 0x00, 0x00, 0x00, 0x00, 0x00, 0x00, 0x00, 0x00, 0x00, 0x00, 0x00, 0x00, 0x00, 0x00, 0x00, } },
  { .id = 1921, .a = 1631, .b = 1154, .token = {' ', 'f', 'o', 'o', 't', 'b', 'a', 'l', 'l', 0x00, 0x00, 0x00, 0x00, 0x00, 0x00, 0x00, 0x00, 0x00, 0x00, 0x00, 0x00, 0x00, 0x00, 0x00, 0x00, 0x00, 0x00, 0x00, 0x00, 0x00, 0x00, 0x00, } },
  { .id = 1922, .a = 461, .b = 471, .token = {' ', 'w', 'o', 'r', 'k', 'i', 'n', 'g', 0x00, 0x00, 0x00, 0x00, 0x00, 0x00, 0x00, 0x00, 0x00, 0x00, 0x00, 0x00, 0x00, 0x00, 0x00, 0x00, 0x00, 0x00, 0x00, 0x00, 0x00, 0x00, 0x00, 0x00, } },
  { .id = 1923, .a = 121, .b = 109, .token = {'y', 'm', 0x00, 0x00, 0x00, 0x00, 0x00, 0x00, 0x00, 0x00, 0x00, 0x00, 0x00, 0x00, 0x00, 0x00, 0x00, 0x00, 0x00, 0x00, 0x00, 0x00, 0x00, 0x00, 0x00, 0x00, 0x00, 0x00, 0x00, 0x00, 0x00, 0x00, } },
  { .id = 1924, .a = 287, .b = 303, .token = {' ', 'm', 'o', 't', 0x00, 0x00, 0x00, 0x00, 0x00, 0x00, 0x00, 0x00, 0x00, 0x00, 0x00, 0x00, 0x00, 0x00, 0x00, 0x00, 0x00, 0x00, 0x00, 0x00, 0x00, 0x00, 0x00, 0x00, 0x00, 0x00, 0x00, 0x00, } },
  { .id = 1925, .a = 522, .b = 275, .token = {'i', 'z', 'i', 'n', 'g', 0x00, 0x00, 0x00, 0x00, 0x00, 0x00, 0x00, 0x00, 0x00, 0x00, 0x00, 0x00, 0x00, 0x00, 0x00, 0x00, 0x00, 0x00, 0x00, 0x00, 0x00, 0x00, 0x00, 0x00, 0x00, 0x00, 0x00, } },
  { .id = 1926, .a = 635, .b = 115, .token = {' ', 's', 't', 'a', 't', 'e', 'm', 'e', 'n', 't', 's', 0x00, 0x00, 0x00, 0x00, 0x00, 0x00, 0x00, 0x00, 0x00, 0x00, 0x00, 0x00, 0x00, 0x00, 0x00, 0x00, 0x00, 0x00, 0x00, 0x00, 0x00, } },
  { .id = 1927, .a = 279, .b = 114, .token = {' ', 'f', 'r', 0x00, 0x00, 0x00, 0x00, 0x00, 0x00, 0x00, 0x00, 0x00, 0x00, 0x00, 0x00, 0x00, 0x00, 0x00, 0x00, 0x00, 0x00, 0x00, 0x00, 0x00, 0x00, 0x00, 0x00, 0x00, 0x00, 0x00, 0x00, 0x00, } },
  { .id = 1928, .a = 702, .b = 275, .token = {' ', 'g', 'o', 'i', 'n', 'g', 0x00, 0x00, 0x00, 0x00, 0x00, 0x00, 0x00, 0x00, 0x00, 0x00, 0x00, 0x00, 0x00, 0x00, 0x00, 0x00, 0x00, 0x00, 0x00, 0x00, 0x00, 0x00, 0x00, 0x00, 0x00, 0x00, } },
  { .id = 1929, .a = 315, .b = 100, .token = {'i', 'd', 'd', 0x00, 0x00, 0x00, 0x00, 0x00, 0x00, 0x00, 0x00, 0x00, 0x00, 0x00, 0x00, 0x00, 0x00, 0x00, 0x00, 0x00, 0x00, 0x00, 0x00, 0x00, 0x00, 0x00, 0x00, 0x00, 0x00, 0x00, 0x00, 0x00, } },
  { .id = 1930, .a = 437, .b = 699, .token = {' ', 's', 'e', 'a', 's', 'o', 'n', 0x00, 0x00, 0x00, 0x00, 0x00, 0x00, 0x00, 0x00, 0x00, 0x00, 0x00, 0x00, 0x00, 0x00, 0x00, 0x00, 0x00, 0x00, 0x00, 0x00, 0x00, 0x00, 0x00, 0x00, 0x00, } },
  { .id = 1931, .a = 112, .b = 114, .token = {'p', 'r', 0x00, 0x00, 0x00, 0x00, 0x00, 0x00, 0x00, 0x00, 0x00, 0x00, 0x00, 0x00, 0x00, 0x00, 0x00, 0x00, 0x00, 0x00, 0x00, 0x00, 0x00, 0x00, 0x00, 0x00, 0x00, 0x00, 0x00, 0x00, 0x00, 0x00, } },
  { .id = 1932, .a = 119, .b = 523, .token = {'w', 'a', 'r', 'e', 0x00, 0x00, 0x00, 0x00, 0x00, 0x00, 0x00, 0x00, 0x00, 0x00, 0x00, 0x00, 0x00, 0x00, 0x00, 0x00, 0x00, 0x00, 0x00, 0x00, 0x00, 0x00, 0x00, 0x00, 0x00, 0x00, 0x00, 0x00, } },
  { .id = 1933, .a = 1301, .b = 885, .token = {' ', 'p', 'a', 'r', 't', 'i', 'c', 'u', 'l', 'a', 'r', 0x00, 0x00, 0x00, 0x00, 0x00, 0x00, 0x00, 0x00, 0x00, 0x00, 0x00, 0x00, 0x00, 0x00, 0x00, 0x00, 0x00, 0x00, 0x00, 0x00, 0x00, } },
  { .id = 1934, .a = 1191, .b = 800, .token = {' ', 'r', 'e', 's', 'p', 'o', 'n', 's', 0x00, 0x00, 0x00, 0x00, 0x00, 0x00, 0x00, 0x00, 0x00, 0x00, 0x00, 0x00, 0x00, 0x00, 0x00, 0x00, 0x00, 0x00, 0x00, 0x00, 0x00, 0x00, 0x00, 0x00, } },
  { .id = 1935, .a = 424, .b = 847, .token = {' ', 'r', 'a', 'n', 'g', 'e', 0x00, 0x00, 0x00, 0x00, 0x00, 0x00, 0x00, 0x00, 0x00, 0x00, 0x00, 0x00, 0x00, 0x00, 0x00, 0x00, 0x00, 0x00, 0x00, 0x00, 0x00, 0x00, 0x00, 0x00, 0x00, 0x00, } },
  { .id = 1936, .a = 344, .b = 290, .token = {'e', 'p', 'a', 'r', 0x00, 0x00, 0x00, 0x00, 0x00, 0x00, 0x00, 0x00, 0x00, 0x00, 0x00, 0x00, 0x00, 0x00, 0x00, 0x00, 0x00, 0x00, 0x00, 0x00, 0x00, 0x00, 0x00, 0x00, 0x00, 0x00, 0x00, 0x00, } },
  { .id = 1937, .a = 1020, .b = 1708, .token = {' ', 'a', 's', 's', 'o', 'c', 'i', 0x00, 0x00, 0x00, 0x00, 0x00, 0x00, 0x00, 0x00, 0x00, 0x00, 0x00, 0x00, 0x00, 0x00, 0x00, 0x00, 0x00, 0x00, 0x00, 0x00, 0x00, 0x00, 0x00, 0x00, 0x00, } },
  { .id = 1938, .a = 117, .b = 342, .token = {'u', 'a', 't', 'e', 0x00, 0x00, 0x00, 0x00, 0x00, 0x00, 0x00, 0x00, 0x00, 0x00, 0x00, 0x00, 0x00, 0x00, 0x00, 0x00, 0x00, 0x00, 0x00, 0x00, 0x00, 0x00, 0x00, 0x00, 0x00, 0x00, 0x00, 0x00, } },
  { .id = 1939, .a = 478, .b = 298, .token = {' ', 'c', 'o', 'n', 't', 'r', 'o', 0x00, 0x00, 0x00, 0x00, 0x00, 0x00, 0x00, 0x00, 0x00, 0x00, 0x00, 0x00, 0x00, 0x00, 0x00, 0x00, 0x00, 0x00, 0x00, 0x00, 0x00, 0x00, 0x00, 0x00, 0x00, } },
  { .id = 1940, .a = 259, .b = 343, .token = {' ', 'a', 'c', 'h', 0x00, 0x00, 0x00, 0x00, 0x00, 0x00, 0x00, 0x00, 0x00, 0x00, 0x00, 0x00, 0x00, 0x00, 0x00, 0x00, 0x00, 0x00, 0x00, 0x00, 0x00, 0x00, 0x00, 0x00, 0x00, 0x00, 0x00, 0x00, } },
  { .id = 1941, .a = 780, .b = 387, .token = {' ', 'd', 'e', 's', 'c', 'r', 'i', 0x00, 0x00, 0x00, 0x00, 0x00, 0x00, 0x00, 0x00, 0x00, 0x00, 0x00, 0x00, 0x00, 0x00, 0x00, 0x00, 0x00, 0x00, 0x00, 0x00, 0x00, 0x00, 0x00, 0x00, 0x00, } },
  { .id = 1942, .a = 303, .b = 101, .token = {'o', 't', 'e', 0x00, 0x00, 0x00, 0x00, 0x00, 0x00, 0x00, 0x00, 0x00, 0x00, 0x00, 0x00, 0x00, 0x00, 0x00, 0x00, 0x00, 0x00, 0x00, 0x00, 0x00, 0x00, 0x00, 0x00, 0x00, 0x00, 0x00, 0x00, 0x00, } },
  { .id = 1943, .a = 324, .b = 1215, .token = {'i', 'm', 'a', 't', 'e', 'l', 'y', 0x00, 0x00, 0x00, 0x00, 0x00, 0x00, 0x00, 0x00, 0x00, 0x00, 0x00, 0x00, 0x00, 0x00, 0x00, 0x00, 0x00, 0x00, 0x00, 0x00, 0x00, 0x00, 0x00, 0x00, 0x00, } },
  { .id = 1944, .a = 811, .b = 676, .token = {' ', 't', 'r', 'a', 'v', 'e', 'l', 0x00, 0x00, 0x00, 0x00, 0x00, 0x00, 0x00, 0x00, 0x00, 0x00, 0x00, 0x00, 0x00, 0x00, 0x00, 0x00, 0x00, 0x00, 0x00, 0x00, 0x00, 0x00, 0x00, 0x00, 0x00, } },
  { .id = 1945, .a = 807, .b = 1439, .token = {' ', 'r', 'e', 'c', 'o', 'm', 'm', 0x00, 0x00, 0x00, 0x00, 0x00, 0x00, 0x00, 0x00, 0x00, 0x00, 0x00, 0x00, 0x00, 0x00, 0x00, 0x00, 0x00, 0x00, 0x00, 0x00, 0x00, 0x00, 0x00, 0x00, 0x00, } },
  { .id = 1946, .a = 311, .b = 104, .token = {'u', 's', 'h', 0x00, 0x00, 0x00, 0x00, 0x00, 0x00, 0x00, 0x00, 0x00, 0x00, 0x00, 0x00, 0x00, 0x00, 0x00, 0x00, 0x00, 0x00, 0x00, 0x00, 0x00, 0x00, 0x00, 0x00, 0x00, 0x00, 0x00, 0x00, 0x00, } },
  { .id = 1947, .a = 418, .b = 351, .token = {'a', 'c', 'h', 'e', 'r', 0x00, 0x00, 0x00, 0x00, 0x00, 0x00, 0x00, 0x00, 0x00, 0x00, 0x00, 0x00, 0x00, 0x00, 0x00, 0x00, 0x00, 0x00, 0x00, 0x00, 0x00, 0x00, 0x00, 0x00, 0x00, 0x00, 0x00, } },
  { .id = 1948, .a = 293, .b = 116, .token = {'l', 'e', 't', 0x00, 0x00, 0x00, 0x00, 0x00, 0x00, 0x00, 0x00, 0x00, 0x00, 0x00, 0x00, 0x00, 0x00, 0x00, 0x00, 0x00, 0x00, 0x00, 0x00, 0x00, 0x00, 0x00, 0x00, 0x00, 0x00, 0x00, 0x00, 0x00, } },
  { .id = 1949, .a = 320, .b = 309, .token = {'o', 'l', 'v', 'e', 0x00, 0x00, 0x00, 0x00, 0x00, 0x00, 0x00, 0x00, 0x00, 0x00, 0x00, 0x00, 0x00, 0x00, 0x00, 0x00, 0x00, 0x00, 0x00, 0x00, 0x00, 0x00, 0x00, 0x00, 0x00, 0x00, 0x00, 0x00, } },
  { .id = 1950, .a = 111, .b = 102, .token = {'o', 'f', 0x00, 0x00, 0x00, 0x00, 0x00, 0x00, 0x00, 0x00, 0x00, 0x00, 0x00, 0x00, 0x00, 0x00, 0x00, 0x00, 0x00, 0x00, 0x00, 0x00, 0x00, 0x00, 0x00, 0x00, 0x00, 0x00, 0x00, 0x00, 0x00, 0x00, } },
  { .id = 1951, .a = 257, .b = 988, .token = {' ', 't', 'u', 'r', 'n', 0x00, 0x00, 0x00, 0x00, 0x00, 0x00, 0x00, 0x00, 0x00, 0x00, 0x00, 0x00, 0x00, 0x00, 0x00, 0x00, 0x00, 0x00, 0x00, 0x00, 0x00, 0x00, 0x00, 0x00, 0x00, 0x00, 0x00, } },
  { .id = 1952, .a = 413, .b = 275, .token = {'p', 'p', 'i', 'n', 'g', 0x00, 0x00, 0x00, 0x00, 0x00, 0x00, 0x00, 0x00, 0x00, 0x00, 0x00, 0x00, 0x00, 0x00, 0x00, 0x00, 0x00, 0x00, 0x00, 0x00, 0x00, 0x00, 0x00, 0x00, 0x00, 0x00, 0x00, } },
  { .id = 1953, .a = 621, .b = 664, .token = {' ', 'e', 'v', 'e', 'n', 't', 's', 0x00, 0x00, 0x00, 0x00, 0x00, 0x00, 0x00, 0x00, 0x00, 0x00, 0x00, 0x00, 0x00, 0x00, 0x00, 0x00, 0x00, 0x00, 0x00, 0x00, 0x00, 0x00, 0x00, 0x00, 0x00, } },
  { .id = 1954, .a = 105, .b = 278, .token = {'i', 'o', 'r', 0x00, 0x00, 0x00, 0x00, 0x00, 0x00, 0x00, 0x00, 0x00, 0x00, 0x00, 0x00, 0x00, 0x00, 0x00, 0x00, 0x00, 0x00, 0x00, 0x00, 0x00, 0x00, 0x00, 0x00, 0x00, 0x00, 0x00, 0x00, 0x00, } },
  { .id = 1955, .a = 273, .b = 1114, .token = {' ', 'w', 'a', 't', 'c', 'h', 0x00, 0x00, 0x00, 0x00, 0x00, 0x00, 0x00, 0x00, 0x00, 0x00, 0x00, 0x00, 0x00, 0x00, 0x00, 0x00, 0x00, 0x00, 0x00, 0x00, 0x00, 0x00, 0x00, 0x00, 0x00, 0x00, } },
  { .id = 1956, .a = 1400, .b = 445, .token = {' ', 'e', 'n', 's', 'u', 'r', 'e', 0x00, 0x00, 0x00, 0x00, 0x00, 0x00, 0x00, 0x00, 0x00, 0x00, 0x00, 0x00, 0x00, 0x00, 0x00, 0x00, 0x00, 0x00, 0x00, 0x00, 0x00, 0x00, 0x00, 0x00, 0x00, } },
  { .id = 1957, .a = 1291, .b = 897, .token = {' ', 'w', 'r', 'i', 't', 't', 'e', 'n', 0x00, 0x00, 0x00, 0x00, 0x00, 0x00, 0x00, 0x00, 0x00, 0x00, 0x00, 0x00, 0x00, 0x00, 0x00, 0x00, 0x00, 0x00, 0x00, 0x00, 0x00, 0x00, 0x00, 0x00, } },
  { .id = 1958, .a = 474, .b = 1648, .token = {' ', 'u', 'n', 'i', 'q', 'u', 'e', 0x00, 0x00, 0x00, 0x00, 0x00, 0x00, 0x00, 0x00, 0x00, 0x00, 0x00, 0x00, 0x00, 0x00, 0x00, 0x00, 0x00, 0x00, 0x00, 0x00, 0x00, 0x00, 0x00, 0x00, 0x00, } },
  { .id = 1959, .a = 262, .b = 270, .token = {'o', 'n', 'e', 's', 0x00, 0x00, 0x00, 0x00, 0x00, 0x00, 0x00, 0x00, 0x00, 0x00, 0x00, 0x00, 0x00, 0x00, 0x00, 0x00, 0x00, 0x00, 0x00, 0x00, 0x00, 0x00, 0x00, 0x00, 0x00, 0x00, 0x00, 0x00, } },
  { .id = 1960, .a = 299, .b = 320, .token = {' ', 'h', 'o', 'l', 0x00, 0x00, 0x00, 0x00, 0x00, 0x00, 0x00, 0x00, 0x00, 0x00, 0x00, 0x00, 0x00, 0x00, 0x00, 0x00, 0x00, 0x00, 0x00, 0x00, 0x00, 0x00, 0x00, 0x00, 0x00, 0x00, 0x00, 0x00, } },
  { .id = 1961, .a = 1216, .b = 417, .token = {' ', 'g', 'r', 'o', 'w', 't', 'h', 0x00, 0x00, 0x00, 0x00, 0x00, 0x00, 0x00, 0x00, 0x00, 0x00, 0x00, 0x00, 0x00, 0x00, 0x00, 0x00, 0x00, 0x00, 0x00, 0x00, 0x00, 0x00, 0x00, 0x00, 0x00, } },
  { .id = 1962, .a = 1579, .b = 340, .token = {' ', 'o', 'c', 'c', 'u', 'r', 0x00, 0x00, 0x00, 0x00, 0x00, 0x00, 0x00, 0x00, 0x00, 0x00, 0x00, 0x00, 0x00, 0x00, 0x00, 0x00, 0x00, 0x00, 0x00, 0x00, 0x00, 0x00, 0x00, 0x00, 0x00, 0x00, } },
  { .id = 1963, .a = 1282, .b = 536, .token = {' ', 'c', 'h', 'o', 'i', 'c', 'e', 0x00, 0x00, 0x00, 0x00, 0x00, 0x00, 0x00, 0x00, 0x00, 0x00, 0x00, 0x00, 0x00, 0x00, 0x00, 0x00, 0x00, 0x00, 0x00, 0x00, 0x00, 0x00, 0x00, 0x00, 0x00, } },
  { .id = 1964, .a = 1438, .b = 988, .token = {' ', 'r', 'e', 't', 'u', 'r', 'n', 0x00, 0x00, 0x00, 0x00, 0x00, 0x00, 0x00, 0x00, 0x00, 0x00, 0x00, 0x00, 0x00, 0x00, 0x00, 0x00, 0x00, 0x00, 0x00, 0x00, 0x00, 0x00, 0x00, 0x00, 0x00, } },
  { .id = 1965, .a = 619, .b = 479, .token = {' ', 'i', 'n', 'd', 'u', 's', 't', 0x00, 0x00, 0x00, 0x00, 0x00, 0x00, 0x00, 0x00, 0x00, 0x00, 0x00, 0x00, 0x00, 0x00, 0x00, 0x00, 0x00, 0x00, 0x00, 0x00, 0x00, 0x00, 0x00, 0x00, 0x00, } },
  { .id = 1966, .a = 279, .b = 494, .token = {' ', 'f', 'o', 'r', 'e', 0x00, 0x00, 0x00, 0x00, 0x00, 0x00, 0x00, 0x00, 0x00, 0x00, 0x00, 0x00, 0x00, 0x00, 0x00, 0x00, 0x00, 0x00, 0x00, 0x00, 0x00, 0x00, 0x00, 0x00, 0x00, 0x00, 0x00, } },
  { .id = 1967, .a = 785, .b = 622, .token = {' ', 'b', 'l', 'a', 'c', 'k', 0x00, 0x00, 0x00, 0x00, 0x00, 0x00, 0x00, 0x00, 0x00, 0x00, 0x00, 0x00, 0x00, 0x00, 0x00, 0x00, 0x00, 0x00, 0x00, 0x00, 0x00, 0x00, 0x00, 0x00, 0x00, 0x00, } },
  { .id = 1968, .a = 121, .b = 270, .token = {'y', 'e', 's', 0x00, 0x00, 0x00, 0x00, 0x00, 0x00, 0x00, 0x00, 0x00, 0x00, 0x00, 0x00, 0x00, 0x00, 0x00, 0x00, 0x00, 0x00, 0x00, 0x00, 0x00, 0x00, 0x00, 0x00, 0x00, 0x00, 0x00, 0x00, 0x00, } },
  { .id = 1969, .a = 257, .b = 266, .token = {' ', 't', 'r', 'e', 0x00, 0x00, 0x00, 0x00, 0x00, 0x00, 0x00, 0x00, 0x00, 0x00, 0x00, 0x00, 0x00, 0x00, 0x00, 0x00, 0x00, 0x00, 0x00, 0x00, 0x00, 0x00, 0x00, 0x00, 0x00, 0x00, 0x00, 0x00, } },
  { .id = 1970, .a = 299, .b = 339, .token = {' ', 'h', 'i', 'g', 0x00, 0x00, 0x00, 0x00, 0x00, 0x00, 0x00, 0x00, 0x00, 0x00, 0x00, 0x00, 0x00, 0x00, 0x00, 0x00, 0x00, 0x00, 0x00, 0x00, 0x00, 0x00, 0x00, 0x00, 0x00, 0x00, 0x00, 0x00, } },
  { .id = 1971, .a = 1050, .b = 578, .token = {' ', 'p', 'e', 'r', 'f', 'o', 'r', 'm', 'a', 'n', 'c', 'e', 0x00, 0x00, 0x00, 0x00, 0x00, 0x00, 0x00, 0x00, 0x00, 0x00, 0x00, 0x00, 0x00, 0x00, 0x00, 0x00, 0x00, 0x00, 0x00, 0x00, } },
  { .id = 1972, .a = 340, .b = 121, .token = {'u', 'r', 'y', 0x00, 0x00, 0x00, 0x00, 0x00, 0x00, 0x00, 0x00, 0x00, 0x00, 0x00, 0x00, 0x00, 0x00, 0x00, 0x00, 0x00, 0x00, 0x00, 0x00, 0x00, 0x00, 0x00, 0x00, 0x00, 0x00, 0x00, 0x00, 0x00, } },
  { .id = 1973, .a = 265, .b = 1531, .token = {' ', 's', 'a', 't', 'i', 's', 'f', 0x00, 0x00, 0x00, 0x00, 0x00, 0x00, 0x00, 0x00, 0x00, 0x00, 0x00, 0x00, 0x00, 0x00, 0x00, 0x00, 0x00, 0x00, 0x00, 0x00, 0x00, 0x00, 0x00, 0x00, 0x00, } },
  { .id = 1974, .a = 257, .b = 1101, .token = {' ', 't', 'a', 'k', 'i', 'n', 'g', 0x00, 0x00, 0x00, 0x00, 0x00, 0x00, 0x00, 0x00, 0x00, 0x00, 0x00, 0x00, 0x00, 0x00, 0x00, 0x00, 0x00, 0x00, 0x00, 0x00, 0x00, 0x00, 0x00, 0x00, 0x00, } },
  { .id = 1975, .a = 1310, .b = 1697, .token = {' ', 'i', 'n', 'f', 'l', 'u', 0x00, 0x00, 0x00, 0x00, 0x00, 0x00, 0x00, 0x00, 0x00, 0x00, 0x00, 0x00, 0x00, 0x00, 0x00, 0x00, 0x00, 0x00, 0x00, 0x00, 0x00, 0x00, 0x00, 0x00, 0x00, 0x00, } },
  { .id = 1976, .a = 691, .b = 1302, .token = {' ', 'n', 'u', 'm', 'b', 'e', 'r', 's', 0x00, 0x00, 0x00, 0x00, 0x00, 0x00, 0x00, 0x00, 0x00, 0x00, 0x00, 0x00, 0x00, 0x00, 0x00, 0x00, 0x00, 0x00, 0x00, 0x00, 0x00, 0x00, 0x00, 0x00, } },
  { .id = 1977, .a = 257, .b = 341, .token = {' ', 't', 'e', 's', 't', 0x00, 0x00, 0x00, 0x00, 0x00, 0x00, 0x00, 0x00, 0x00, 0x00, 0x00, 0x00, 0x00, 0x00, 0x00, 0x00, 0x00, 0x00, 0x00, 0x00, 0x00, 0x00, 0x00, 0x00, 0x00, 0x00, 0x00, } },
  { .id = 1978, .a = 1327, .b = 1206, .token = {' ', 'c', 'a', 'p', 'i', 't', 'a', 'l', 0x00, 0x00, 0x00, 0x00, 0x00, 0x00, 0x00, 0x00, 0x00, 0x00, 0x00, 0x00, 0x00, 0x00, 0x00, 0x00, 0x00, 0x00, 0x00, 0x00, 0x00, 0x00, 0x00, 0x00, } },
  { .id = 1979, .a = 1151, .b = 797, .token = {' ', 'c', 'o', 'm', 'p', 'l', 'e', 't', 'e', 0x00, 0x00, 0x00, 0x00, 0x00, 0x00, 0x00, 0x00, 0x00, 0x00, 0x00, 0x00, 0x00, 0x00, 0x00, 0x00, 0x00, 0x00, 0x00, 0x00, 0x00, 0x00, 0x00, } },
  { .id = 1980, .a = 1406, .b = 685, .token = {' ', 'h', 'i', 's', 't', 'o', 'r', 'y', 0x00, 0x00, 0x00, 0x00, 0x00, 0x00, 0x00, 0x00, 0x00, 0x00, 0x00, 0x00, 0x00, 0x00, 0x00, 0x00, 0x00, 0x00, 0x00, 0x00, 0x00, 0x00, 0x00, 0x00, } },
  { .id = 1981, .a = 102, .b = 577, .token = {'f', 'a', 'c', 'e', 0x00, 0x00, 0x00, 0x00, 0x00, 0x00, 0x00, 0x00, 0x00, 0x00, 0x00, 0x00, 0x00, 0x00, 0x00, 0x00, 0x00, 0x00, 0x00, 0x00, 0x00, 0x00, 0x00, 0x00, 0x00, 0x00, 0x00, 0x00, } },
  { .id = 1982, .a = 50, .b = 52, .token = {'2', '4', 0x00, 0x00, 0x00, 0x00, 0x00, 0x00, 0x00, 0x00, 0x00, 0x00, 0x00, 0x00, 0x00, 0x00, 0x00, 0x00, 0x00, 0x00, 0x00, 0x00, 0x00, 0x00, 0x00, 0x00, 0x00, 0x00, 0x00, 0x00, 0x00, 0x00, } },
  { .id = 1983, .a = 279, .b = 962, .token = {' ', 'f', 'i', 'n', 'a', 'l', 0x00, 0x00, 0x00, 0x00, 0x00, 0x00, 0x00, 0x00, 0x00, 0x00, 0x00, 0x00, 0x00, 0x00, 0x00, 0x00, 0x00, 0x00, 0x00, 0x00, 0x00, 0x00, 0x00, 0x00, 0x00, 0x00, } },
  { .id = 1984, .a = 878, .b = 402, .token = {' ', 'r', 'e', 'm', 'a', 'i', 'n', 0x00, 0x00, 0x00, 0x00, 0x00, 0x00, 0x00, 0x00, 0x00, 0x00, 0x00, 0x00, 0x00, 0x00, 0x00, 0x00, 0x00, 0x00, 0x00, 0x00, 0x00, 0x00, 0x00, 0x00, 0x00, } },
  { .id = 1985, .a = 117, .b = 298, .token = {'u', 'r', 'o', 0x00, 0x00, 0x00, 0x00, 0x00, 0x00, 0x00, 0x00, 0x00, 0x00, 0x00, 0x00, 0x00, 0x00, 0x00, 0x00, 0x00, 0x00, 0x00, 0x00, 0x00, 0x00, 0x00, 0x00, 0x00, 0x00, 0x00, 0x00, 0x00, } },
  { .id = 1986, .a = 579, .b = 110, .token = {'o', 'g', 'n', 0x00, 0x00, 0x00, 0x00, 0x00, 0x00, 0x00, 0x00, 0x00, 0x00, 0x00, 0x00, 0x00, 0x00, 0x00, 0x00, 0x00, 0x00, 0x00, 0x00, 0x00, 0x00, 0x00, 0x00, 0x00, 0x00, 0x00, 0x00, 0x00, } },
  { .id = 1987, .a = 287, .b = 1029, .token = {' ', 'm', 'i', 's', 's', 0x00, 0x00, 0x00, 0x00, 0x00, 0x00, 0x00, 0x00, 0x00, 0x00, 0x00, 0x00, 0x00, 0x00, 0x00, 0x00, 0x00, 0x00, 0x00, 0x00, 0x00, 0x00, 0x00, 0x00, 0x00, 0x00, 0x00, } },
  { .id = 1988, .a = 837, .b = 48, .token = {'1', '0', '0', 0x00, 0x00, 0x00, 0x00, 0x00, 0x00, 0x00, 0x00, 0x00, 0x00, 0x00, 0x00, 0x00, 0x00, 0x00, 0x00, 0x00, 0x00, 0x00, 0x00, 0x00, 0x00, 0x00, 0x00, 0x00, 0x00, 0x00, 0x00, 0x00, } },
  { .id = 1989, .a = 918, .b = 101, .token = {' ', 'd', 'e', 's', 'c', 'r', 'i', 'b', 'e', 0x00, 0x00, 0x00, 0x00, 0x00, 0x00, 0x00, 0x00, 0x00, 0x00, 0x00, 0x00, 0x00, 0x00, 0x00, 0x00, 0x00, 0x00, 0x00, 0x00, 0x00, 0x00, 0x00, } },
  { .id = 1990, .a = 65, .b = 115, .token = {'A', 's', 0x00, 0x00, 0x00, 0x00, 0x00, 0x00, 0x00, 0x00, 0x00, 0x00, 0x00, 0x00, 0x00, 0x00, 0x00, 0x00, 0x00, 0x00, 0x00, 0x00, 0x00, 0x00, 0x00, 0x00, 0x00, 0x00, 0x00, 0x00, 0x00, 0x00, } },
  { .id = 1991, .a = 100, .b = 101, .token = {'d', 'e', 0x00, 0x00, 0x00, 0x00, 0x00, 0x00, 0x00, 0x00, 0x00, 0x00, 0x00, 0x00, 0x00, 0x00, 0x00, 0x00, 0x00, 0x00, 0x00, 0x00, 0x00, 0x00, 0x00, 0x00, 0x00, 0x00, 0x00, 0x00, 0x00, 0x00, } },
  { .id = 1992, .a = 269, .b = 700, .token = {' ', 'c', 'a', 'u', 's', 'e', 0x00, 0x00, 0x00, 0x00, 0x00, 0x00, 0x00, 0x00, 0x00, 0x00, 0x00, 0x00, 0x00, 0x00, 0x00, 0x00, 0x00, 0x00, 0x00, 0x00, 0x00, 0x00, 0x00, 0x00, 0x00, 0x00, } },
  { .id = 1993, .a = 279, .b = 418, .token = {' ', 'f', 'a', 'c', 0x00, 0x00, 0x00, 0x00, 0x00, 0x00, 0x00, 0x00, 0x00, 0x00, 0x00, 0x00, 0x00, 0x00, 0x00, 0x00, 0x00, 0x00, 0x00, 0x00, 0x00, 0x00, 0x00, 0x00, 0x00, 0x00, 0x00, 0x00, } },
  { .id = 1994, .a = 1614, .b = 539, .token = {' ', 'e', 's', 't', 'a', 'b', 0x00, 0x00, 0x00, 0x00, 0x00, 0x00, 0x00, 0x00, 0x00, 0x00, 0x00, 0x00, 0x00, 0x00, 0x00, 0x00, 0x00, 0x00, 0x00, 0x00, 0x00, 0x00, 0x00, 0x00, 0x00, 0x00, } },
  { .id = 1995, .a = 320, .b = 882, .token = {'o', 'l', 'u', 't', 'i', 'o', 'n', 0x00, 0x00, 0x00, 0x00, 0x00, 0x00, 0x00, 0x00, 0x00, 0x00, 0x00, 0x00, 0x00, 0x00, 0x00, 0x00, 0x00, 0x00, 0x00, 0x00, 0x00, 0x00, 0x00, 0x00, 0x00, } },
  { .id = 1996, .a = 650, .b = 499, .token = {' ', 'b', 'e', 'c', 'o', 'm', 'e', 0x00, 0x00, 0x00, 0x00, 0x00, 0x00, 0x00, 0x00, 0x00, 0x00, 0x00, 0x00, 0x00, 0x00, 0x00, 0x00, 0x00, 0x00, 0x00, 0x00, 0x00, 0x00, 0x00, 0x00, 0x00, } },
  { .id = 1997, .a = 333, .b = 1060, .token = {' ', 'c', 'o', 'n', 'c', 'e', 'r', 0x00, 0x00, 0x00, 0x00, 0x00, 0x00, 0x00, 0x00, 0x00, 0x00, 0x00, 0x00, 0x00, 0x00, 0x00, 0x00, 0x00, 0x00, 0x00, 0x00, 0x00, 0x00, 0x00, 0x00, 0x00, } },
  { .id = 1998, .a = 385, .b = 101, .token = {' ', 'c', 'o', 'm', 'e', 0x00, 0x00, 0x00, 0x00, 0x00, 0x00, 0x00, 0x00, 0x00, 0x00, 0x00, 0x00, 0x00, 0x00, 0x00, 0x00, 0x00, 0x00, 0x00, 0x00, 0x00, 0x00, 0x00, 0x00, 0x00, 0x00, 0x00, } },
  { .id = 1999, .a = 426, .b = 1027, .token = {' ', 'c', 'h', 'o', 'o', 's', 'e', 0x00, 0x00, 0x00, 0x00, 0x00, 0x00, 0x00, 0x00, 0x00, 0x00, 0x00, 0x00, 0x00, 0x00, 0x00, 0x00, 0x00, 0x00, 0x00, 0x00, 0x00, 0x00, 0x00, 0x00, 0x00, } },
  { .id = 2000, .a = 1793, .b = 316, .token = {'r', 'i', 'e', 'n', 'd', 'l', 'y', 0x00, 0x00, 0x00, 0x00, 0x00, 0x00, 0x00, 0x00, 0x00, 0x00, 0x00, 0x00, 0x00, 0x00, 0x00, 0x00, 0x00, 0x00, 0x00, 0x00, 0x00, 0x00, 0x00, 0x00, 0x00, } },
  { .id = 2001, .a = 111, .b = 978, .token = {'o', 'i', 'n', 't', 0x00, 0x00, 0x00, 0x00, 0x00, 0x00, 0x00, 0x00, 0x00, 0x00, 0x00, 0x00, 0x00, 0x00, 0x00, 0x00, 0x00, 0x00, 0x00, 0x00, 0x00, 0x00, 0x00, 0x00, 0x00, 0x00, 0x00, 0x00, } },
  { .id = 2002, .a = 658, .b = 56, .token = {'1', '9', '8', 0x00, 0x00, 0x00, 0x00, 0x00, 0x00, 0x00, 0x00, 0x00, 0x00, 0x00, 0x00, 0x00, 0x00, 0x00, 0x00, 0x00, 0x00, 0x00, 0x00, 0x00, 0x00, 0x00, 0x00, 0x00, 0x00, 0x00, 0x00, 0x00, } },
  { .id = 2003, .a = 415, .b = 1361, .token = {' ', 'q', 'u', 'a', 'l', 'i', 't', 'y', 0x00, 0x00, 0x00, 0x00, 0x00, 0x00, 0x00, 0x00, 0x00, 0x00, 0x00, 0x00, 0x00, 0x00, 0x00, 0x00, 0x00, 0x00, 0x00, 0x00, 0x00, 0x00, 0x00, 0x00, } },
  { .id = 2004, .a = 1267, .b = 814, .token = {' ', 'a', 'c', 't', 'i', 'v', 'i', 't', 'i', 'e', 's', 0x00, 0x00, 0x00, 0x00, 0x00, 0x00, 0x00, 0x00, 0x00, 0x00, 0x00, 0x00, 0x00, 0x00, 0x00, 0x00, 0x00, 0x00, 0x00, 0x00, 0x00, } },
  { .id = 2005, .a = 105, .b = 107, .token = {'i', 'k', 0x00, 0x00, 0x00, 0x00, 0x00, 0x00, 0x00, 0x00, 0x00, 0x00, 0x00, 0x00, 0x00, 0x00, 0x00, 0x00, 0x00, 0x00, 0x00, 0x00, 0x00, 0x00, 0x00, 0x00, 0x00, 0x00, 0x00, 0x00, 0x00, 0x00, } },
  { .id = 2006, .a = 1299, .b = 278, .token = {' ', 'i', 'n', 'c', 'o', 'r', 0x00, 0x00, 0x00, 0x00, 0x00, 0x00, 0x00, 0x00, 0x00, 0x00, 0x00, 0x00, 0x00, 0x00, 0x00, 0x00, 0x00, 0x00, 0x00, 0x00, 0x00, 0x00, 0x00, 0x00, 0x00, 0x00, } },
  { .id = 2007, .a = 332, .b = 933, .token = {' ', 'S', 'i', 'n', 'c', 'e', 0x00, 0x00, 0x00, 0x00, 0x00, 0x00, 0x00, 0x00, 0x00, 0x00, 0x00, 0x00, 0x00, 0x00, 0x00, 0x00, 0x00, 0x00, 0x00, 0x00, 0x00, 0x00, 0x00, 0x00, 0x00, 0x00, } },
  { .id = 2008, .a = 1249, .b = 581, .token = {' ', 'i', 'n', 'd', 'i', 'c', 'a', 't', 'e', 's', 0x00, 0x00, 0x00, 0x00, 0x00, 0x00, 0x00, 0x00, 0x00, 0x00, 0x00, 0x00, 0x00, 0x00, 0x00, 0x00, 0x00, 0x00, 0x00, 0x00, 0x00, 0x00, } },
  { .id = 2009, .a = 1267, .b = 420, .token = {' ', 'a', 'c', 't', 'i', 'v', 'i', 't', 'y', 0x00, 0x00, 0x00, 0x00, 0x00, 0x00, 0x00, 0x00, 0x00, 0x00, 0x00, 0x00, 0x00, 0x00, 0x00, 0x00, 0x00, 0x00, 0x00, 0x00, 0x00, 0x00, 0x00, } },
  { .id = 2010, .a = 288, .b = 1577, .token = {' ', 't', 'o', 'w', 'a', 'r', 'd', 's', 0x00, 0x00, 0x00, 0x00, 0x00, 0x00, 0x00, 0x00, 0x00, 0x00, 0x00, 0x00, 0x00, 0x00, 0x00, 0x00, 0x00, 0x00, 0x00, 0x00, 0x00, 0x00, 0x00, 0x00, } },
  { .id = 2011, .a = 644, .b = 757, .token = {'i', 't', 'i', 'o', 'n', 'a', 'l', 'l', 'y', 0x00, 0x00, 0x00, 0x00, 0x00, 0x00, 0x00, 0x00, 0x00, 0x00, 0x00, 0x00, 0x00, 0x00, 0x00, 0x00, 0x00, 0x00, 0x00, 0x00, 0x00, 0x00, 0x00, } },
  { .id = 2012, .a = 559, .b = 324, .token = {' ', 'c', 'l', 'i', 'm', 0x00, 0x00, 0x00, 0x00, 0x00, 0x00, 0x00, 0x00, 0x00, 0x00, 0x00, 0x00, 0x00, 0x00, 0x00, 0x00, 0x00, 0x00, 0x00, 0x00, 0x00, 0x00, 0x00, 0x00, 0x00, 0x00, 0x00, } },
  { .id = 2013, .a = 1714, .b = 342, .token = {' ', 'G', 'e', 'n', 'e', 'r', 'a', 't', 'e', 0x00, 0x00, 0x00, 0x00, 0x00, 0x00, 0x00, 0x00, 0x00, 0x00, 0x00, 0x00, 0x00, 0x00, 0x00, 0x00, 0x00, 0x00, 0x00, 0x00, 0x00, 0x00, 0x00, } },
  { .id = 2014, .a = 785, .b = 481, .token = {' ', 'b', 'l', 'u', 'e', 0x00, 0x00, 0x00, 0x00, 0x00, 0x00, 0x00, 0x00, 0x00, 0x00, 0x00, 0x00, 0x00, 0x00, 0x00, 0x00, 0x00, 0x00, 0x00, 0x00, 0x00, 0x00, 0x00, 0x00, 0x00, 0x00, 0x00, } },
  { .id = 2015, .a = 306, .b = 1853, .token = {' ', 'e', 'c', 'o', 'n', 'o', 'm', 0x00, 0x00, 0x00, 0x00, 0x00, 0x00, 0x00, 0x00, 0x00, 0x00, 0x00, 0x00, 0x00, 0x00, 0x00, 0x00, 0x00, 0x00, 0x00, 0x00, 0x00, 0x00, 0x00, 0x00, 0x00, } },
  { .id = 2016, .a = 333, .b = 1213, .token = {' ', 'c', 'o', 'n', 'c', 'e', 'p', 't', 0x00, 0x00, 0x00, 0x00, 0x00, 0x00, 0x00, 0x00, 0x00, 0x00, 0x00, 0x00, 0x00, 0x00, 0x00, 0x00, 0x00, 0x00, 0x00, 0x00, 0x00, 0x00, 0x00, 0x00, } },
  { .id = 2017, .a = 263, .b = 99, .token = {'e', 'r', 'c', 0x00, 0x00, 0x00, 0x00, 0x00, 0x00, 0x00, 0x00, 0x00, 0x00, 0x00, 0x00, 0x00, 0x00, 0x00, 0x00, 0x00, 0x00, 0x00, 0x00, 0x00, 0x00, 0x00, 0x00, 0x00, 0x00, 0x00, 0x00, 0x00, } },
  { .id = 2018, .a = 270, .b = 99, .token = {'e', 's', 'c', 0x00, 0x00, 0x00, 0x00, 0x00, 0x00, 0x00, 0x00, 0x00, 0x00, 0x00, 0x00, 0x00, 0x00, 0x00, 0x00, 0x00, 0x00, 0x00, 0x00, 0x00, 0x00, 0x00, 0x00, 0x00, 0x00, 0x00, 0x00, 0x00, } },
  { .id = 2019, .a = 454, .b = 523, .token = {' ', 's', 'h', 'a', 'r', 'e', 0x00, 0x00, 0x00, 0x00, 0x00, 0x00, 0x00, 0x00, 0x00, 0x00, 0x00, 0x00, 0x00, 0x00, 0x00, 0x00, 0x00, 0x00, 0x00, 0x00, 0x00, 0x00, 0x00, 0x00, 0x00, 0x00, } },
  { .id = 2020, .a = 1170, .b = 116, .token = {'r', 'o', 'n', 't', 0x00, 0x00, 0x00, 0x00, 0x00, 0x00, 0x00, 0x00, 0x00, 0x00, 0x00, 0x00, 0x00, 0x00, 0x00, 0x00, 0x00, 0x00, 0x00, 0x00, 0x00, 0x00, 0x00, 0x00, 0x00, 0x00, 0x00, 0x00, } },
  { .id = 2021, .a = 274, .b = 557, .token = {' ', 'p', 'a', 's', 't', 0x00, 0x00, 0x00, 0x00, 0x00, 0x00, 0x00, 0x00, 0x00, 0x00, 0x00, 0x00, 0x00, 0x00, 0x00, 0x00, 0x00, 0x00, 0x00, 0x00, 0x00, 0x00, 0x00, 0x00, 0x00, 0x00, 0x00, } },
  { .id = 2022, .a = 380, .b = 275, .token = {'a', 'g', 'i', 'n', 'g', 0x00, 0x00, 0x00, 0x00, 0x00, 0x00, 0x00, 0x00, 0x00, 0x00, 0x00, 0x00, 0x00, 0x00, 0x00, 0x00, 0x00, 0x00, 0x00, 0x00, 0x00, 0x00, 0x00, 0x00, 0x00, 0x00, 0x00, } },
  { .id = 2023, .a = 270, .b = 101, .token = {'e', 's', 'e', 0x00, 0x00, 0x00, 0x00, 0x00, 0x00, 0x00, 0x00, 0x00, 0x00, 0x00, 0x00, 0x00, 0x00, 0x00, 0x00, 0x00, 0x00, 0x00, 0x00, 0x00, 0x00, 0x00, 0x00, 0x00, 0x00, 0x00, 0x00, 0x00, } },
  { .id = 2024, .a = 310, .b = 814, .token = {'i', 'l', 'i', 't', 'i', 'e', 's', 0x00, 0x00, 0x00, 0x00, 0x00, 0x00, 0x00, 0x00, 0x00, 0x00, 0x00, 0x00, 0x00, 0x00, 0x00, 0x00, 0x00, 0x00, 0x00, 0x00, 0x00, 0x00, 0x00, 0x00, 0x00, } },
  { .id = 2025, .a = 54, .b = 48, .token = {'6', '0', 0x00, 0x00, 0x00, 0x00, 0x00, 0x00, 0x00, 0x00, 0x00, 0x00, 0x00, 0x00, 0x00, 0x00, 0x00, 0x00, 0x00, 0x00, 0x00, 0x00, 0x00, 0x00, 0x00, 0x00, 0x00, 0x00, 0x00, 0x00, 0x00, 0x00, } },
  { .id = 2026, .a = 286, .b = 281, .token = {'e', 'n', 't', 'i', 'o', 'n', 0x00, 0x00, 0x00, 0x00, 0x00, 0x00, 0x00, 0x00, 0x00, 0x00, 0x00, 0x00, 0x00, 0x00, 0x00, 0x00, 0x00, 0x00, 0x00, 0x00, 0x00, 0x00, 0x00, 0x00, 0x00, 0x00, } },
  { .id = 2027, .a = 1780, .b = 389, .token = {' ', 'W', 'o', 'r', 'l', 'd', 0x00, 0x00, 0x00, 0x00, 0x00, 0x00, 0x00, 0x00, 0x00, 0x00, 0x00, 0x00, 0x00, 0x00, 0x00, 0x00, 0x00, 0x00, 0x00, 0x00, 0x00, 0x00, 0x00, 0x00, 0x00, 0x00, } },
  { .id = 2028, .a = 274, .b = 101, .token = {' ', 'p', 'e', 0x00, 0x00, 0x00, 0x00, 0x00, 0x00, 0x00, 0x00, 0x00, 0x00, 0x00, 0x00, 0x00, 0x00, 0x00, 0x00, 0x00, 0x00, 0x00, 0x00, 0x00, 0x00, 0x00, 0x00, 0x00, 0x00, 0x00, 0x00, 0x00, } },
  { .id = 2029, .a = 290, .b = 417, .token = {'a', 'r', 't', 'h', 0x00, 0x00, 0x00, 0x00, 0x00, 0x00, 0x00, 0x00, 0x00, 0x00, 0x00, 0x00, 0x00, 0x00, 0x00, 0x00, 0x00, 0x00, 0x00, 0x00, 0x00, 0x00, 0x00, 0x00, 0x00, 0x00, 0x00, 0x00, } },
  { .id = 2030, .a = 284, .b = 276, .token = {' ', 'i', 'n', 'i', 't', 0x00, 0x00, 0x00, 0x00, 0x00, 0x00, 0x00, 0x00, 0x00, 0x00, 0x00, 0x00, 0x00, 0x00, 0x00, 0x00, 0x00, 0x00, 0x00, 0x00, 0x00, 0x00, 0x00, 0x00, 0x00, 0x00, 0x00, } },
  { .id = 2031, .a = 531, .b = 925, .token = {'d', 'u', 'c', 'e', 'd', 0x00, 0x00, 0x00, 0x00, 0x00, 0x00, 0x00, 0x00, 0x00, 0x00, 0x00, 0x00, 0x00, 0x00, 0x00, 0x00, 0x00, 0x00, 0x00, 0x00, 0x00, 0x00, 0x00, 0x00, 0x00, 0x00, 0x00, } },
  { .id = 2032, .a = 32, .b = 35, .token = {' ', '#', 0x00, 0x00, 0x00, 0x00, 0x00, 0x00, 0x00, 0x00, 0x00, 0x00, 0x00, 0x00, 0x00, 0x00, 0x00, 0x00, 0x00, 0x00, 0x00, 0x00, 0x00, 0x00, 0x00, 0x00, 0x00, 0x00, 0x00, 0x00, 0x00, 0x00, } },
  { .id = 2033, .a = 448, .b = 99, .token = {' ', 'e', 'n', 'c', 0x00, 0x00, 0x00, 0x00, 0x00, 0x00, 0x00, 0x00, 0x00, 0x00, 0x00, 0x00, 0x00, 0x00, 0x00, 0x00, 0x00, 0x00, 0x00, 0x00, 0x00, 0x00, 0x00, 0x00, 0x00, 0x00, 0x00, 0x00, } },
  { .id = 2034, .a = 259, .b = 455, .token = {' ', 'a', 'u', 'd', 0x00, 0x00, 0x00, 0x00, 0x00, 0x00, 0x00, 0x00, 0x00, 0x00, 0x00, 0x00, 0x00, 0x00, 0x00, 0x00, 0x00, 0x00, 0x00, 0x00, 0x00, 0x00, 0x00, 0x00, 0x00, 0x00, 0x00, 0x00, } },
  { .id = 2035, .a = 393, .b = 1758, .token = {' ', 'a', 'l', 'w', 'a', 'y', 's', 0x00, 0x00, 0x00, 0x00, 0x00, 0x00, 0x00, 0x00, 0x00, 0x00, 0x00, 0x00, 0x00, 0x00, 0x00, 0x00, 0x00, 0x00, 0x00, 0x00, 0x00, 0x00, 0x00, 0x00, 0x00, } },
  { .id = 2036, .a = 1635, .b = 483, .token = {' ', 'p', 'h', 'y', 's', 'i', 'c', 'a', 'l', 0x00, 0x00, 0x00, 0x00, 0x00, 0x00, 0x00, 0x00, 0x00, 0x00, 0x00, 0x00, 0x00, 0x00, 0x00, 0x00, 0x00, 0x00, 0x00, 0x00, 0x00, 0x00, 0x00, } },
  { .id = 2037, .a = 114, .b = 321, .token = {'r', 'i', 's', 't', 0x00, 0x00, 0x00, 0x00, 0x00, 0x00, 0x00, 0x00, 0x00, 0x00, 0x00, 0x00, 0x00, 0x00, 0x00, 0x00, 0x00, 0x00, 0x00, 0x00, 0x00, 0x00, 0x00, 0x00, 0x00, 0x00, 0x00, 0x00, } },
  { .id = 2038, .a = 543, .b = 101, .token = {' ', 'i', 'n', 't', 'e', 0x00, 0x00, 0x00, 0x00, 0x00, 0x00, 0x00, 0x00, 0x00, 0x00, 0x00, 0x00, 0x00, 0x00, 0x00, 0x00, 0x00, 0x00, 0x00, 0x00, 0x00, 0x00, 0x00, 0x00, 0x00, 0x00, 0x00, } },
  { .id = 2039, .a = 1086, .b = 348, .token = {' ', 'c', 'h', 'a', 'r', 'a', 'c', 't', 'e', 'r', 's', 0x00, 0x00, 0x00, 0x00, 0x00, 0x00, 0x00, 0x00, 0x00, 0x00, 0x00, 0x00, 0x00, 0x00, 0x00, 0x00, 0x00, 0x00, 0x00, 0x00, 0x00, } },
  { .id = 2040, .a = 287, .b = 944, .token = {' ', 'm', 'e', 't', 'h', 0x00, 0x00, 0x00, 0x00, 0x00, 0x00, 0x00, 0x00, 0x00, 0x00, 0x00, 0x00, 0x00, 0x00, 0x00, 0x00, 0x00, 0x00, 0x00, 0x00, 0x00, 0x00, 0x00, 0x00, 0x00, 0x00, 0x00, } },
  { .id = 2041, .a = 312, .b = 371, .token = {' ', 'g', 'r', 'a', 0x00, 0x00, 0x00, 0x00, 0x00, 0x00, 0x00, 0x00, 0x00, 0x00, 0x00, 0x00, 0x00, 0x00, 0x00, 0x00, 0x00, 0x00, 0x00, 0x00, 0x00, 0x00, 0x00, 0x00, 0x00, 0x00, 0x00, 0x00, } },
  { .id = 2042, .a = 585, .b = 1598, .token = {' ', 'i', 'm', 'p', 'o', 's', 's', 'i', 'b', 'l', 'e', 0x00, 0x00, 0x00, 0x00, 0x00, 0x00, 0x00, 0x00, 0x00, 0x00, 0x00, 0x00, 0x00, 0x00, 0x00, 0x00, 0x00, 0x00, 0x00, 0x00, 0x00, } },
  { .id = 2043, .a = 329, .b = 270, .token = {'u', 't', 'e', 's', 0x00, 0x00, 0x00, 0x00, 0x00, 0x00, 0x00, 0x00, 0x00, 0x00, 0x00, 0x00, 0x00, 0x00, 0x00, 0x00, 0x00, 0x00, 0x00, 0x00, 0x00, 0x00, 0x00, 0x00, 0x00, 0x00, 0x00, 0x00, } },
  { .id = 2044, .a = 315, .b = 352, .token = {'i', 'd', 'e', 'n', 'c', 'e', 0x00, 0x00, 0x00, 0x00, 0x00, 0x00, 0x00, 0x00, 0x00, 0x00, 0x00, 0x00, 0x00, 0x00, 0x00, 0x00, 0x00, 0x00, 0x00, 0x00, 0x00, 0x00, 0x00, 0x00, 0x00, 0x00, } },
  { .id = 2045, .a = 833, .b = 833, .token = {' ', ' ', ' ', ' ', ' ', ' ', ' ', ' ', 0x00, 0x00, 0x00, 0x00, 0x00, 0x00, 0x00, 0x00, 0x00, 0x00, 0x00, 0x00, 0x00, 0x00, 0x00, 0x00, 0x00, 0x00, 0x00, 0x00, 0x00, 0x00, 0x00, 0x00, } },
  { .id = 2046, .a = 687, .b = 644, .token = {' ', 'p', 'o', 's', 'i', 't', 'i', 'o', 'n', 0x00, 0x00, 0x00, 0x00, 0x00, 0x00, 0x00, 0x00, 0x00, 0x00, 0x00, 0x00, 0x00, 0x00, 0x00, 0x00, 0x00, 0x00, 0x00, 0x00, 0x00, 0x00, 0x00, } },
  { .id = 2047, .a = 1040, .b = 420, .token = {'i', 'v', 'e', 'r', 's', 'i', 't', 'y', 0x00, 0x00, 0x00, 0x00, 0x00, 0x00, 0x00, 0x00, 0x00, 0x00, 0x00, 0x00, 0x00, 0x00, 0x00, 0x00, 0x00, 0x00, 0x00, 0x00, 0x00, 0x00, 0x00, 0x00, } },
  { .id = 2048, .a = 386, .b = 121, .token = {' ', 'B', 'y', 0x00, 0x00, 0x00, 0x00, 0x00, 0x00, 0x00, 0x00, 0x00, 0x00, 0x00, 0x00, 0x00, 0x00, 0x00, 0x00, 0x00, 0x00, 0x00, 0x00, 0x00, 0x00, 0x00, 0x00, 0x00, 0x00, 0x00, 0x00, 0x00, } },
  { .id = 2049, .a = 299, .b = 601, .token = {' ', 'h', 'a', 'r', 'd', 0x00, 0x00, 0x00, 0x00, 0x00, 0x00, 0x00, 0x00, 0x00, 0x00, 0x00, 0x00, 0x00, 0x00, 0x00, 0x00, 0x00, 0x00, 0x00, 0x00, 0x00, 0x00, 0x00, 0x00, 0x00, 0x00, 0x00, } },
  { .id = 2050, .a = 961, .b = 315, .token = {' ', 's', 'a', 'i', 'd', 0x00, 0x00, 0x00, 0x00, 0x00, 0x00, 0x00, 0x00, 0x00, 0x00, 0x00, 0x00, 0x00, 0x00, 0x00, 0x00, 0x00, 0x00, 0x00, 0x00, 0x00, 0x00, 0x00, 0x00, 0x00, 0x00, 0x00, } },
  { .id = 2051, .a = 42, .b = 42, .token = {'*', '*', 0x00, 0x00, 0x00, 0x00, 0x00, 0x00, 0x00, 0x00, 0x00, 0x00, 0x00, 0x00, 0x00, 0x00, 0x00, 0x00, 0x00, 0x00, 0x00, 0x00, 0x00, 0x00, 0x00, 0x00, 0x00, 0x00, 0x00, 0x00, 0x00, 0x00, } },
  { .id = 2052, .a = 32, .b = 263, .token = {' ', 'e', 'r', 0x00, 0x00, 0x00, 0x00, 0x00, 0x00, 0x00, 0x00, 0x00, 0x00, 0x00, 0x00, 0x00, 0x00, 0x00, 0x00, 0x00, 0x00, 0x00, 0x00, 0x00, 0x00, 0x00, 0x00, 0x00, 0x00, 0x00, 0x00, 0x00, } },
  { .id = 2053, .a = 315, .b = 275, .token = {'i', 'd', 'i', 'n', 'g', 0x00, 0x00, 0x00, 0x00, 0x00, 0x00, 0x00, 0x00, 0x00, 0x00, 0x00, 0x00, 0x00, 0x00, 0x00, 0x00, 0x00, 0x00, 0x00, 0x00, 0x00, 0x00, 0x00, 0x00, 0x00, 0x00, 0x00, } },
  { .id = 2054, .a = 586, .b = 1630, .token = {' ', 'o', 'u', 't', 's', 'i', 'd', 'e', 0x00, 0x00, 0x00, 0x00, 0x00, 0x00, 0x00, 0x00, 0x00, 0x00, 0x00, 0x00, 0x00, 0x00, 0x00, 0x00, 0x00, 0x00, 0x00, 0x00, 0x00, 0x00, 0x00, 0x00, } },
  { .id = 2055, .a = 279, .b = 548, .token = {' ', 'f', 'o', 'u', 'r', 0x00, 0x00, 0x00, 0x00, 0x00, 0x00, 0x00, 0x00, 0x00, 0x00, 0x00, 0x00, 0x00, 0x00, 0x00, 0x00, 0x00, 0x00, 0x00, 0x00, 0x00, 0x00, 0x00, 0x00, 0x00, 0x00, 0x00, } },
  { .id = 2056, .a = 280, .b = 408, .token = {' ', 'b', 'a', 'n', 'd', 0x00, 0x00, 0x00, 0x00, 0x00, 0x00, 0x00, 0x00, 0x00, 0x00, 0x00, 0x00, 0x00, 0x00, 0x00, 0x00, 0x00, 0x00, 0x00, 0x00, 0x00, 0x00, 0x00, 0x00, 0x00, 0x00, 0x00, } },
  { .id = 2057, .a = 1945, .b = 556, .token = {' ', 'r', 'e', 'c', 'o', 'm', 'm', 'e', 'n', 'd', 0x00, 0x00, 0x00, 0x00, 0x00, 0x00, 0x00, 0x00, 0x00, 0x00, 0x00, 0x00, 0x00, 0x00, 0x00, 0x00, 0x00, 0x00, 0x00, 0x00, 0x00, 0x00, } },
  { .id = 2058, .a = 394, .b = 854, .token = {' ', 'e', 'x', 'p', 'e', 'c', 't', 0x00, 0x00, 0x00, 0x00, 0x00, 0x00, 0x00, 0x00, 0x00, 0x00, 0x00, 0x00, 0x00, 0x00, 0x00, 0x00, 0x00, 0x00, 0x00, 0x00, 0x00, 0x00, 0x00, 0x00, 0x00, } },
  { .id = 2059, .a = 1173, .b = 507, .token = {'l', 'e', 'd', 'g', 'e', 0x00, 0x00, 0x00, 0x00, 0x00, 0x00, 0x00, 0x00, 0x00, 0x00, 0x00, 0x00, 0x00, 0x00, 0x00, 0x00, 0x00, 0x00, 0x00, 0x00, 0x00, 0x00, 0x00, 0x00, 0x00, 0x00, 0x00, } },
  { .id = 2060, .a = 1813, .b = 1123, .token = {' ', 'r', 'e', 's', 'e', 'a', 'r', 'c', 'h', 0x00, 0x00, 0x00, 0x00, 0x00, 0x00, 0x00, 0x00, 0x00, 0x00, 0x00, 0x00, 0x00, 0x00, 0x00, 0x00, 0x00, 0x00, 0x00, 0x00, 0x00, 0x00, 0x00, } },
  { .id = 2061, .a = 573, .b = 1161, .token = {'f', 'f', 'e', 'e', 0x00, 0x00, 0x00, 0x00, 0x00, 0x00, 0x00, 0x00, 0x00, 0x00, 0x00, 0x00, 0x00, 0x00, 0x00, 0x00, 0x00, 0x00, 0x00, 0x00, 0x00, 0x00, 0x00, 0x00, 0x00, 0x00, 0x00, 0x00, } },
  { .id = 2062, .a = 121, .b = 110, .token = {'y', 'n', 0x00, 0x00, 0x00, 0x00, 0x00, 0x00, 0x00, 0x00, 0x00, 0x00, 0x00, 0x00, 0x00, 0x00, 0x00, 0x00, 0x00, 0x00, 0x00, 0x00, 0x00, 0x00, 0x00, 0x00, 0x00, 0x00, 0x00, 0x00, 0x00, 0x00, } },
  { .id = 2063, .a = 943, .b = 275, .token = {'o', 'r', 'd', 'i', 'n', 'g', 0x00, 0x00, 0x00, 0x00, 0x00, 0x00, 0x00, 0x00, 0x00, 0x00, 0x00, 0x00, 0x00, 0x00, 0x00, 0x00, 0x00, 0x00, 0x00, 0x00, 0x00, 0x00, 0x00, 0x00, 0x00, 0x00, } },
  { .id = 2064, .a = 801, .b = 278, .token = {' ', 'c', 'o', 'l', 'o', 'r', 0x00, 0x00, 0x00, 0x00, 0x00, 0x00, 0x00, 0x00, 0x00, 0x00, 0x00, 0x00, 0x00, 0x00, 0x00, 0x00, 0x00, 0x00, 0x00, 0x00, 0x00, 0x00, 0x00, 0x00, 0x00, 0x00, } },
  { .id = 2065, .a = 1122, .b = 537, .token = {' ', 'i', 'n', 'c', 'r', 'e', 'a', 's', 'e', 0x00, 0x00, 0x00, 0x00, 0x00, 0x00, 0x00, 0x00, 0x00, 0x00, 0x00, 0x00, 0x00, 0x00, 0x00, 0x00, 0x00, 0x00, 0x00, 0x00, 0x00, 0x00, 0x00, } },
  { .id = 2066, .a = 111, .b = 278, .token = {'o', 'o', 'r', 0x00, 0x00, 0x00, 0x00, 0x00, 0x00, 0x00, 0x00, 0x00, 0x00, 0x00, 0x00, 0x00, 0x00, 0x00, 0x00, 0x00, 0x00, 0x00, 0x00, 0x00, 0x00, 0x00, 0x00, 0x00, 0x00, 0x00, 0x00, 0x00, } },
  { .id = 2067, .a = 417, .b = 275, .token = {'t', 'h', 'i', 'n', 'g', 0x00, 0x00, 0x00, 0x00, 0x00, 0x00, 0x00, 0x00, 0x00, 0x00, 0x00, 0x00, 0x00, 0x00, 0x00, 0x00, 0x00, 0x00, 0x00, 0x00, 0x00, 0x00, 0x00, 0x00, 0x00, 0x00, 0x00, } },
  { .id = 2068, .a = 1286, .b = 370, .token = {' ', 'd', 'e', 'v', 'e', 'l', 'o', 'p', 'm', 'e', 'n', 't', 0x00, 0x00, 0x00, 0x00, 0x00, 0x00, 0x00, 0x00, 0x00, 0x00, 0x00, 0x00, 0x00, 0x00, 0x00, 0x00, 0x00, 0x00, 0x00, 0x00, } },
  { .id = 2069, .a = 422, .b = 283, .token = {'i', 'l', 'l', 'e', 'd', 0x00, 0x00, 0x00, 0x00, 0x00, 0x00, 0x00, 0x00, 0x00, 0x00, 0x00, 0x00, 0x00, 0x00, 0x00, 0x00, 0x00, 0x00, 0x00, 0x00, 0x00, 0x00, 0x00, 0x00, 0x00, 0x00, 0x00, } },
  { .id = 2070, .a = 397, .b = 101, .token = {'u', 'm', 'e', 0x00, 0x00, 0x00, 0x00, 0x00, 0x00, 0x00, 0x00, 0x00, 0x00, 0x00, 0x00, 0x00, 0x00, 0x00, 0x00, 0x00, 0x00, 0x00, 0x00, 0x00, 0x00, 0x00, 0x00, 0x00, 0x00, 0x00, 0x00, 0x00, } },
  { .id = 2071, .a = 274, .b = 97, .token = {' ', 'p', 'a', 0x00, 0x00, 0x00, 0x00, 0x00, 0x00, 0x00, 0x00, 0x00, 0x00, 0x00, 0x00, 0x00, 0x00, 0x00, 0x00, 0x00, 0x00, 0x00, 0x00, 0x00, 0x00, 0x00, 0x00, 0x00, 0x00, 0x00, 0x00, 0x00, } },
  { .id = 2072, .a = 112, .b = 278, .token = {'p', 'o', 'r', 0x00, 0x00, 0x00, 0x00, 0x00, 0x00, 0x00, 0x00, 0x00, 0x00, 0x00, 0x00, 0x00, 0x00, 0x00, 0x00, 0x00, 0x00, 0x00, 0x00, 0x00, 0x00, 0x00, 0x00, 0x00, 0x00, 0x00, 0x00, 0x00, } },
  { .id = 2073, .a = 437, .b = 1123, .token = {' ', 's', 'e', 'a', 'r', 'c', 'h', 0x00, 0x00, 0x00, 0x00, 0x00, 0x00, 0x00, 0x00, 0x00, 0x00, 0x00, 0x00, 0x00, 0x00, 0x00, 0x00, 0x00, 0x00, 0x00, 0x00, 0x00, 0x00, 0x00, 0x00, 0x00, } },
  { .id = 2074, .a = 427, .b = 1052, .token = {' ', 'p', 'l', 'a', 'n', 't', 's', 0x00, 0x00, 0x00, 0x00, 0x00, 0x00, 0x00, 0x00, 0x00, 0x00, 0x00, 0x00, 0x00, 0x00, 0x00, 0x00, 0x00, 0x00, 0x00, 0x00, 0x00, 0x00, 0x00, 0x00, 0x00, } },
  { .id = 2075, .a = 409, .b = 112, .token = {' ', 'p', 'r', 'e', 'p', 0x00, 0x00, 0x00, 0x00, 0x00, 0x00, 0x00, 0x00, 0x00, 0x00, 0x00, 0x00, 0x00, 0x00, 0x00, 0x00, 0x00, 0x00, 0x00, 0x00, 0x00, 0x00, 0x00, 0x00, 0x00, 0x00, 0x00, } },
  { .id = 2076, .a = 279, .b = 1639, .token = {' ', 'f', 'i', 'e', 'l', 'd', 0x00, 0x00, 0x00, 0x00, 0x00, 0x00, 0x00, 0x00, 0x00, 0x00, 0x00, 0x00, 0x00, 0x00, 0x00, 0x00, 0x00, 0x00, 0x00, 0x00, 0x00, 0x00, 0x00, 0x00, 0x00, 0x00, } },
  { .id = 2077, .a = 359, .b = 355, .token = {'s', 'e', 'q', 'u', 0x00, 0x00, 0x00, 0x00, 0x00, 0x00, 0x00, 0x00, 0x00, 0x00, 0x00, 0x00, 0x00, 0x00, 0x00, 0x00, 0x00, 0x00, 0x00, 0x00, 0x00, 0x00, 0x00, 0x00, 0x00, 0x00, 0x00, 0x00, } },
  { .id = 2078, .a = 1394, .b = 1596, .token = {' ', 'a', 'v', 'a', 'i', 'l', 'a', 'b', 'l', 'e', 0x00, 0x00, 0x00, 0x00, 0x00, 0x00, 0x00, 0x00, 0x00, 0x00, 0x00, 0x00, 0x00, 0x00, 0x00, 0x00, 0x00, 0x00, 0x00, 0x00, 0x00, 0x00, } },
  { .id = 2079, .a = 1672, .b = 115, .token = {' ', 'h', 'o', 'u', 'r', 's', 0x00, 0x00, 0x00, 0x00, 0x00, 0x00, 0x00, 0x00, 0x00, 0x00, 0x00, 0x00, 0x00, 0x00, 0x00, 0x00, 0x00, 0x00, 0x00, 0x00, 0x00, 0x00, 0x00, 0x00, 0x00, 0x00, } },
  { .id = 2080, .a = 290, .b = 114, .token = {'a', 'r', 'r', 0x00, 0x00, 0x00, 0x00, 0x00, 0x00, 0x00, 0x00, 0x00, 0x00, 0x00, 0x00, 0x00, 0x00, 0x00, 0x00, 0x00, 0x00, 0x00, 0x00, 0x00, 0x00, 0x00, 0x00, 0x00, 0x00, 0x00, 0x00, 0x00, } },
  { .id = 2081, .a = 899, .b = 716, .token = {' ', 's', 'i', 't', 't', 'i', 'n', 'g', 0x00, 0x00, 0x00, 0x00, 0x00, 0x00, 0x00, 0x00, 0x00, 0x00, 0x00, 0x00, 0x00, 0x00, 0x00, 0x00, 0x00, 0x00, 0x00, 0x00, 0x00, 0x00, 0x00, 0x00, } },
  { .id = 2082, .a = 265, .b = 1936, .token = {' ', 's', 'e', 'p', 'a', 'r', 0x00, 0x00, 0x00, 0x00, 0x00, 0x00, 0x00, 0x00, 0x00, 0x00, 0x00, 0x00, 0x00, 0x00, 0x00, 0x00, 0x00, 0x00, 0x00, 0x00, 0x00, 0x00, 0x00, 0x00, 0x00, 0x00, } },
  { .id = 2083, .a = 506, .b = 313, .token = {' ', 'm', 'e', 'e', 't', 0x00, 0x00, 0x00, 0x00, 0x00, 0x00, 0x00, 0x00, 0x00, 0x00, 0x00, 0x00, 0x00, 0x00, 0x00, 0x00, 0x00, 0x00, 0x00, 0x00, 0x00, 0x00, 0x00, 0x00, 0x00, 0x00, 0x00, } },
  { .id = 2084, .a = 1329, .b = 866, .token = {' ', 'a', 'n', 'i', 'm', 'a', 'l', 's', 0x00, 0x00, 0x00, 0x00, 0x00, 0x00, 0x00, 0x00, 0x00, 0x00, 0x00, 0x00, 0x00, 0x00, 0x00, 0x00, 0x00, 0x00, 0x00, 0x00, 0x00, 0x00, 0x00, 0x00, } },
  { .id = 2085, .a = 562, .b = 812, .token = {' ', 'O', 'n', 'e', 0x00, 0x00, 0x00, 0x00, 0x00, 0x00, 0x00, 0x00, 0x00, 0x00, 0x00, 0x00, 0x00, 0x00, 0x00, 0x00, 0x00, 0x00, 0x00, 0x00, 0x00, 0x00, 0x00, 0x00, 0x00, 0x00, 0x00, 0x00, } },
  { .id = 2086, .a = 195, .b = 169, .token = {0xc3, 0xa9, 0x00, 0x00, 0x00, 0x00, 0x00, 0x00, 0x00, 0x00, 0x00, 0x00, 0x00, 0x00, 0x00, 0x00, 0x00, 0x00, 0x00, 0x00, 0x00, 0x00, 0x00, 0x00, 0x00, 0x00, 0x00, 0x00, 0x00, 0x00, 0x00, 0x00, } },
  { .id = 2087, .a = 911, .b = 264, .token = {' ', 'w', 'o', 'm', 'e', 'n', 0x00, 0x00, 0x00, 0x00, 0x00, 0x00, 0x00, 0x00, 0x00, 0x00, 0x00, 0x00, 0x00, 0x00, 0x00, 0x00, 0x00, 0x00, 0x00, 0x00, 0x00, 0x00, 0x00, 0x00, 0x00, 0x00, } },
  { .id = 2088, .a = 260, .b = 471, .token = {'i', 'n', 'k', 'i', 'n', 'g', 0x00, 0x00, 0x00, 0x00, 0x00, 0x00, 0x00, 0x00, 0x00, 0x00, 0x00, 0x00, 0x00, 0x00, 0x00, 0x00, 0x00, 0x00, 0x00, 0x00, 0x00, 0x00, 0x00, 0x00, 0x00, 0x00, } },
  { .id = 2089, .a = 331, .b = 116, .token = {' ', 'A', 't', 0x00, 0x00, 0x00, 0x00, 0x00, 0x00, 0x00, 0x00, 0x00, 0x00, 0x00, 0x00, 0x00, 0x00, 0x00, 0x00, 0x00, 0x00, 0x00, 0x00, 0x00, 0x00, 0x00, 0x00, 0x00, 0x00, 0x00, 0x00, 0x00, } },
  { .id = 2090, .a = 287, .b = 380, .token = {' ', 'm', 'a', 'g', 0x00, 0x00, 0x00, 0x00, 0x00, 0x00, 0x00, 0x00, 0x00, 0x00, 0x00, 0x00, 0x00, 0x00, 0x00, 0x00, 0x00, 0x00, 0x00, 0x00, 0x00, 0x00, 0x00, 0x00, 0x00, 0x00, 0x00, 0x00, } },
  { .id = 2091, .a = 401, .b = 978, .token = {' ', 'p', 'o', 'i', 'n', 't', 0x00, 0x00, 0x00, 0x00, 0x00, 0x00, 0x00, 0x00, 0x00, 0x00, 0x00, 0x00, 0x00, 0x00, 0x00, 0x00, 0x00, 0x00, 0x00, 0x00, 0x00, 0x00, 0x00, 0x00, 0x00, 0x00, } },
  { .id = 2092, .a = 1588, .b = 270, .token = {' ', 'c', 'h', 'a', 'n', 'g', 'e', 's', 0x00, 0x00, 0x00, 0x00, 0x00, 0x00, 0x00, 0x00, 0x00, 0x00, 0x00, 0x00, 0x00, 0x00, 0x00, 0x00, 0x00, 0x00, 0x00, 0x00, 0x00, 0x00, 0x00, 0x00, } },
  { .id = 2093, .a = 1282, .b = 893, .token = {' ', 'c', 'h', 'o', 'i', 'c', 'e', 's', 0x00, 0x00, 0x00, 0x00, 0x00, 0x00, 0x00, 0x00, 0x00, 0x00, 0x00, 0x00, 0x00, 0x00, 0x00, 0x00, 0x00, 0x00, 0x00, 0x00, 0x00, 0x00, 0x00, 0x00, } },
  { .id = 2094, .a = 271, .b = 110, .token = {'a', 'n', 'n', 0x00, 0x00, 0x00, 0x00, 0x00, 0x00, 0x00, 0x00, 0x00, 0x00, 0x00, 0x00, 0x00, 0x00, 0x00, 0x00, 0x00, 0x00, 0x00, 0x00, 0x00, 0x00, 0x00, 0x00, 0x00, 0x00, 0x00, 0x00, 0x00, } },
  { .id = 2095, .a = 323, .b = 263, .token = {'s', 't', 'e', 'r', 0x00, 0x00, 0x00, 0x00, 0x00, 0x00, 0x00, 0x00, 0x00, 0x00, 0x00, 0x00, 0x00, 0x00, 0x00, 0x00, 0x00, 0x00, 0x00, 0x00, 0x00, 0x00, 0x00, 0x00, 0x00, 0x00, 0x00, 0x00, } },
  { .id = 2096, .a = 1463, .b = 968, .token = {'f', 'f', 'i', 'c', 'i', 'e', 'n', 't', 0x00, 0x00, 0x00, 0x00, 0x00, 0x00, 0x00, 0x00, 0x00, 0x00, 0x00, 0x00, 0x00, 0x00, 0x00, 0x00, 0x00, 0x00, 0x00, 0x00, 0x00, 0x00, 0x00, 0x00, } },
  { .id = 2097, .a = 329, .b = 445, .token = {'u', 't', 'u', 'r', 'e', 0x00, 0x00, 0x00, 0x00, 0x00, 0x00, 0x00, 0x00, 0x00, 0x00, 0x00, 0x00, 0x00, 0x00, 0x00, 0x00, 0x00, 0x00, 0x00, 0x00, 0x00, 0x00, 0x00, 0x00, 0x00, 0x00, 0x00, } },
  { .id = 2098, .a = 331, .b = 109, .token = {' ', 'A', 'm', 0x00, 0x00, 0x00, 0x00, 0x00, 0x00, 0x00, 0x00, 0x00, 0x00, 0x00, 0x00, 0x00, 0x00, 0x00, 0x00, 0x00, 0x00, 0x00, 0x00, 0x00, 0x00, 0x00, 0x00, 0x00, 0x00, 0x00, 0x00, 0x00, } },
  { .id = 2099, .a = 424, .b = 267, .token = {' ', 'r', 'i', 's', 0x00, 0x00, 0x00, 0x00, 0x00, 0x00, 0x00, 0x00, 0x00, 0x00, 0x00, 0x00, 0x00, 0x00, 0x00, 0x00, 0x00, 0x00, 0x00, 0x00, 0x00, 0x00, 0x00, 0x00, 0x00, 0x00, 0x00, 0x00, } },
  { .id = 2100, .a = 804, .b = 553, .token = {' ', 'a', 'm', 'o', 'n', 'g', 0x00, 0x00, 0x00, 0x00, 0x00, 0x00, 0x00, 0x00, 0x00, 0x00, 0x00, 0x00, 0x00, 0x00, 0x00, 0x00, 0x00, 0x00, 0x00, 0x00, 0x00, 0x00, 0x00, 0x00, 0x00, 0x00, } },
  { .id = 2101, .a = 111, .b = 388, .token = {'o', 'p', 'e', 0x00, 0x00, 0x00, 0x00, 0x00, 0x00, 0x00, 0x00, 0x00, 0x00, 0x00, 0x00, 0x00, 0x00, 0x00, 0x00, 0x00, 0x00, 0x00, 0x00, 0x00, 0x00, 0x00, 0x00, 0x00, 0x00, 0x00, 0x00, 0x00, } },
  { .id = 2102, .a = 579, .b = 1009, .token = {'o', 'g', 'r', 'a', 'p', 'h', 0x00, 0x00, 0x00, 0x00, 0x00, 0x00, 0x00, 0x00, 0x00, 0x00, 0x00, 0x00, 0x00, 0x00, 0x00, 0x00, 0x00, 0x00, 0x00, 0x00, 0x00, 0x00, 0x00, 0x00, 0x00, 0x00, } },
  { .id = 2103, .a = 823, .b = 497, .token = {' ', 'U', 'n', 'd', 'e', 'r', 0x00, 0x00, 0x00, 0x00, 0x00, 0x00, 0x00, 0x00, 0x00, 0x00, 0x00, 0x00, 0x00, 0x00, 0x00, 0x00, 0x00, 0x00, 0x00, 0x00, 0x00, 0x00, 0x00, 0x00, 0x00, 0x00, } },
  { .id = 2104, .a = 269, .b = 592, .token = {' ', 'c', 'r', 'u', 0x00, 0x00, 0x00, 0x00, 0x00, 0x00, 0x00, 0x00, 0x00, 0x00, 0x00, 0x00, 0x00, 0x00, 0x00, 0x00, 0x00, 0x00, 0x00, 0x00, 0x00, 0x00, 0x00, 0x00, 0x00, 0x00, 0x00, 0x00, } },
  { .id = 2105, .a = 269, .b = 548, .token = {' ', 'c', 'o', 'u', 'r', 0x00, 0x00, 0x00, 0x00, 0x00, 0x00, 0x00, 0x00, 0x00, 0x00, 0x00, 0x00, 0x00, 0x00, 0x00, 0x00, 0x00, 0x00, 0x00, 0x00, 0x00, 0x00, 0x00, 0x00, 0x00, 0x00, 0x00, } },
  { .id = 2106, .a = 651, .b = 263, .token = {' ', 'p', 'l', 'a', 'y', 'e', 'r', 0x00, 0x00, 0x00, 0x00, 0x00, 0x00, 0x00, 0x00, 0x00, 0x00, 0x00, 0x00, 0x00, 0x00, 0x00, 0x00, 0x00, 0x00, 0x00, 0x00, 0x00, 0x00, 0x00, 0x00, 0x00, } },
  { .id = 2107, .a = 332, .b = 499, .token = {' ', 'S', 'o', 'm', 'e', 0x00, 0x00, 0x00, 0x00, 0x00, 0x00, 0x00, 0x00, 0x00, 0x00, 0x00, 0x00, 0x00, 0x00, 0x00, 0x00, 0x00, 0x00, 0x00, 0x00, 0x00, 0x00, 0x00, 0x00, 0x00, 0x00, 0x00, } },
  { .id = 2108, .a = 257, .b = 1488, .token = {' ', 't', 'i', 'm', 'e', 's', 0x00, 0x00, 0x00, 0x00, 0x00, 0x00, 0x00, 0x00, 0x00, 0x00, 0x00, 0x00, 0x00, 0x00, 0x00, 0x00, 0x00, 0x00, 0x00, 0x00, 0x00, 0x00, 0x00, 0x00, 0x00, 0x00, } },
  { .id = 2109, .a = 756, .b = 115, .token = {' ', 'h', 'e', 'l', 'p', 's', 0x00, 0x00, 0x00, 0x00, 0x00, 0x00, 0x00, 0x00, 0x00, 0x00, 0x00, 0x00, 0x00, 0x00, 0x00, 0x00, 0x00, 0x00, 0x00, 0x00, 0x00, 0x00, 0x00, 0x00, 0x00, 0x00, } },
  { .id = 2110, .a = 332, .b = 117, .token = {' ', 'S', 'u', 0x00, 0x00, 0x00, 0x00, 0x00, 0x00, 0x00, 0x00, 0x00, 0x00, 0x00, 0x00, 0x00, 0x00, 0x00, 0x00, 0x00, 0x00, 0x00, 0x00, 0x00, 0x00, 0x00, 0x00, 0x00, 0x00, 0x00, 0x00, 0x00, } },
  { .id = 2111, .a = 354, .b = 1726, .token = {' ', 'C', 'a', 'l', 'c', 'u', 'l', 'a', 't', 'e', 0x00, 0x00, 0x00, 0x00, 0x00, 0x00, 0x00, 0x00, 0x00, 0x00, 0x00, 0x00, 0x00, 0x00, 0x00, 0x00, 0x00, 0x00, 0x00, 0x00, 0x00, 0x00, } },
  { .id = 2112, .a = 412, .b = 458, .token = {'o', 'u', 'n', 'd', 's', 0x00, 0x00, 0x00, 0x00, 0x00, 0x00, 0x00, 0x00, 0x00, 0x00, 0x00, 0x00, 0x00, 0x00, 0x00, 0x00, 0x00, 0x00, 0x00, 0x00, 0x00, 0x00, 0x00, 0x00, 0x00, 0x00, 0x00, } },
  { .id = 2113, .a = 406, .b = 348, .token = {' ', 'v', 'e', 'r', 's', 0x00, 0x00, 0x00, 0x00, 0x00, 0x00, 0x00, 0x00, 0x00, 0x00, 0x00, 0x00, 0x00, 0x00, 0x00, 0x00, 0x00, 0x00, 0x00, 0x00, 0x00, 0x00, 0x00, 0x00, 0x00, 0x00, 0x00, } },
  { .id = 2114, .a = 266, .b = 337, .token = {'r', 'e', 'a', 'm', 0x00, 0x00, 0x00, 0x00, 0x00, 0x00, 0x00, 0x00, 0x00, 0x00, 0x00, 0x00, 0x00, 0x00, 0x00, 0x00, 0x00, 0x00, 0x00, 0x00, 0x00, 0x00, 0x00, 0x00, 0x00, 0x00, 0x00, 0x00, } },
  { .id = 2115, .a = 273, .b = 97, .token = {' ', 'w', 'a', 0x00, 0x00, 0x00, 0x00, 0x00, 0x00, 0x00, 0x00, 0x00, 0x00, 0x00, 0x00, 0x00, 0x00, 0x00, 0x00, 0x00, 0x00, 0x00, 0x00, 0x00, 0x00, 0x00, 0x00, 0x00, 0x00, 0x00, 0x00, 0x00, } },
  { .id = 2116, .a = 539, .b = 278, .token = {'a', 'b', 'o', 'r', 0x00, 0x00, 0x00, 0x00, 0x00, 0x00, 0x00, 0x00, 0x00, 0x00, 0x00, 0x00, 0x00, 0x00, 0x00, 0x00, 0x00, 0x00, 0x00, 0x00, 0x00, 0x00, 0x00, 0x00, 0x00, 0x00, 0x00, 0x00, } },
  { .id = 2117, .a = 83, .b = 933, .token = {'S', 'i', 'n', 'c', 'e', 0x00, 0x00, 0x00, 0x00, 0x00, 0x00, 0x00, 0x00, 0x00, 0x00, 0x00, 0x00, 0x00, 0x00, 0x00, 0x00, 0x00, 0x00, 0x00, 0x00, 0x00, 0x00, 0x00, 0x00, 0x00, 0x00, 0x00, } },
  { .id = 2118, .a = 395, .b = 356, .token = {' ', 'W', 'i', 't', 'h', 0x00, 0x00, 0x00, 0x00, 0x00, 0x00, 0x00, 0x00, 0x00, 0x00, 0x00, 0x00, 0x00, 0x00, 0x00, 0x00, 0x00, 0x00, 0x00, 0x00, 0x00, 0x00, 0x00, 0x00, 0x00, 0x00, 0x00, } },
  { .id = 2119, .a = 295, .b = 396, .token = {'a', 's', 't', 'e', 'r', 0x00, 0x00, 0x00, 0x00, 0x00, 0x00, 0x00, 0x00, 0x00, 0x00, 0x00, 0x00, 0x00, 0x00, 0x00, 0x00, 0x00, 0x00, 0x00, 0x00, 0x00, 0x00, 0x00, 0x00, 0x00, 0x00, 0x00, } },
  { .id = 2120, .a = 1791, .b = 370, .token = {' ', 'g', 'o', 'v', 'e', 'r', 'n', 'm', 'e', 'n', 't', 0x00, 0x00, 0x00, 0x00, 0x00, 0x00, 0x00, 0x00, 0x00, 0x00, 0x00, 0x00, 0x00, 0x00, 0x00, 0x00, 0x00, 0x00, 0x00, 0x00, 0x00, } },
  { .id = 2121, .a = 32, .b = 90, .token = {' ', 'Z', 0x00, 0x00, 0x00, 0x00, 0x00, 0x00, 0x00, 0x00, 0x00, 0x00, 0x00, 0x00, 0x00, 0x00, 0x00, 0x00, 0x00, 0x00, 0x00, 0x00, 0x00, 0x00, 0x00, 0x00, 0x00, 0x00, 0x00, 0x00, 0x00, 0x00, } },
  { .id = 2122, .a = 1700, .b = 912, .token = {'C', 'o', 'n', 'c', 'l', 'u', 's', 'i', 'o', 'n', 0x00, 0x00, 0x00, 0x00, 0x00, 0x00, 0x00, 0x00, 0x00, 0x00, 0x00, 0x00, 0x00, 0x00, 0x00, 0x00, 0x00, 0x00, 0x00, 0x00, 0x00, 0x00, } },
  { .id = 2123, .a = 843, .b = 358, .token = {' ', 'R', 'e', 'a', 'd', 0x00, 0x00, 0x00, 0x00, 0x00, 0x00, 0x00, 0x00, 0x00, 0x00, 0x00, 0x00, 0x00, 0x00, 0x00, 0x00, 0x00, 0x00, 0x00, 0x00, 0x00, 0x00, 0x00, 0x00, 0x00, 0x00, 0x00, } },
  { .id = 2124, .a = 386, .b = 108, .token = {' ', 'B', 'l', 0x00, 0x00, 0x00, 0x00, 0x00, 0x00, 0x00, 0x00, 0x00, 0x00, 0x00, 0x00, 0x00, 0x00, 0x00, 0x00, 0x00, 0x00, 0x00, 0x00, 0x00, 0x00, 0x00, 0x00, 0x00, 0x00, 0x00, 0x00, 0x00, } },
  { .id = 2125, .a = 928, .b = 315, .token = {' ', 'v', 'a', 'l', 'i', 'd', 0x00, 0x00, 0x00, 0x00, 0x00, 0x00, 0x00, 0x00, 0x00, 0x00, 0x00, 0x00, 0x00, 0x00, 0x00, 0x00, 0x00, 0x00, 0x00, 0x00, 0x00, 0x00, 0x00, 0x00, 0x00, 0x00, } },
  { .id = 2126, .a = 115, .b = 1172, .token = {'s', 'e', 'l', 'f', 0x00, 0x00, 0x00, 0x00, 0x00, 0x00, 0x00, 0x00, 0x00, 0x00, 0x00, 0x00, 0x00, 0x00, 0x00, 0x00, 0x00, 0x00, 0x00, 0x00, 0x00, 0x00, 0x00, 0x00, 0x00, 0x00, 0x00, 0x00, } },
  { .id = 2127, .a = 308, .b = 317, .token = {' ', 'l', 'o', 'w', 0x00, 0x00, 0x00, 0x00, 0x00, 0x00, 0x00, 0x00, 0x00, 0x00, 0x00, 0x00, 0x00, 0x00, 0x00, 0x00, 0x00, 0x00, 0x00, 0x00, 0x00, 0x00, 0x00, 0x00, 0x00, 0x00, 0x00, 0x00, } },
  { .id = 2128, .a = 333, .b = 1234, .token = {' ', 'c', 'o', 'n', 'v', 'e', 'r', 's', 0x00, 0x00, 0x00, 0x00, 0x00, 0x00, 0x00, 0x00, 0x00, 0x00, 0x00, 0x00, 0x00, 0x00, 0x00, 0x00, 0x00, 0x00, 0x00, 0x00, 0x00, 0x00, 0x00, 0x00, } },
  { .id = 2129, .a = 409, .b = 100, .token = {' ', 'p', 'r', 'e', 'd', 0x00, 0x00, 0x00, 0x00, 0x00, 0x00, 0x00, 0x00, 0x00, 0x00, 0x00, 0x00, 0x00, 0x00, 0x00, 0x00, 0x00, 0x00, 0x00, 0x00, 0x00, 0x00, 0x00, 0x00, 0x00, 0x00, 0x00, } },
  { .id = 2130, .a = 480, .b = 703, .token = {'p', 'l', 'o', 'y', 0x00, 0x00, 0x00, 0x00, 0x00, 0x00, 0x00, 0x00, 0x00, 0x00, 0x00, 0x00, 0x00, 0x00, 0x00, 0x00, 0x00, 0x00, 0x00, 0x00, 0x00, 0x00, 0x00, 0x00, 0x00, 0x00, 0x00, 0x00, } },
  { .id = 2131, .a = 491, .b = 109, .token = {' ', 'i', 'm', 'm', 0x00, 0x00, 0x00, 0x00, 0x00, 0x00, 0x00, 0x00, 0x00, 0x00, 0x00, 0x00, 0x00, 0x00, 0x00, 0x00, 0x00, 0x00, 0x00, 0x00, 0x00, 0x00, 0x00, 0x00, 0x00, 0x00, 0x00, 0x00, } },
  { .id = 2132, .a = 372, .b = 504, .token = {'v', 'e', 'r', 'a', 'g', 'e', 0x00, 0x00, 0x00, 0x00, 0x00, 0x00, 0x00, 0x00, 0x00, 0x00, 0x00, 0x00, 0x00, 0x00, 0x00, 0x00, 0x00, 0x00, 0x00, 0x00, 0x00, 0x00, 0x00, 0x00, 0x00, 0x00, } },
  { .id = 2133, .a = 477, .b = 109, .token = {' ', 'E', 'm', 0x00, 0x00, 0x00, 0x00, 0x00, 0x00, 0x00, 0x00, 0x00, 0x00, 0x00, 0x00, 0x00, 0x00, 0x00, 0x00, 0x00, 0x00, 0x00, 0x00, 0x00, 0x00, 0x00, 0x00, 0x00, 0x00, 0x00, 0x00, 0x00, } },
  { .id = 2134, .a = 386, .b = 740, .token = {' ', 'B', 'r', 'i', 't', 0x00, 0x00, 0x00, 0x00, 0x00, 0x00, 0x00, 0x00, 0x00, 0x00, 0x00, 0x00, 0x00, 0x00, 0x00, 0x00, 0x00, 0x00, 0x00, 0x00, 0x00, 0x00, 0x00, 0x00, 0x00, 0x00, 0x00, } },
  { .id = 2135, .a = 1744, .b = 1208, .token = {' ', 'b', 'e', 'n', 'e', 'f', 0x00, 0x00, 0x00, 0x00, 0x00, 0x00, 0x00, 0x00, 0x00, 0x00, 0x00, 0x00, 0x00, 0x00, 0x00, 0x00, 0x00, 0x00, 0x00, 0x00, 0x00, 0x00, 0x00, 0x00, 0x00, 0x00, } },
  { .id = 2136, .a = 307, .b = 270, .token = {'o', 'm', 'e', 's', 0x00, 0x00, 0x00, 0x00, 0x00, 0x00, 0x00, 0x00, 0x00, 0x00, 0x00, 0x00, 0x00, 0x00, 0x00, 0x00, 0x00, 0x00, 0x00, 0x00, 0x00, 0x00, 0x00, 0x00, 0x00, 0x00, 0x00, 0x00, } },
  { .id = 2137, .a = 1524, .b = 685, .token = {' ', 'c', 'a', 't', 'e', 'g', 'o', 'r', 'y', 0x00, 0x00, 0x00, 0x00, 0x00, 0x00, 0x00, 0x00, 0x00, 0x00, 0x00, 0x00, 0x00, 0x00, 0x00, 0x00, 0x00, 0x00, 0x00, 0x00, 0x00, 0x00, 0x00, } },
  { .id = 2138, .a = 724, .b = 352, .token = {' ', 'd', 'i', 'f', 'f', 'e', 'r', 'e', 'n', 'c', 'e', 0x00, 0x00, 0x00, 0x00, 0x00, 0x00, 0x00, 0x00, 0x00, 0x00, 0x00, 0x00, 0x00, 0x00, 0x00, 0x00, 0x00, 0x00, 0x00, 0x00, 0x00, } },
  { .id = 2139, .a = 1493, .b = 417, .token = {' ', 'b', 'i', 'r', 't', 'h', 0x00, 0x00, 0x00, 0x00, 0x00, 0x00, 0x00, 0x00, 0x00, 0x00, 0x00, 0x00, 0x00, 0x00, 0x00, 0x00, 0x00, 0x00, 0x00, 0x00, 0x00, 0x00, 0x00, 0x00, 0x00, 0x00, } },
  { .id = 2140, .a = 1868, .b = 1026, .token = {' ', 'c', 'h', 'a', 'l', 'l', 'e', 'n', 'g', 0x00, 0x00, 0x00, 0x00, 0x00, 0x00, 0x00, 0x00, 0x00, 0x00, 0x00, 0x00, 0x00, 0x00, 0x00, 0x00, 0x00, 0x00, 0x00, 0x00, 0x00, 0x00, 0x00, } },
  { .id = 2141, .a = 418, .b = 121, .token = {'a', 'c', 'y', 0x00, 0x00, 0x00, 0x00, 0x00, 0x00, 0x00, 0x00, 0x00, 0x00, 0x00, 0x00, 0x00, 0x00, 0x00, 0x00, 0x00, 0x00, 0x00, 0x00, 0x00, 0x00, 0x00, 0x00, 0x00, 0x00, 0x00, 0x00, 0x00, } },
  { .id = 2142, .a = 99, .b = 286, .token = {'c', 'e', 'n', 't', 0x00, 0x00, 0x00, 0x00, 0x00, 0x00, 0x00, 0x00, 0x00, 0x00, 0x00, 0x00, 0x00, 0x00, 0x00, 0x00, 0x00, 0x00, 0x00, 0x00, 0x00, 0x00, 0x00, 0x00, 0x00, 0x00, 0x00, 0x00, } },
  { .id = 2143, .a = 559, .b = 778, .token = {' ', 'c', 'l', 'o', 's', 'e', 0x00, 0x00, 0x00, 0x00, 0x00, 0x00, 0x00, 0x00, 0x00, 0x00, 0x00, 0x00, 0x00, 0x00, 0x00, 0x00, 0x00, 0x00, 0x00, 0x00, 0x00, 0x00, 0x00, 0x00, 0x00, 0x00, } },
  { .id = 2144, .a = 293, .b = 344, .token = {'l', 'e', 'e', 'p', 0x00, 0x00, 0x00, 0x00, 0x00, 0x00, 0x00, 0x00, 0x00, 0x00, 0x00, 0x00, 0x00, 0x00, 0x00, 0x00, 0x00, 0x00, 0x00, 0x00, 0x00, 0x00, 0x00, 0x00, 0x00, 0x00, 0x00, 0x00, } },
  { .id = 2145, .a = 1198, .b = 107, .token = {'w', 'o', 'r', 'k', 0x00, 0x00, 0x00, 0x00, 0x00, 0x00, 0x00, 0x00, 0x00, 0x00, 0x00, 0x00, 0x00, 0x00, 0x00, 0x00, 0x00, 0x00, 0x00, 0x00, 0x00, 0x00, 0x00, 0x00, 0x00, 0x00, 0x00, 0x00, } },
  { .id = 2146, .a = 800, .b = 827, .token = {'o', 'n', 's', 'i', 'd', 'e', 'r', 0x00, 0x00, 0x00, 0x00, 0x00, 0x00, 0x00, 0x00, 0x00, 0x00, 0x00, 0x00, 0x00, 0x00, 0x00, 0x00, 0x00, 0x00, 0x00, 0x00, 0x00, 0x00, 0x00, 0x00, 0x00, } },
  { .id = 2147, .a = 668, .b = 102, .token = {' ', 'd', 'i', 'f', 'f', 0x00, 0x00, 0x00, 0x00, 0x00, 0x00, 0x00, 0x00, 0x00, 0x00, 0x00, 0x00, 0x00, 0x00, 0x00, 0x00, 0x00, 0x00, 0x00, 0x00, 0x00, 0x00, 0x00, 0x00, 0x00, 0x00, 0x00, } },
  { .id = 2148, .a = 1576, .b = 119, .token = {' ', 'd', 'r', 'a', 'w', 0x00, 0x00, 0x00, 0x00, 0x00, 0x00, 0x00, 0x00, 0x00, 0x00, 0x00, 0x00, 0x00, 0x00, 0x00, 0x00, 0x00, 0x00, 0x00, 0x00, 0x00, 0x00, 0x00, 0x00, 0x00, 0x00, 0x00, } },
  { .id = 2149, .a = 273, .b = 1102, .token = {' ', 'w', 'a', 'r', 'm', 0x00, 0x00, 0x00, 0x00, 0x00, 0x00, 0x00, 0x00, 0x00, 0x00, 0x00, 0x00, 0x00, 0x00, 0x00, 0x00, 0x00, 0x00, 0x00, 0x00, 0x00, 0x00, 0x00, 0x00, 0x00, 0x00, 0x00, } },
  { .id = 2150, .a = 284, .b = 513, .token = {' ', 'i', 'n', 'f', 'e', 'r', 0x00, 0x00, 0x00, 0x00, 0x00, 0x00, 0x00, 0x00, 0x00, 0x00, 0x00, 0x00, 0x00, 0x00, 0x00, 0x00, 0x00, 0x00, 0x00, 0x00, 0x00, 0x00, 0x00, 0x00, 0x00, 0x00, } },
  { .id = 2151, .a = 1144, .b = 263, .token = {' ', 'c', 'a', 'r', 'e', 'e', 'r', 0x00, 0x00, 0x00, 0x00, 0x00, 0x00, 0x00, 0x00, 0x00, 0x00, 0x00, 0x00, 0x00, 0x00, 0x00, 0x00, 0x00, 0x00, 0x00, 0x00, 0x00, 0x00, 0x00, 0x00, 0x00, } },
  { .id = 2152, .a = 105, .b = 667, .token = {'i', 'o', 'd', 0x00, 0x00, 0x00, 0x00, 0x00, 0x00, 0x00, 0x00, 0x00, 0x00, 0x00, 0x00, 0x00, 0x00, 0x00, 0x00, 0x00, 0x00, 0x00, 0x00, 0x00, 0x00, 0x00, 0x00, 0x00, 0x00, 0x00, 0x00, 0x00, } },
  { .id = 2153, .a = 300, .b = 1891, .token = {' ', 'n', 'a', 'm', 'e', 'd', 0x00, 0x00, 0x00, 0x00, 0x00, 0x00, 0x00, 0x00, 0x00, 0x00, 0x00, 0x00, 0x00, 0x00, 0x00, 0x00, 0x00, 0x00, 0x00, 0x00, 0x00, 0x00, 0x00, 0x00, 0x00, 0x00, } },
  { .id = 2154, .a = 629, .b = 755, .token = {' ', 'r', 'o', 'c', 'k', 0x00, 0x00, 0x00, 0x00, 0x00, 0x00, 0x00, 0x00, 0x00, 0x00, 0x00, 0x00, 0x00, 0x00, 0x00, 0x00, 0x00, 0x00, 0x00, 0x00, 0x00, 0x00, 0x00, 0x00, 0x00, 0x00, 0x00, } },
  { .id = 2155, .a = 97, .b = 102, .token = {'a', 'f', 0x00, 0x00, 0x00, 0x00, 0x00, 0x00, 0x00, 0x00, 0x00, 0x00, 0x00, 0x00, 0x00, 0x00, 0x00, 0x00, 0x00, 0x00, 0x00, 0x00, 0x00, 0x00, 0x00, 0x00, 0x00, 0x00, 0x00, 0x00, 0x00, 0x00, } },
  { .id = 2156, .a = 753, .b = 110, .token = {'r', 'o', 'w', 'n', 0x00, 0x00, 0x00, 0x00, 0x00, 0x00, 0x00, 0x00, 0x00, 0x00, 0x00, 0x00, 0x00, 0x00, 0x00, 0x00, 0x00, 0x00, 0x00, 0x00, 0x00, 0x00, 0x00, 0x00, 0x00, 0x00, 0x00, 0x00, } },
  { .id = 2157, .a = 971, .b = 1169, .token = {' ', 'd', 'e', 'c', 'i', 's', 'i', 'o', 'n', 0x00, 0x00, 0x00, 0x00, 0x00, 0x00, 0x00, 0x00, 0x00, 0x00, 0x00, 0x00, 0x00, 0x00, 0x00, 0x00, 0x00, 0x00, 0x00, 0x00, 0x00, 0x00, 0x00, } },
  { .id = 2158, .a = 659, .b = 275, .token = {' ', 'p', 'r', 'o', 'v', 'i', 'd', 'i', 'n', 'g', 0x00, 0x00, 0x00, 0x00, 0x00, 0x00, 0x00, 0x00, 0x00, 0x00, 0x00, 0x00, 0x00, 0x00, 0x00, 0x00, 0x00, 0x00, 0x00, 0x00, 0x00, 0x00, } },
  { .id = 2159, .a = 1159, .b = 264, .token = {' ', 'h', 'a', 'p', 'p', 'e', 'n', 0x00, 0x00, 0x00, 0x00, 0x00, 0x00, 0x00, 0x00, 0x00, 0x00, 0x00, 0x00, 0x00, 0x00, 0x00, 0x00, 0x00, 0x00, 0x00, 0x00, 0x00, 0x00, 0x00, 0x00, 0x00, } },
  { .id = 2160, .a = 280, .b = 1231, .token = {' ', 'b', 'o', 'r', 'n', 0x00, 0x00, 0x00, 0x00, 0x00, 0x00, 0x00, 0x00, 0x00, 0x00, 0x00, 0x00, 0x00, 0x00, 0x00, 0x00, 0x00, 0x00, 0x00, 0x00, 0x00, 0x00, 0x00, 0x00, 0x00, 0x00, 0x00, } },
  { .id = 2161, .a = 1742, .b = 469, .token = {' ', 'm', 'u', 'l', 't', 'i', 'p', 'l', 'e', 0x00, 0x00, 0x00, 0x00, 0x00, 0x00, 0x00, 0x00, 0x00, 0x00, 0x00, 0x00, 0x00, 0x00, 0x00, 0x00, 0x00, 0x00, 0x00, 0x00, 0x00, 0x00, 0x00, } },
  { .id = 2162, .a = 300, .b = 460, .token = {' ', 'n', 'i', 'g', 'h', 't', 0x00, 0x00, 0x00, 0x00, 0x00, 0x00, 0x00, 0x00, 0x00, 0x00, 0x00, 0x00, 0x00, 0x00, 0x00, 0x00, 0x00, 0x00, 0x00, 0x00, 0x00, 0x00, 0x00, 0x00, 0x00, 0x00, } },
  { .id = 2163, .a = 291, .b = 339, .token = {' ', 'd', 'i', 'g', 0x00, 0x00, 0x00, 0x00, 0x00, 0x00, 0x00, 0x00, 0x00, 0x00, 0x00, 0x00, 0x00, 0x00, 0x00, 0x00, 0x00, 0x00, 0x00, 0x00, 0x00, 0x00, 0x00, 0x00, 0x00, 0x00, 0x00, 0x00, } },
  { .id = 2164, .a = 1425, .b = 417, .token = {' ', 'm', 'o', 'n', 't', 'h', 0x00, 0x00, 0x00, 0x00, 0x00, 0x00, 0x00, 0x00, 0x00, 0x00, 0x00, 0x00, 0x00, 0x00, 0x00, 0x00, 0x00, 0x00, 0x00, 0x00, 0x00, 0x00, 0x00, 0x00, 0x00, 0x00, } },
  { .id = 2165, .a = 1629, .b = 582, .token = {' ', 'n', 'e', 'c', 'e', 's', 's', 'a', 'r', 'y', 0x00, 0x00, 0x00, 0x00, 0x00, 0x00, 0x00, 0x00, 0x00, 0x00, 0x00, 0x00, 0x00, 0x00, 0x00, 0x00, 0x00, 0x00, 0x00, 0x00, 0x00, 0x00, } },
  { .id = 2166, .a = 731, .b = 115, .token = {' ', 't', 'e', 'l', 'l', 's', 0x00, 0x00, 0x00, 0x00, 0x00, 0x00, 0x00, 0x00, 0x00, 0x00, 0x00, 0x00, 0x00, 0x00, 0x00, 0x00, 0x00, 0x00, 0x00, 0x00, 0x00, 0x00, 0x00, 0x00, 0x00, 0x00, } },
  { .id = 2167, .a = 32, .b = 120, .token = {' ', 'x', 0x00, 0x00, 0x00, 0x00, 0x00, 0x00, 0x00, 0x00, 0x00, 0x00, 0x00, 0x00, 0x00, 0x00, 0x00, 0x00, 0x00, 0x00, 0x00, 0x00, 0x00, 0x00, 0x00, 0x00, 0x00, 0x00, 0x00, 0x00, 0x00, 0x00, } },
  { .id = 2168, .a = 702, .b = 282, .token = {' ', 'g', 'o', 'a', 'l', 0x00, 0x00, 0x00, 0x00, 0x00, 0x00, 0x00, 0x00, 0x00, 0x00, 0x00, 0x00, 0x00, 0x00, 0x00, 0x00, 0x00, 0x00, 0x00, 0x00, 0x00, 0x00, 0x00, 0x00, 0x00, 0x00, 0x00, } },
  { .id = 2169, .a = 52, .b = 48, .token = {'4', '0', 0x00, 0x00, 0x00, 0x00, 0x00, 0x00, 0x00, 0x00, 0x00, 0x00, 0x00, 0x00, 0x00, 0x00, 0x00, 0x00, 0x00, 0x00, 0x00, 0x00, 0x00, 0x00, 0x00, 0x00, 0x00, 0x00, 0x00, 0x00, 0x00, 0x00, } },
  { .id = 2170, .a = 548, .b = 305, .token = {'o', 'u', 'r', 'c', 'e', 0x00, 0x00, 0x00, 0x00, 0x00, 0x00, 0x00, 0x00, 0x00, 0x00, 0x00, 0x00, 0x00, 0x00, 0x00, 0x00, 0x00, 0x00, 0x00, 0x00, 0x00, 0x00, 0x00, 0x00, 0x00, 0x00, 0x00, } },
  { .id = 2171, .a = 114, .b = 314, .token = {'r', 'a', 't', 'i', 'o', 'n', 0x00, 0x00, 0x00, 0x00, 0x00, 0x00, 0x00, 0x00, 0x00, 0x00, 0x00, 0x00, 0x00, 0x00, 0x00, 0x00, 0x00, 0x00, 0x00, 0x00, 0x00, 0x00, 0x00, 0x00, 0x00, 0x00, } },
  { .id = 2172, .a = 1333, .b = 1567, .token = {' ', 't', 'e', 'c', 'h', 'n', 'o', 'l', 'o', 'g', 'y', 0x00, 0x00, 0x00, 0x00, 0x00, 0x00, 0x00, 0x00, 0x00, 0x00, 0x00, 0x00, 0x00, 0x00, 0x00, 0x00, 0x00, 0x00, 0x00, 0x00, 0x00, } },
  { .id = 2173, .a = 291, .b = 798, .token = {' ', 'd', 'a', 'y', 's', 0x00, 0x00, 0x00, 0x00, 0x00, 0x00, 0x00, 0x00, 0x00, 0x00, 0x00, 0x00, 0x00, 0x00, 0x00, 0x00, 0x00, 0x00, 0x00, 0x00, 0x00, 0x00, 0x00, 0x00, 0x00, 0x00, 0x00, } },
  { .id = 2174, .a = 274, .b = 357, .token = {' ', 'p', 'u', 'n', 0x00, 0x00, 0x00, 0x00, 0x00, 0x00, 0x00, 0x00, 0x00, 0x00, 0x00, 0x00, 0x00, 0x00, 0x00, 0x00, 0x00, 0x00, 0x00, 0x00, 0x00, 0x00, 0x00, 0x00, 0x00, 0x00, 0x00, 0x00, } },
  { .id = 2175, .a = 294, .b = 567, .token = {'i', 'c', 'u', 'l', 't', 0x00, 0x00, 0x00, 0x00, 0x00, 0x00, 0x00, 0x00, 0x00, 0x00, 0x00, 0x00, 0x00, 0x00, 0x00, 0x00, 0x00, 0x00, 0x00, 0x00, 0x00, 0x00, 0x00, 0x00, 0x00, 0x00, 0x00, } },
  { .id = 2176, .a = 490, .b = 358, .token = {' ', 't', 'r', 'a', 'd', 0x00, 0x00, 0x00, 0x00, 0x00, 0x00, 0x00, 0x00, 0x00, 0x00, 0x00, 0x00, 0x00, 0x00, 0x00, 0x00, 0x00, 0x00, 0x00, 0x00, 0x00, 0x00, 0x00, 0x00, 0x00, 0x00, 0x00, } },
  { .id = 2177, .a = 276, .b = 351, .token = {'i', 't', 'h', 'e', 'r', 0x00, 0x00, 0x00, 0x00, 0x00, 0x00, 0x00, 0x00, 0x00, 0x00, 0x00, 0x00, 0x00, 0x00, 0x00, 0x00, 0x00, 0x00, 0x00, 0x00, 0x00, 0x00, 0x00, 0x00, 0x00, 0x00, 0x00, } },
  { .id = 2178, .a = 401, .b = 318, .token = {' ', 'p', 'o', 's', 's', 0x00, 0x00, 0x00, 0x00, 0x00, 0x00, 0x00, 0x00, 0x00, 0x00, 0x00, 0x00, 0x00, 0x00, 0x00, 0x00, 0x00, 0x00, 0x00, 0x00, 0x00, 0x00, 0x00, 0x00, 0x00, 0x00, 0x00, } },
  { .id = 2179, .a = 1178, .b = 664, .token = {' ', 's', 't', 'u', 'd', 'e', 'n', 't', 's', 0x00, 0x00, 0x00, 0x00, 0x00, 0x00, 0x00, 0x00, 0x00, 0x00, 0x00, 0x00, 0x00, 0x00, 0x00, 0x00, 0x00, 0x00, 0x00, 0x00, 0x00, 0x00, 0x00, } },
  { .id = 2180, .a = 1450, .b = 471, .token = {' ', 'w', 'a', 'l', 'k', 'i', 'n', 'g', 0x00, 0x00, 0x00, 0x00, 0x00, 0x00, 0x00, 0x00, 0x00, 0x00, 0x00, 0x00, 0x00, 0x00, 0x00, 0x00, 0x00, 0x00, 0x00, 0x00, 0x00, 0x00, 0x00, 0x00, } },
  { .id = 2181, .a = 335, .b = 1374, .token = {' ', 'i', 't', 'e', 'm', 's', 0x00, 0x00, 0x00, 0x00, 0x00, 0x00, 0x00, 0x00, 0x00, 0x00, 0x00, 0x00, 0x00, 0x00, 0x00, 0x00, 0x00, 0x00, 0x00, 0x00, 0x00, 0x00, 0x00, 0x00, 0x00, 0x00, } },
  { .id = 2182, .a = 304, .b = 757, .token = {' ', 'r', 'e', 'a', 'l', 'l', 'y', 0x00, 0x00, 0x00, 0x00, 0x00, 0x00, 0x00, 0x00, 0x00, 0x00, 0x00, 0x00, 0x00, 0x00, 0x00, 0x00, 0x00, 0x00, 0x00, 0x00, 0x00, 0x00, 0x00, 0x00, 0x00, } },
  { .id = 2183, .a = 287, .b = 377, .token = {' ', 'm', 'e', 's', 's', 0x00, 0x00, 0x00, 0x00, 0x00, 0x00, 0x00, 0x00, 0x00, 0x00, 0x00, 0x00, 0x00, 0x00, 0x00, 0x00, 0x00, 0x00, 0x00, 0x00, 0x00, 0x00, 0x00, 0x00, 0x00, 0x00, 0x00, } },
  { .id = 2184, .a = 83, .b = 101, .token = {'S', 'e', 0x00, 0x00, 0x00, 0x00, 0x00, 0x00, 0x00, 0x00, 0x00, 0x00, 0x00, 0x00, 0x00, 0x00, 0x00, 0x00, 0x00, 0x00, 0x00, 0x00, 0x00, 0x00, 0x00, 0x00, 0x00, 0x00, 0x00, 0x00, 0x00, 0x00, } },
  { .id = 2185, .a = 100, .b = 100, .token = {'d', 'd', 0x00, 0x00, 0x00, 0x00, 0x00, 0x00, 0x00, 0x00, 0x00, 0x00, 0x00, 0x00, 0x00, 0x00, 0x00, 0x00, 0x00, 0x00, 0x00, 0x00, 0x00, 0x00, 0x00, 0x00, 0x00, 0x00, 0x00, 0x00, 0x00, 0x00, } },
  { .id = 2186, .a = 530, .b = 271, .token = {'e', 'r', 'm', 'a', 'n', 0x00, 0x00, 0x00, 0x00, 0x00, 0x00, 0x00, 0x00, 0x00, 0x00, 0x00, 0x00, 0x00, 0x00, 0x00, 0x00, 0x00, 0x00, 0x00, 0x00, 0x00, 0x00, 0x00, 0x00, 0x00, 0x00, 0x00, } },
  { .id = 2187, .a = 706, .b = 321, .token = {' ', 'c', 'o', 'n', 's', 'i', 's', 't', 0x00, 0x00, 0x00, 0x00, 0x00, 0x00, 0x00, 0x00, 0x00, 0x00, 0x00, 0x00, 0x00, 0x00, 0x00, 0x00, 0x00, 0x00, 0x00, 0x00, 0x00, 0x00, 0x00, 0x00, } },
  { .id = 2188, .a = 539, .b = 777, .token = {'a', 'b', 'l', 'e', 's', 0x00, 0x00, 0x00, 0x00, 0x00, 0x00, 0x00, 0x00, 0x00, 0x00, 0x00, 0x00, 0x00, 0x00, 0x00, 0x00, 0x00, 0x00, 0x00, 0x00, 0x00, 0x00, 0x00, 0x00, 0x00, 0x00, 0x00, } },
  { .id = 2189, .a = 440, .b = 1108, .token = {' ', 'u', 's', 'u', 'a', 'l', 'l', 'y', 0x00, 0x00, 0x00, 0x00, 0x00, 0x00, 0x00, 0x00, 0x00, 0x00, 0x00, 0x00, 0x00, 0x00, 0x00, 0x00, 0x00, 0x00, 0x00, 0x00, 0x00, 0x00, 0x00, 0x00, } },
  { .id = 2190, .a = 918, .b = 283, .token = {' ', 'd', 'e', 's', 'c', 'r', 'i', 'b', 'e', 'd', 0x00, 0x00, 0x00, 0x00, 0x00, 0x00, 0x00, 0x00, 0x00, 0x00, 0x00, 0x00, 0x00, 0x00, 0x00, 0x00, 0x00, 0x00, 0x00, 0x00, 0x00, 0x00, } },
  { .id = 2191, .a = 403, .b = 472, .token = {' ', 'h', 'e', 'a', 'r', 't', 0x00, 0x00, 0x00, 0x00, 0x00, 0x00, 0x00, 0x00, 0x00, 0x00, 0x00, 0x00, 0x00, 0x00, 0x00, 0x00, 0x00, 0x00, 0x00, 0x00, 0x00, 0x00, 0x00, 0x00, 0x00, 0x00, } },
  { .id = 2192, .a = 406, .b = 419, .token = {' ', 'v', 'i', 'e', 0x00, 0x00, 0x00, 0x00, 0x00, 0x00, 0x00, 0x00, 0x00, 0x00, 0x00, 0x00, 0x00, 0x00, 0x00, 0x00, 0x00, 0x00, 0x00, 0x00, 0x00, 0x00, 0x00, 0x00, 0x00, 0x00, 0x00, 0x00, } },
  { .id = 2193, .a = 540, .b = 118, .token = {' ', 'a', 'd', 'v', 0x00, 0x00, 0x00, 0x00, 0x00, 0x00, 0x00, 0x00, 0x00, 0x00, 0x00, 0x00, 0x00, 0x00, 0x00, 0x00, 0x00, 0x00, 0x00, 0x00, 0x00, 0x00, 0x00, 0x00, 0x00, 0x00, 0x00, 0x00, } },
  { .id = 2194, .a = 1652, .b = 1093, .token = {' ', 'p', 'r', 'o', 'f', 'e', 's', 's', 'i', 'o', 'n', 'a', 'l', 0x00, 0x00, 0x00, 0x00, 0x00, 0x00, 0x00, 0x00, 0x00, 0x00, 0x00, 0x00, 0x00, 0x00, 0x00, 0x00, 0x00, 0x00, 0x00, } },
  { .id = 2195, .a = 647, .b = 936, .token = {' ', 's', 'o', 'f', 't', 0x00, 0x00, 0x00, 0x00, 0x00, 0x00, 0x00, 0x00, 0x00, 0x00, 0x00, 0x00, 0x00, 0x00, 0x00, 0x00, 0x00, 0x00, 0x00, 0x00, 0x00, 0x00, 0x00, 0x00, 0x00, 0x00, 0x00, } },
  { .id = 2196, .a = 996, .b = 343, .token = {'r', 'e', 'n', 'c', 'h', 0x00, 0x00, 0x00, 0x00, 0x00, 0x00, 0x00, 0x00, 0x00, 0x00, 0x00, 0x00, 0x00, 0x00, 0x00, 0x00, 0x00, 0x00, 0x00, 0x00, 0x00, 0x00, 0x00, 0x00, 0x00, 0x00, 0x00, } },
  { .id = 2197, .a = 1469, .b = 97, .token = {' ', 'i', 'd', 'e', 'a', 0x00, 0x00, 0x00, 0x00, 0x00, 0x00, 0x00, 0x00, 0x00, 0x00, 0x00, 0x00, 0x00, 0x00, 0x00, 0x00, 0x00, 0x00, 0x00, 0x00, 0x00, 0x00, 0x00, 0x00, 0x00, 0x00, 0x00, } },
  { .id = 2198, .a = 1830, .b = 107, .token = {' ', 'w', 'e', 'e', 'k', 0x00, 0x00, 0x00, 0x00, 0x00, 0x00, 0x00, 0x00, 0x00, 0x00, 0x00, 0x00, 0x00, 0x00, 0x00, 0x00, 0x00, 0x00, 0x00, 0x00, 0x00, 0x00, 0x00, 0x00, 0x00, 0x00, 0x00, } },
  { .id = 2199, .a = 308, .b = 324, .token = {' ', 'l', 'i', 'm', 0x00, 0x00, 0x00, 0x00, 0x00, 0x00, 0x00, 0x00, 0x00, 0x00, 0x00, 0x00, 0x00, 0x00, 0x00, 0x00, 0x00, 0x00, 0x00, 0x00, 0x00, 0x00, 0x00, 0x00, 0x00, 0x00, 0x00, 0x00, } },
  { .id = 2200, .a = 320, .b = 108, .token = {'o', 'l', 'l', 0x00, 0x00, 0x00, 0x00, 0x00, 0x00, 0x00, 0x00, 0x00, 0x00, 0x00, 0x00, 0x00, 0x00, 0x00, 0x00, 0x00, 0x00, 0x00, 0x00, 0x00, 0x00, 0x00, 0x00, 0x00, 0x00, 0x00, 0x00, 0x00, } },
  { .id = 2201, .a = 1721, .b = 286, .token = {' ', 'c', 'u', 'r', 'r', 'e', 'n', 't', 0x00, 0x00, 0x00, 0x00, 0x00, 0x00, 0x00, 0x00, 0x00, 0x00, 0x00, 0x00, 0x00, 0x00, 0x00, 0x00, 0x00, 0x00, 0x00, 0x00, 0x00, 0x00, 0x00, 0x00, } },
  { .id = 2202, .a = 279, .b = 2097, .token = {' ', 'f', 'u', 't', 'u', 'r', 'e', 0x00, 0x00, 0x00, 0x00, 0x00, 0x00, 0x00, 0x00, 0x00, 0x00, 0x00, 0x00, 0x00, 0x00, 0x00, 0x00, 0x00, 0x00, 0x00, 0x00, 0x00, 0x00, 0x00, 0x00, 0x00, } },
  { .id = 2203, .a = 32, .b = 1096, .token = {' ', 'i', 'd', 'e', 'n', 't', 0x00, 0x00, 0x00, 0x00, 0x00, 0x00, 0x00, 0x00, 0x00, 0x00, 0x00, 0x00, 0x00, 0x00, 0x00, 0x00, 0x00, 0x00, 0x00, 0x00, 0x00, 0x00, 0x00, 0x00, 0x00, 0x00, } },
  { .id = 2204, .a = 665, .b = 283, .token = {' ', 'n', 'e', 'e', 'd', 'e', 'd', 0x00, 0x00, 0x00, 0x00, 0x00, 0x00, 0x00, 0x00, 0x00, 0x00, 0x00, 0x00, 0x00, 0x00, 0x00, 0x00, 0x00, 0x00, 0x00, 0x00, 0x00, 0x00, 0x00, 0x00, 0x00, } },
  { .id = 2205, .a = 357, .b = 103, .token = {'u', 'n', 'g', 0x00, 0x00, 0x00, 0x00, 0x00, 0x00, 0x00, 0x00, 0x00, 0x00, 0x00, 0x00, 0x00, 0x00, 0x00, 0x00, 0x00, 0x00, 0x00, 0x00, 0x00, 0x00, 0x00, 0x00, 0x00, 0x00, 0x00, 0x00, 0x00, } },
  { .id = 2206, .a = 434, .b = 115, .token = {' ', 'a', 'b', 's', 0x00, 0x00, 0x00, 0x00, 0x00, 0x00, 0x00, 0x00, 0x00, 0x00, 0x00, 0x00, 0x00, 0x00, 0x00, 0x00, 0x00, 0x00, 0x00, 0x00, 0x00, 0x00, 0x00, 0x00, 0x00, 0x00, 0x00, 0x00, } },
  { .id = 2207, .a = 106, .b = 278, .token = {'j', 'o', 'r', 0x00, 0x00, 0x00, 0x00, 0x00, 0x00, 0x00, 0x00, 0x00, 0x00, 0x00, 0x00, 0x00, 0x00, 0x00, 0x00, 0x00, 0x00, 0x00, 0x00, 0x00, 0x00, 0x00, 0x00, 0x00, 0x00, 0x00, 0x00, 0x00, } },
  { .id = 2208, .a = 414, .b = 290, .token = {' ', 'M', 'a', 'r', 0x00, 0x00, 0x00, 0x00, 0x00, 0x00, 0x00, 0x00, 0x00, 0x00, 0x00, 0x00, 0x00, 0x00, 0x00, 0x00, 0x00, 0x00, 0x00, 0x00, 0x00, 0x00, 0x00, 0x00, 0x00, 0x00, 0x00, 0x00, } },
  { .id = 2209, .a = 489, .b = 317, .token = {' ', 'N', 'o', 'w', 0x00, 0x00, 0x00, 0x00, 0x00, 0x00, 0x00, 0x00, 0x00, 0x00, 0x00, 0x00, 0x00, 0x00, 0x00, 0x00, 0x00, 0x00, 0x00, 0x00, 0x00, 0x00, 0x00, 0x00, 0x00, 0x00, 0x00, 0x00, } },
  { .id = 2210, .a = 340, .b = 98, .token = {'u', 'r', 'b', 0x00, 0x00, 0x00, 0x00, 0x00, 0x00, 0x00, 0x00, 0x00, 0x00, 0x00, 0x00, 0x00, 0x00, 0x00, 0x00, 0x00, 0x00, 0x00, 0x00, 0x00, 0x00, 0x00, 0x00, 0x00, 0x00, 0x00, 0x00, 0x00, } },
  { .id = 2211, .a = 1899, .b = 664, .token = {' ', 'c', 'o', 'm', 'p', 'o', 'n', 'e', 'n', 't', 's', 0x00, 0x00, 0x00, 0x00, 0x00, 0x00, 0x00, 0x00, 0x00, 0x00, 0x00, 0x00, 0x00, 0x00, 0x00, 0x00, 0x00, 0x00, 0x00, 0x00, 0x00, } },
  { .id = 2212, .a = 269, .b = 1662, .token = {' ', 'c', 'e', 'r', 't', 'a', 'i', 'n', 0x00, 0x00, 0x00, 0x00, 0x00, 0x00, 0x00, 0x00, 0x00, 0x00, 0x00, 0x00, 0x00, 0x00, 0x00, 0x00, 0x00, 0x00, 0x00, 0x00, 0x00, 0x00, 0x00, 0x00, } },
  { .id = 2213, .a = 316, .b = 275, .token = {'l', 'y', 'i', 'n', 'g', 0x00, 0x00, 0x00, 0x00, 0x00, 0x00, 0x00, 0x00, 0x00, 0x00, 0x00, 0x00, 0x00, 0x00, 0x00, 0x00, 0x00, 0x00, 0x00, 0x00, 0x00, 0x00, 0x00, 0x00, 0x00, 0x00, 0x00, } },
  { .id = 2214, .a = 279, .b = 436, .token = {' ', 'f', 'a', 'l', 'l', 0x00, 0x00, 0x00, 0x00, 0x00, 0x00, 0x00, 0x00, 0x00, 0x00, 0x00, 0x00, 0x00, 0x00, 0x00, 0x00, 0x00, 0x00, 0x00, 0x00, 0x00, 0x00, 0x00, 0x00, 0x00, 0x00, 0x00, } },
  { .id = 2215, .a = 465, .b = 344, .token = {' ', 'd', 'e', 'e', 'p', 0x00, 0x00, 0x00, 0x00, 0x00, 0x00, 0x00, 0x00, 0x00, 0x00, 0x00, 0x00, 0x00, 0x00, 0x00, 0x00, 0x00, 0x00, 0x00, 0x00, 0x00, 0x00, 0x00, 0x00, 0x00, 0x00, 0x00, } },
  { .id = 2216, .a = 691, .b = 263, .token = {' ', 'n', 'u', 'm', 'e', 'r', 0x00, 0x00, 0x00, 0x00, 0x00, 0x00, 0x00, 0x00, 0x00, 0x00, 0x00, 0x00, 0x00, 0x00, 0x00, 0x00, 0x00, 0x00, 0x00, 0x00, 0x00, 0x00, 0x00, 0x00, 0x00, 0x00, } },
  { .id = 2217, .a = 308, .b = 345, .token = {' ', 'l', 'a', 'y', 0x00, 0x00, 0x00, 0x00, 0x00, 0x00, 0x00, 0x00, 0x00, 0x00, 0x00, 0x00, 0x00, 0x00, 0x00, 0x00, 0x00, 0x00, 0x00, 0x00, 0x00, 0x00, 0x00, 0x00, 0x00, 0x00, 0x00, 0x00, } },
  { .id = 2218, .a = 1115, .b = 504, .token = {' ', 'p', 'a', 's', 's', 'a', 'g', 'e', 0x00, 0x00, 0x00, 0x00, 0x00, 0x00, 0x00, 0x00, 0x00, 0x00, 0x00, 0x00, 0x00, 0x00, 0x00, 0x00, 0x00, 0x00, 0x00, 0x00, 0x00, 0x00, 0x00, 0x00, } },
  { .id = 2219, .a = 403, .b = 268, .token = {' ', 'h', 'e', 'a', 't', 0x00, 0x00, 0x00, 0x00, 0x00, 0x00, 0x00, 0x00, 0x00, 0x00, 0x00, 0x00, 0x00, 0x00, 0x00, 0x00, 0x00, 0x00, 0x00, 0x00, 0x00, 0x00, 0x00, 0x00, 0x00, 0x00, 0x00, } },
  { .id = 2220, .a = 98, .b = 262, .token = {'b', 'o', 'n', 0x00, 0x00, 0x00, 0x00, 0x00, 0x00, 0x00, 0x00, 0x00, 0x00, 0x00, 0x00, 0x00, 0x00, 0x00, 0x00, 0x00, 0x00, 0x00, 0x00, 0x00, 0x00, 0x00, 0x00, 0x00, 0x00, 0x00, 0x00, 0x00, } },
  { .id = 2221, .a = 646, .b = 119, .token = {' ', 'f', 'e', 'w', 0x00, 0x00, 0x00, 0x00, 0x00, 0x00, 0x00, 0x00, 0x00, 0x00, 0x00, 0x00, 0x00, 0x00, 0x00, 0x00, 0x00, 0x00, 0x00, 0x00, 0x00, 0x00, 0x00, 0x00, 0x00, 0x00, 0x00, 0x00, } },
  { .id = 2222, .a = 542, .b = 548, .token = {' ', 'j', 'o', 'u', 'r', 0x00, 0x00, 0x00, 0x00, 0x00, 0x00, 0x00, 0x00, 0x00, 0x00, 0x00, 0x00, 0x00, 0x00, 0x00, 0x00, 0x00, 0x00, 0x00, 0x00, 0x00, 0x00, 0x00, 0x00, 0x00, 0x00, 0x00, } },
  { .id = 2223, .a = 737, .b = 303, .token = {' ', 'p', 'h', 'o', 't', 0x00, 0x00, 0x00, 0x00, 0x00, 0x00, 0x00, 0x00, 0x00, 0x00, 0x00, 0x00, 0x00, 0x00, 0x00, 0x00, 0x00, 0x00, 0x00, 0x00, 0x00, 0x00, 0x00, 0x00, 0x00, 0x00, 0x00, } },
  { .id = 2224, .a = 393, .b = 553, .token = {' ', 'a', 'l', 'o', 'n', 'g', 0x00, 0x00, 0x00, 0x00, 0x00, 0x00, 0x00, 0x00, 0x00, 0x00, 0x00, 0x00, 0x00, 0x00, 0x00, 0x00, 0x00, 0x00, 0x00, 0x00, 0x00, 0x00, 0x00, 0x00, 0x00, 0x00, } },
  { .id = 2225, .a = 386, .b = 599, .token = {' ', 'B', 'o', 't', 'h', 0x00, 0x00, 0x00, 0x00, 0x00, 0x00, 0x00, 0x00, 0x00, 0x00, 0x00, 0x00, 0x00, 0x00, 0x00, 0x00, 0x00, 0x00, 0x00, 0x00, 0x00, 0x00, 0x00, 0x00, 0x00, 0x00, 0x00, } },
  { .id = 2226, .a = 843, .b = 1687, .token = {' ', 'R', 'e', 'v', 'i', 'e', 'w', 0x00, 0x00, 0x00, 0x00, 0x00, 0x00, 0x00, 0x00, 0x00, 0x00, 0x00, 0x00, 0x00, 0x00, 0x00, 0x00, 0x00, 0x00, 0x00, 0x00, 0x00, 0x00, 0x00, 0x00, 0x00, } },
  { .id = 2227, .a = 349, .b = 282, .token = {'i', 'v', 'a', 'l', 0x00, 0x00, 0x00, 0x00, 0x00, 0x00, 0x00, 0x00, 0x00, 0x00, 0x00, 0x00, 0x00, 0x00, 0x00, 0x00, 0x00, 0x00, 0x00, 0x00, 0x00, 0x00, 0x00, 0x00, 0x00, 0x00, 0x00, 0x00, } },
  { .id = 2228, .a = 354, .b = 266, .token = {' ', 'C', 'r', 'e', 0x00, 0x00, 0x00, 0x00, 0x00, 0x00, 0x00, 0x00, 0x00, 0x00, 0x00, 0x00, 0x00, 0x00, 0x00, 0x00, 0x00, 0x00, 0x00, 0x00, 0x00, 0x00, 0x00, 0x00, 0x00, 0x00, 0x00, 0x00, } },
  { .id = 2229, .a = 32, .b = 124, .token = {' ', '|', 0x00, 0x00, 0x00, 0x00, 0x00, 0x00, 0x00, 0x00, 0x00, 0x00, 0x00, 0x00, 0x00, 0x00, 0x00, 0x00, 0x00, 0x00, 0x00, 0x00, 0x00, 0x00, 0x00, 0x00, 0x00, 0x00, 0x00, 0x00, 0x00, 0x00, } },
  { .id = 2230, .a = 278, .b = 107, .token = {'o', 'r', 'k', 0x00, 0x00, 0x00, 0x00, 0x00, 0x00, 0x00, 0x00, 0x00, 0x00, 0x00, 0x00, 0x00, 0x00, 0x00, 0x00, 0x00, 0x00, 0x00, 0x00, 0x00, 0x00, 0x00, 0x00, 0x00, 0x00, 0x00, 0x00, 0x00, } },
  { .id = 2231, .a = 326, .b = 1677, .token = {' ', 'b', 'e', 'a', 'u', 't', 0x00, 0x00, 0x00, 0x00, 0x00, 0x00, 0x00, 0x00, 0x00, 0x00, 0x00, 0x00, 0x00, 0x00, 0x00, 0x00, 0x00, 0x00, 0x00, 0x00, 0x00, 0x00, 0x00, 0x00, 0x00, 0x00, } },
  { .id = 2232, .a = 1454, .b = 264, .token = {' ', 'g', 'r', 'e', 'e', 'n', 0x00, 0x00, 0x00, 0x00, 0x00, 0x00, 0x00, 0x00, 0x00, 0x00, 0x00, 0x00, 0x00, 0x00, 0x00, 0x00, 0x00, 0x00, 0x00, 0x00, 0x00, 0x00, 0x00, 0x00, 0x00, 0x00, } },
  { .id = 2233, .a = 1543, .b = 1084, .token = {' ', 'i', 's', 's', 'u', 'e', 's', 0x00, 0x00, 0x00, 0x00, 0x00, 0x00, 0x00, 0x00, 0x00, 0x00, 0x00, 0x00, 0x00, 0x00, 0x00, 0x00, 0x00, 0x00, 0x00, 0x00, 0x00, 0x00, 0x00, 0x00, 0x00, } },
  { .id = 2234, .a = 999, .b = 282, .token = {' ', 'g', 'e', 'n', 'e', 'r', 'a', 'l', 0x00, 0x00, 0x00, 0x00, 0x00, 0x00, 0x00, 0x00, 0x00, 0x00, 0x00, 0x00, 0x00, 0x00, 0x00, 0x00, 0x00, 0x00, 0x00, 0x00, 0x00, 0x00, 0x00, 0x00, } },
  { .id = 2235, .a = 273, .b = 569, .token = {' ', 'w', 'i', 'n', 'd', 0x00, 0x00, 0x00, 0x00, 0x00, 0x00, 0x00, 0x00, 0x00, 0x00, 0x00, 0x00, 0x00, 0x00, 0x00, 0x00, 0x00, 0x00, 0x00, 0x00, 0x00, 0x00, 0x00, 0x00, 0x00, 0x00, 0x00, } },
  { .id = 2236, .a = 618, .b = 2061, .token = {' ', 'c', 'o', 'f', 'f', 'e', 'e', 0x00, 0x00, 0x00, 0x00, 0x00, 0x00, 0x00, 0x00, 0x00, 0x00, 0x00, 0x00, 0x00, 0x00, 0x00, 0x00, 0x00, 0x00, 0x00, 0x00, 0x00, 0x00, 0x00, 0x00, 0x00, } },
  { .id = 2237, .a = 571, .b = 283, .token = {' ', 's', 'p', 'e', 'e', 'd', 0x00, 0x00, 0x00, 0x00, 0x00, 0x00, 0x00, 0x00, 0x00, 0x00, 0x00, 0x00, 0x00, 0x00, 0x00, 0x00, 0x00, 0x00, 0x00, 0x00, 0x00, 0x00, 0x00, 0x00, 0x00, 0x00, } },
  { .id = 2238, .a = 935, .b = 370, .token = {' ', 'e', 'l', 'e', 'm', 'e', 'n', 't', 0x00, 0x00, 0x00, 0x00, 0x00, 0x00, 0x00, 0x00, 0x00, 0x00, 0x00, 0x00, 0x00, 0x00, 0x00, 0x00, 0x00, 0x00, 0x00, 0x00, 0x00, 0x00, 0x00, 0x00, } },
  { .id = 2239, .a = 1124, .b = 2043, .token = {' ', 'm', 'i', 'n', 'u', 't', 'e', 's', 0x00, 0x00, 0x00, 0x00, 0x00, 0x00, 0x00, 0x00, 0x00, 0x00, 0x00, 0x00, 0x00, 0x00, 0x00, 0x00, 0x00, 0x00, 0x00, 0x00, 0x00, 0x00, 0x00, 0x00, } },
  { .id = 2240, .a = 1252, .b = 275, .token = {' ', 's', 't', 'a', 'n', 'd', 'i', 'n', 'g', 0x00, 0x00, 0x00, 0x00, 0x00, 0x00, 0x00, 0x00, 0x00, 0x00, 0x00, 0x00, 0x00, 0x00, 0x00, 0x00, 0x00, 0x00, 0x00, 0x00, 0x00, 0x00, 0x00, } },
  { .id = 2241, .a = 435, .b = 327, .token = {' ', 'h', 'a', 'i', 'r', 0x00, 0x00, 0x00, 0x00, 0x00, 0x00, 0x00, 0x00, 0x00, 0x00, 0x00, 0x00, 0x00, 0x00, 0x00, 0x00, 0x00, 0x00, 0x00, 0x00, 0x00, 0x00, 0x00, 0x00, 0x00, 0x00, 0x00, } },
  { .id = 2242, .a = 337, .b = 286, .token = {'a', 'm', 'e', 'n', 't', 0x00, 0x00, 0x00, 0x00, 0x00, 0x00, 0x00, 0x00, 0x00, 0x00, 0x00, 0x00, 0x00, 0x00, 0x00, 0x00, 0x00, 0x00, 0x00, 0x00, 0x00, 0x00, 0x00, 0x00, 0x00, 0x00, 0x00, } },
  { .id = 2243, .a = 1544, .b = 582, .token = {' ', 'p', 'r', 'i', 'm', 'a', 'r', 'y', 0x00, 0x00, 0x00, 0x00, 0x00, 0x00, 0x00, 0x00, 0x00, 0x00, 0x00, 0x00, 0x00, 0x00, 0x00, 0x00, 0x00, 0x00, 0x00, 0x00, 0x00, 0x00, 0x00, 0x00, } },
  { .id = 2244, .a = 120, .b = 121, .token = {'x', 'y', 0x00, 0x00, 0x00, 0x00, 0x00, 0x00, 0x00, 0x00, 0x00, 0x00, 0x00, 0x00, 0x00, 0x00, 0x00, 0x00, 0x00, 0x00, 0x00, 0x00, 0x00, 0x00, 0x00, 0x00, 0x00, 0x00, 0x00, 0x00, 0x00, 0x00, } },
  { .id = 2245, .a = 409, .b = 318, .token = {' ', 'p', 'r', 'e', 's', 's', 0x00, 0x00, 0x00, 0x00, 0x00, 0x00, 0x00, 0x00, 0x00, 0x00, 0x00, 0x00, 0x00, 0x00, 0x00, 0x00, 0x00, 0x00, 0x00, 0x00, 0x00, 0x00, 0x00, 0x00, 0x00, 0x00, } },
  { .id = 2246, .a = 331, .b = 479, .token = {' ', 'A', 'u', 's', 't', 0x00, 0x00, 0x00, 0x00, 0x00, 0x00, 0x00, 0x00, 0x00, 0x00, 0x00, 0x00, 0x00, 0x00, 0x00, 0x00, 0x00, 0x00, 0x00, 0x00, 0x00, 0x00, 0x00, 0x00, 0x00, 0x00, 0x00, } },
  { .id = 2247, .a = 278, .b = 417, .token = {'o', 'r', 't', 'h', 0x00, 0x00, 0x00, 0x00, 0x00, 0x00, 0x00, 0x00, 0x00, 0x00, 0x00, 0x00, 0x00, 0x00, 0x00, 0x00, 0x00, 0x00, 0x00, 0x00, 0x00, 0x00, 0x00, 0x00, 0x00, 0x00, 0x00, 0x00, } },
  { .id = 2248, .a = 1081, .b = 960, .token = {' ', 'i', 'n', 'v', 'o', 'l', 'v', 'e', 's', 0x00, 0x00, 0x00, 0x00, 0x00, 0x00, 0x00, 0x00, 0x00, 0x00, 0x00, 0x00, 0x00, 0x00, 0x00, 0x00, 0x00, 0x00, 0x00, 0x00, 0x00, 0x00, 0x00, } },
  { .id = 2249, .a = 119, .b = 104, .token = {'w', 'h', 0x00, 0x00, 0x00, 0x00, 0x00, 0x00, 0x00, 0x00, 0x00, 0x00, 0x00, 0x00, 0x00, 0x00, 0x00, 0x00, 0x00, 0x00, 0x00, 0x00, 0x00, 0x00, 0x00, 0x00, 0x00, 0x00, 0x00, 0x00, 0x00, 0x00, } },
  { .id = 2250, .a = 494, .b = 100, .token = {'o', 'r', 'e', 'd', 0x00, 0x00, 0x00, 0x00, 0x00, 0x00, 0x00, 0x00, 0x00, 0x00, 0x00, 0x00, 0x00, 0x00, 0x00, 0x00, 0x00, 0x00, 0x00, 0x00, 0x00, 0x00, 0x00, 0x00, 0x00, 0x00, 0x00, 0x00, } },
  { .id = 2251, .a = 434, .b = 871, .token = {' ', 'a', 'b', 'i', 'l', 'i', 't', 'y', 0x00, 0x00, 0x00, 0x00, 0x00, 0x00, 0x00, 0x00, 0x00, 0x00, 0x00, 0x00, 0x00, 0x00, 0x00, 0x00, 0x00, 0x00, 0x00, 0x00, 0x00, 0x00, 0x00, 0x00, } },
  { .id = 2252, .a = 801, .b = 720, .token = {' ', 'c', 'o', 'l', 'l', 'e', 'c', 't', 0x00, 0x00, 0x00, 0x00, 0x00, 0x00, 0x00, 0x00, 0x00, 0x00, 0x00, 0x00, 0x00, 0x00, 0x00, 0x00, 0x00, 0x00, 0x00, 0x00, 0x00, 0x00, 0x00, 0x00, } },
  { .id = 2253, .a = 265, .b = 798, .token = {' ', 's', 'a', 'y', 's', 0x00, 0x00, 0x00, 0x00, 0x00, 0x00, 0x00, 0x00, 0x00, 0x00, 0x00, 0x00, 0x00, 0x00, 0x00, 0x00, 0x00, 0x00, 0x00, 0x00, 0x00, 0x00, 0x00, 0x00, 0x00, 0x00, 0x00, } },
  { .id = 2254, .a = 586, .b = 860, .token = {' ', 'o', 'u', 't', 'p', 'u', 't', 0x00, 0x00, 0x00, 0x00, 0x00, 0x00, 0x00, 0x00, 0x00, 0x00, 0x00, 0x00, 0x00, 0x00, 0x00, 0x00, 0x00, 0x00, 0x00, 0x00, 0x00, 0x00, 0x00, 0x00, 0x00, } },
  { .id = 2255, .a = 121, .b = 293, .token = {'y', 'l', 'e', 0x00, 0x00, 0x00, 0x00, 0x00, 0x00, 0x00, 0x00, 0x00, 0x00, 0x00, 0x00, 0x00, 0x00, 0x00, 0x00, 0x00, 0x00, 0x00, 0x00, 0x00, 0x00, 0x00, 0x00, 0x00, 0x00, 0x00, 0x00, 0x00, } },
  { .id = 2256, .a = 279, .b = 739, .token = {' ', 'f', 'r', 'e', 'e', 0x00, 0x00, 0x00, 0x00, 0x00, 0x00, 0x00, 0x00, 0x00, 0x00, 0x00, 0x00, 0x00, 0x00, 0x00, 0x00, 0x00, 0x00, 0x00, 0x00, 0x00, 0x00, 0x00, 0x00, 0x00, 0x00, 0x00, } },
  { .id = 2257, .a = 321, .b = 263, .token = {'i', 's', 't', 'e', 'r', 0x00, 0x00, 0x00, 0x00, 0x00, 0x00, 0x00, 0x00, 0x00, 0x00, 0x00, 0x00, 0x00, 0x00, 0x00, 0x00, 0x00, 0x00, 0x00, 0x00, 0x00, 0x00, 0x00, 0x00, 0x00, 0x00, 0x00, } },
  { .id = 2258, .a = 480, .b = 270, .token = {'p', 'l', 'e', 's', 0x00, 0x00, 0x00, 0x00, 0x00, 0x00, 0x00, 0x00, 0x00, 0x00, 0x00, 0x00, 0x00, 0x00, 0x00, 0x00, 0x00, 0x00, 0x00, 0x00, 0x00, 0x00, 0x00, 0x00, 0x00, 0x00, 0x00, 0x00, } },
  { .id = 2259, .a = 785, .b = 555, .token = {' ', 'b', 'l', 'o', 'o', 'd', 0x00, 0x00, 0x00, 0x00, 0x00, 0x00, 0x00, 0x00, 0x00, 0x00, 0x00, 0x00, 0x00, 0x00, 0x00, 0x00, 0x00, 0x00, 0x00, 0x00, 0x00, 0x00, 0x00, 0x00, 0x00, 0x00, } },
  { .id = 2260, .a = 109, .b = 101, .token = {'m', 'e', 0x00, 0x00, 0x00, 0x00, 0x00, 0x00, 0x00, 0x00, 0x00, 0x00, 0x00, 0x00, 0x00, 0x00, 0x00, 0x00, 0x00, 0x00, 0x00, 0x00, 0x00, 0x00, 0x00, 0x00, 0x00, 0x00, 0x00, 0x00, 0x00, 0x00, } },
  { .id = 2261, .a = 302, .b = 114, .token = {' ', 'T', 'r', 0x00, 0x00, 0x00, 0x00, 0x00, 0x00, 0x00, 0x00, 0x00, 0x00, 0x00, 0x00, 0x00, 0x00, 0x00, 0x00, 0x00, 0x00, 0x00, 0x00, 0x00, 0x00, 0x00, 0x00, 0x00, 0x00, 0x00, 0x00, 0x00, } },
  { .id = 2262, .a = 846, .b = 536, .token = {' ', 'o', 'f', 'f', 'i', 'c', 'e', 0x00, 0x00, 0x00, 0x00, 0x00, 0x00, 0x00, 0x00, 0x00, 0x00, 0x00, 0x00, 0x00, 0x00, 0x00, 0x00, 0x00, 0x00, 0x00, 0x00, 0x00, 0x00, 0x00, 0x00, 0x00, } },
  { .id = 2263, .a = 1905, .b = 778, .token = {' ', 'p', 'u', 'r', 'p', 'o', 's', 'e', 0x00, 0x00, 0x00, 0x00, 0x00, 0x00, 0x00, 0x00, 0x00, 0x00, 0x00, 0x00, 0x00, 0x00, 0x00, 0x00, 0x00, 0x00, 0x00, 0x00, 0x00, 0x00, 0x00, 0x00, } },
  { .id = 2264, .a = 83, .b = 116, .token = {'S', 't', 0x00, 0x00, 0x00, 0x00, 0x00, 0x00, 0x00, 0x00, 0x00, 0x00, 0x00, 0x00, 0x00, 0x00, 0x00, 0x00, 0x00, 0x00, 0x00, 0x00, 0x00, 0x00, 0x00, 0x00, 0x00, 0x00, 0x00, 0x00, 0x00, 0x00, } },
  { .id = 2265, .a = 303, .b = 116, .token = {'o', 't', 't', 0x00, 0x00, 0x00, 0x00, 0x00, 0x00, 0x00, 0x00, 0x00, 0x00, 0x00, 0x00, 0x00, 0x00, 0x00, 0x00, 0x00, 0x00, 0x00, 0x00, 0x00, 0x00, 0x00, 0x00, 0x00, 0x00, 0x00, 0x00, 0x00, } },
  { .id = 2266, .a = 1691, .b = 115, .token = {' ', 'a', 's', 'p', 'e', 'c', 't', 's', 0x00, 0x00, 0x00, 0x00, 0x00, 0x00, 0x00, 0x00, 0x00, 0x00, 0x00, 0x00, 0x00, 0x00, 0x00, 0x00, 0x00, 0x00, 0x00, 0x00, 0x00, 0x00, 0x00, 0x00, } },
  { .id = 2267, .a = 259, .b = 507, .token = {' ', 'a', 'g', 'e', 0x00, 0x00, 0x00, 0x00, 0x00, 0x00, 0x00, 0x00, 0x00, 0x00, 0x00, 0x00, 0x00, 0x00, 0x00, 0x00, 0x00, 0x00, 0x00, 0x00, 0x00, 0x00, 0x00, 0x00, 0x00, 0x00, 0x00, 0x00, } },
  { .id = 2268, .a = 280, .b = 282, .token = {' ', 'b', 'a', 'l', 0x00, 0x00, 0x00, 0x00, 0x00, 0x00, 0x00, 0x00, 0x00, 0x00, 0x00, 0x00, 0x00, 0x00, 0x00, 0x00, 0x00, 0x00, 0x00, 0x00, 0x00, 0x00, 0x00, 0x00, 0x00, 0x00, 0x00, 0x00, } },
  { .id = 2269, .a = 1755, .b = 121, .token = {' ', 'c', 'o', 'n', 'v', 'e', 'y', 0x00, 0x00, 0x00, 0x00, 0x00, 0x00, 0x00, 0x00, 0x00, 0x00, 0x00, 0x00, 0x00, 0x00, 0x00, 0x00, 0x00, 0x00, 0x00, 0x00, 0x00, 0x00, 0x00, 0x00, 0x00, } },
  { .id = 2270, .a = 101, .b = 343, .token = {'e', 'c', 'h', 0x00, 0x00, 0x00, 0x00, 0x00, 0x00, 0x00, 0x00, 0x00, 0x00, 0x00, 0x00, 0x00, 0x00, 0x00, 0x00, 0x00, 0x00, 0x00, 0x00, 0x00, 0x00, 0x00, 0x00, 0x00, 0x00, 0x00, 0x00, 0x00, } },
  { .id = 2271, .a = 1259, .b = 107, .token = {' ', 't', 'o', 'o', 'k', 0x00, 0x00, 0x00, 0x00, 0x00, 0x00, 0x00, 0x00, 0x00, 0x00, 0x00, 0x00, 0x00, 0x00, 0x00, 0x00, 0x00, 0x00, 0x00, 0x00, 0x00, 0x00, 0x00, 0x00, 0x00, 0x00, 0x00, } },
  { .id = 2272, .a = 73, .b = 116, .token = {'I', 't', 0x00, 0x00, 0x00, 0x00, 0x00, 0x00, 0x00, 0x00, 0x00, 0x00, 0x00, 0x00, 0x00, 0x00, 0x00, 0x00, 0x00, 0x00, 0x00, 0x00, 0x00, 0x00, 0x00, 0x00, 0x00, 0x00, 0x00, 0x00, 0x00, 0x00, } },
  { .id = 2273, .a = 1765, .b = 147, .token = {' ', 0xe2, 0x80, 0x93, 0x00, 0x00, 0x00, 0x00, 0x00, 0x00, 0x00, 0x00, 0x00, 0x00, 0x00, 0x00, 0x00, 0x00, 0x00, 0x00, 0x00, 0x00, 0x00, 0x00, 0x00, 0x00, 0x00, 0x00, 0x00, 0x00, 0x00, 0x00, } },
  { .id = 2274, .a = 646, .b = 1686, .token = {' ', 'f', 'e', 'a', 't', 'u', 'r', 'e', 's', 0x00, 0x00, 0x00, 0x00, 0x00, 0x00, 0x00, 0x00, 0x00, 0x00, 0x00, 0x00, 0x00, 0x00, 0x00, 0x00, 0x00, 0x00, 0x00, 0x00, 0x00, 0x00, 0x00, } },
  { .id = 2275, .a = 941, .b = 2059, .token = {' ', 'k', 'n', 'o', 'w', 'l', 'e', 'd', 'g', 'e', 0x00, 0x00, 0x00, 0x00, 0x00, 0x00, 0x00, 0x00, 0x00, 0x00, 0x00, 0x00, 0x00, 0x00, 0x00, 0x00, 0x00, 0x00, 0x00, 0x00, 0x00, 0x00, } },
  { .id = 2276, .a = 293, .b = 121, .token = {'l', 'e', 'y', 0x00, 0x00, 0x00, 0x00, 0x00, 0x00, 0x00, 0x00, 0x00, 0x00, 0x00, 0x00, 0x00, 0x00, 0x00, 0x00, 0x00, 0x00, 0x00, 0x00, 0x00, 0x00, 0x00, 0x00, 0x00, 0x00, 0x00, 0x00, 0x00, } },
  { .id = 2277, .a = 280, .b = 268, .token = {' ', 'b', 'a', 't', 0x00, 0x00, 0x00, 0x00, 0x00, 0x00, 0x00, 0x00, 0x00, 0x00, 0x00, 0x00, 0x00, 0x00, 0x00, 0x00, 0x00, 0x00, 0x00, 0x00, 0x00, 0x00, 0x00, 0x00, 0x00, 0x00, 0x00, 0x00, } },
  { .id = 2278, .a = 1350, .b = 281, .token = {' ', 'c', 'o', 'n', 'n', 'e', 'c', 't', 'i', 'o', 'n', 0x00, 0x00, 0x00, 0x00, 0x00, 0x00, 0x00, 0x00, 0x00, 0x00, 0x00, 0x00, 0x00, 0x00, 0x00, 0x00, 0x00, 0x00, 0x00, 0x00, 0x00, } },
  { .id = 2279, .a = 403, .b = 266, .token = {' ', 'h', 'e', 'r', 'e', 0x00, 0x00, 0x00, 0x00, 0x00, 0x00, 0x00, 0x00, 0x00, 0x00, 0x00, 0x00, 0x00, 0x00, 0x00, 0x00, 0x00, 0x00, 0x00, 0x00, 0x00, 0x00, 0x00, 0x00, 0x00, 0x00, 0x00, } },
  { .id = 2280, .a = 273, .b = 1056, .token = {' ', 'w', 'r', 'i', 't', 'e', 0x00, 0x00, 0x00, 0x00, 0x00, 0x00, 0x00, 0x00, 0x00, 0x00, 0x00, 0x00, 0x00, 0x00, 0x00, 0x00, 0x00, 0x00, 0x00, 0x00, 0x00, 0x00, 0x00, 0x00, 0x00, 0x00, } },
  { .id = 2281, .a = 288, .b = 1010, .token = {' ', 't', 'o', 'w', 'n', 0x00, 0x00, 0x00, 0x00, 0x00, 0x00, 0x00, 0x00, 0x00, 0x00, 0x00, 0x00, 0x00, 0x00, 0x00, 0x00, 0x00, 0x00, 0x00, 0x00, 0x00, 0x00, 0x00, 0x00, 0x00, 0x00, 0x00, } },
  { .id = 2282, .a = 437, .b = 1374, .token = {' ', 's', 'e', 'e', 'm', 's', 0x00, 0x00, 0x00, 0x00, 0x00, 0x00, 0x00, 0x00, 0x00, 0x00, 0x00, 0x00, 0x00, 0x00, 0x00, 0x00, 0x00, 0x00, 0x00, 0x00, 0x00, 0x00, 0x00, 0x00, 0x00, 0x00, } },
  { .id = 2283, .a = 1223, .b = 119, .token = {' ', 'l', 'a', 'w', 0x00, 0x00, 0x00, 0x00, 0x00, 0x00, 0x00, 0x00, 0x00, 0x00, 0x00, 0x00, 0x00, 0x00, 0x00, 0x00, 0x00, 0x00, 0x00, 0x00, 0x00, 0x00, 0x00, 0x00, 0x00, 0x00, 0x00, 0x00, } },
  { .id = 2284, .a = 257, .b = 512, .token = {' ', 't', 'a', 'b', 'l', 'e', 0x00, 0x00, 0x00, 0x00, 0x00, 0x00, 0x00, 0x00, 0x00, 0x00, 0x00, 0x00, 0x00, 0x00, 0x00, 0x00, 0x00, 0x00, 0x00, 0x00, 0x00, 0x00, 0x00, 0x00, 0x00, 0x00, } },
  { .id = 2285, .a = 100, .b = 121, .token = {'d', 'y', 0x00, 0x00, 0x00, 0x00, 0x00, 0x00, 0x00, 0x00, 0x00, 0x00, 0x00, 0x00, 0x00, 0x00, 0x00, 0x00, 0x00, 0x00, 0x00, 0x00, 0x00, 0x00, 0x00, 0x00, 0x00, 0x00, 0x00, 0x00, 0x00, 0x00, } },
  { .id = 2286, .a = 1279, .b = 294, .token = {' ', 't', 'o', 'p', 'i', 'c', 0x00, 0x00, 0x00, 0x00, 0x00, 0x00, 0x00, 0x00, 0x00, 0x00, 0x00, 0x00, 0x00, 0x00, 0x00, 0x00, 0x00, 0x00, 0x00, 0x00, 0x00, 0x00, 0x00, 0x00, 0x00, 0x00, } },
  { .id = 2287, .a = 333, .b = 323, .token = {' ', 'c', 'o', 'n', 's', 't', 0x00, 0x00, 0x00, 0x00, 0x00, 0x00, 0x00, 0x00, 0x00, 0x00, 0x00, 0x00, 0x00, 0x00, 0x00, 0x00, 0x00, 0x00, 0x00, 0x00, 0x00, 0x00, 0x00, 0x00, 0x00, 0x00, } },
  { .id = 2288, .a = 298, .b = 307, .token = {'r', 'o', 'o', 'm', 0x00, 0x00, 0x00, 0x00, 0x00, 0x00, 0x00, 0x00, 0x00, 0x00, 0x00, 0x00, 0x00, 0x00, 0x00, 0x00, 0x00, 0x00, 0x00, 0x00, 0x00, 0x00, 0x00, 0x00, 0x00, 0x00, 0x00, 0x00, } },
  { .id = 2289, .a = 1498, .b = 569, .token = {' ', 'b', 'e', 'h', 'i', 'n', 'd', 0x00, 0x00, 0x00, 0x00, 0x00, 0x00, 0x00, 0x00, 0x00, 0x00, 0x00, 0x00, 0x00, 0x00, 0x00, 0x00, 0x00, 0x00, 0x00, 0x00, 0x00, 0x00, 0x00, 0x00, 0x00, } },
  { .id = 2290, .a = 474, .b = 1892, .token = {' ', 'u', 'n', 't', 'i', 'l', 0x00, 0x00, 0x00, 0x00, 0x00, 0x00, 0x00, 0x00, 0x00, 0x00, 0x00, 0x00, 0x00, 0x00, 0x00, 0x00, 0x00, 0x00, 0x00, 0x00, 0x00, 0x00, 0x00, 0x00, 0x00, 0x00, } },
  { .id = 2291, .a = 121, .b = 100, .token = {'y', 'd', 0x00, 0x00, 0x00, 0x00, 0x00, 0x00, 0x00, 0x00, 0x00, 0x00, 0x00, 0x00, 0x00, 0x00, 0x00, 0x00, 0x00, 0x00, 0x00, 0x00, 0x00, 0x00, 0x00, 0x00, 0x00, 0x00, 0x00, 0x00, 0x00, 0x00, } },
  { .id = 2292, .a = 846, .b = 294, .token = {' ', 'o', 'f', 'f', 'i', 'c', 0x00, 0x00, 0x00, 0x00, 0x00, 0x00, 0x00, 0x00, 0x00, 0x00, 0x00, 0x00, 0x00, 0x00, 0x00, 0x00, 0x00, 0x00, 0x00, 0x00, 0x00, 0x00, 0x00, 0x00, 0x00, 0x00, } },
  { .id = 2293, .a = 522, .b = 270, .token = {'i', 'z', 'e', 's', 0x00, 0x00, 0x00, 0x00, 0x00, 0x00, 0x00, 0x00, 0x00, 0x00, 0x00, 0x00, 0x00, 0x00, 0x00, 0x00, 0x00, 0x00, 0x00, 0x00, 0x00, 0x00, 0x00, 0x00, 0x00, 0x00, 0x00, 0x00, } },
  { .id = 2294, .a = 632, .b = 275, .token = {'a', 'v', 'i', 'n', 'g', 0x00, 0x00, 0x00, 0x00, 0x00, 0x00, 0x00, 0x00, 0x00, 0x00, 0x00, 0x00, 0x00, 0x00, 0x00, 0x00, 0x00, 0x00, 0x00, 0x00, 0x00, 0x00, 0x00, 0x00, 0x00, 0x00, 0x00, } },
  { .id = 2295, .a = 300, .b = 864, .token = {' ', 'n', 'a', 't', 'u', 'r', 'e', 0x00, 0x00, 0x00, 0x00, 0x00, 0x00, 0x00, 0x00, 0x00, 0x00, 0x00, 0x00, 0x00, 0x00, 0x00, 0x00, 0x00, 0x00, 0x00, 0x00, 0x00, 0x00, 0x00, 0x00, 0x00, } },
  { .id = 2296, .a = 1081, .b = 914, .token = {' ', 'i', 'n', 'v', 'o', 'l', 'v', 'e', 'd', 0x00, 0x00, 0x00, 0x00, 0x00, 0x00, 0x00, 0x00, 0x00, 0x00, 0x00, 0x00, 0x00, 0x00, 0x00, 0x00, 0x00, 0x00, 0x00, 0x00, 0x00, 0x00, 0x00, } },
  { .id = 2297, .a = 1937, .b = 517, .token = {' ', 'a', 's', 's', 'o', 'c', 'i', 'a', 't', 'e', 'd', 0x00, 0x00, 0x00, 0x00, 0x00, 0x00, 0x00, 0x00, 0x00, 0x00, 0x00, 0x00, 0x00, 0x00, 0x00, 0x00, 0x00, 0x00, 0x00, 0x00, 0x00, } },
  { .id = 2298, .a = 795, .b = 1575, .token = {' ', 'a', 'd', 'd', 'i', 't', 'i', 'o', 'n', 'a', 'l', 0x00, 0x00, 0x00, 0x00, 0x00, 0x00, 0x00, 0x00, 0x00, 0x00, 0x00, 0x00, 0x00, 0x00, 0x00, 0x00, 0x00, 0x00, 0x00, 0x00, 0x00, } },
  { .id = 2299, .a = 1329, .b = 282, .token = {' ', 'a', 'n', 'i', 'm', 'a', 'l', 0x00, 0x00, 0x00, 0x00, 0x00, 0x00, 0x00, 0x00, 0x00, 0x00, 0x00, 0x00, 0x00, 0x00, 0x00, 0x00, 0x00, 0x00, 0x00, 0x00, 0x00, 0x00, 0x00, 0x00, 0x00, } },
  { .id = 2300, .a = 2103, .b = 855, .token = {' ', 'U', 'n', 'd', 'e', 'r', 's', 't', 'a', 'n', 'd', 0x00, 0x00, 0x00, 0x00, 0x00, 0x00, 0x00, 0x00, 0x00, 0x00, 0x00, 0x00, 0x00, 0x00, 0x00, 0x00, 0x00, 0x00, 0x00, 0x00, 0x00, } },
  { .id = 2301, .a = 274, .b = 467, .token = {' ', 'p', 'o', 'r', 't', 0x00, 0x00, 0x00, 0x00, 0x00, 0x00, 0x00, 0x00, 0x00, 0x00, 0x00, 0x00, 0x00, 0x00, 0x00, 0x00, 0x00, 0x00, 0x00, 0x00, 0x00, 0x00, 0x00, 0x00, 0x00, 0x00, 0x00, } },
  { .id = 2302, .a = 892, .b = 321, .token = {' ', 'a', 'r', 't', 'i', 's', 't', 0x00, 0x00, 0x00, 0x00, 0x00, 0x00, 0x00, 0x00, 0x00, 0x00, 0x00, 0x00, 0x00, 0x00, 0x00, 0x00, 0x00, 0x00, 0x00, 0x00, 0x00, 0x00, 0x00, 0x00, 0x00, } },
  { .id = 2303, .a = 1038, .b = 270, .token = {' ', 'i', 'n', 'c', 'l', 'u', 'd', 'e', 's', 0x00, 0x00, 0x00, 0x00, 0x00, 0x00, 0x00, 0x00, 0x00, 0x00, 0x00, 0x00, 0x00, 0x00, 0x00, 0x00, 0x00, 0x00, 0x00, 0x00, 0x00, 0x00, 0x00, } },
  { .id = 2304, .a = 288, .b = 320, .token = {' ', 't', 'o', 'o', 'l', 0x00, 0x00, 0x00, 0x00, 0x00, 0x00, 0x00, 0x00, 0x00, 0x00, 0x00, 0x00, 0x00, 0x00, 0x00, 0x00, 0x00, 0x00, 0x00, 0x00, 0x00, 0x00, 0x00, 0x00, 0x00, 0x00, 0x00, } },
  { .id = 2305, .a = 477, .b = 2029, .token = {' ', 'E', 'a', 'r', 't', 'h', 0x00, 0x00, 0x00, 0x00, 0x00, 0x00, 0x00, 0x00, 0x00, 0x00, 0x00, 0x00, 0x00, 0x00, 0x00, 0x00, 0x00, 0x00, 0x00, 0x00, 0x00, 0x00, 0x00, 0x00, 0x00, 0x00, } },
  { .id = 2306, .a = 1566, .b = 483, .token = {' ', 'l', 'o', 'g', 'i', 'c', 'a', 'l', 0x00, 0x00, 0x00, 0x00, 0x00, 0x00, 0x00, 0x00, 0x00, 0x00, 0x00, 0x00, 0x00, 0x00, 0x00, 0x00, 0x00, 0x00, 0x00, 0x00, 0x00, 0x00, 0x00, 0x00, } },
  { .id = 2307, .a = 32, .b = 536, .token = {' ', 'i', 'c', 'e', 0x00, 0x00, 0x00, 0x00, 0x00, 0x00, 0x00, 0x00, 0x00, 0x00, 0x00, 0x00, 0x00, 0x00, 0x00, 0x00, 0x00, 0x00, 0x00, 0x00, 0x00, 0x00, 0x00, 0x00, 0x00, 0x00, 0x00, 0x00, } },
  { .id = 2308, .a = 909, .b = 1284, .token = {' ', 'h', 'i', 'g', 'h', 'l', 'i', 'g', 'h', 't', 0x00, 0x00, 0x00, 0x00, 0x00, 0x00, 0x00, 0x00, 0x00, 0x00, 0x00, 0x00, 0x00, 0x00, 0x00, 0x00, 0x00, 0x00, 0x00, 0x00, 0x00, 0x00, } },
  { .id = 2309, .a = 394, .b = 99, .token = {' ', 'e', 'x', 'c', 0x00, 0x00, 0x00, 0x00, 0x00, 0x00, 0x00, 0x00, 0x00, 0x00, 0x00, 0x00, 0x00, 0x00, 0x00, 0x00, 0x00, 0x00, 0x00, 0x00, 0x00, 0x00, 0x00, 0x00, 0x00, 0x00, 0x00, 0x00, } },
  { .id = 2310, .a = 1045, .b = 716, .token = {' ', 's', 'e', 't', 't', 'i', 'n', 'g', 0x00, 0x00, 0x00, 0x00, 0x00, 0x00, 0x00, 0x00, 0x00, 0x00, 0x00, 0x00, 0x00, 0x00, 0x00, 0x00, 0x00, 0x00, 0x00, 0x00, 0x00, 0x00, 0x00, 0x00, } },
  { .id = 2311, .a = 1008, .b = 1506, .token = {' ', 'c', 'o', 'u', 'n', 't', 'r', 'i', 'e', 's', 0x00, 0x00, 0x00, 0x00, 0x00, 0x00, 0x00, 0x00, 0x00, 0x00, 0x00, 0x00, 0x00, 0x00, 0x00, 0x00, 0x00, 0x00, 0x00, 0x00, 0x00, 0x00, } },
  { .id = 2312, .a = 350, .b = 112, .token = {' ', 'p', 'r', 'o', 'p', 0x00, 0x00, 0x00, 0x00, 0x00, 0x00, 0x00, 0x00, 0x00, 0x00, 0x00, 0x00, 0x00, 0x00, 0x00, 0x00, 0x00, 0x00, 0x00, 0x00, 0x00, 0x00, 0x00, 0x00, 0x00, 0x00, 0x00, } },
  { .id = 2313, .a = 638, .b = 263, .token = {'a', 'k', 'e', 'r', 0x00, 0x00, 0x00, 0x00, 0x00, 0x00, 0x00, 0x00, 0x00, 0x00, 0x00, 0x00, 0x00, 0x00, 0x00, 0x00, 0x00, 0x00, 0x00, 0x00, 0x00, 0x00, 0x00, 0x00, 0x00, 0x00, 0x00, 0x00, } },
  { .id = 2314, .a = 524, .b = 343, .token = {' ', 'm', 'a', 'c', 'h', 0x00, 0x00, 0x00, 0x00, 0x00, 0x00, 0x00, 0x00, 0x00, 0x00, 0x00, 0x00, 0x00, 0x00, 0x00, 0x00, 0x00, 0x00, 0x00, 0x00, 0x00, 0x00, 0x00, 0x00, 0x00, 0x00, 0x00, } },
  { .id = 2315, .a = 2147, .b = 2175, .token = {' ', 'd', 'i', 'f', 'f', 'i', 'c', 'u', 'l', 't', 0x00, 0x00, 0x00, 0x00, 0x00, 0x00, 0x00, 0x00, 0x00, 0x00, 0x00, 0x00, 0x00, 0x00, 0x00, 0x00, 0x00, 0x00, 0x00, 0x00, 0x00, 0x00, } },
  { .id = 2316, .a = 32, .b = 122, .token = {' ', 'z', 0x00, 0x00, 0x00, 0x00, 0x00, 0x00, 0x00, 0x00, 0x00, 0x00, 0x00, 0x00, 0x00, 0x00, 0x00, 0x00, 0x00, 0x00, 0x00, 0x00, 0x00, 0x00, 0x00, 0x00, 0x00, 0x00, 0x00, 0x00, 0x00, 0x00, } },
  { .id = 2317, .a = 394, .b = 305, .token = {' ', 'e', 'x', 'c', 'e', 0x00, 0x00, 0x00, 0x00, 0x00, 0x00, 0x00, 0x00, 0x00, 0x00, 0x00, 0x00, 0x00, 0x00, 0x00, 0x00, 0x00, 0x00, 0x00, 0x00, 0x00, 0x00, 0x00, 0x00, 0x00, 0x00, 0x00, } },
  { .id = 2318, .a = 308, .b = 1002, .token = {' ', 'l', 'o', 'w', 'e', 'r', 0x00, 0x00, 0x00, 0x00, 0x00, 0x00, 0x00, 0x00, 0x00, 0x00, 0x00, 0x00, 0x00, 0x00, 0x00, 0x00, 0x00, 0x00, 0x00, 0x00, 0x00, 0x00, 0x00, 0x00, 0x00, 0x00, } },
  { .id = 2319, .a = 105, .b = 664, .token = {'i', 'e', 'n', 't', 's', 0x00, 0x00, 0x00, 0x00, 0x00, 0x00, 0x00, 0x00, 0x00, 0x00, 0x00, 0x00, 0x00, 0x00, 0x00, 0x00, 0x00, 0x00, 0x00, 0x00, 0x00, 0x00, 0x00, 0x00, 0x00, 0x00, 0x00, } },
  { .id = 2320, .a = 265, .b = 675, .token = {' ', 's', 'w', 'e', 0x00, 0x00, 0x00, 0x00, 0x00, 0x00, 0x00, 0x00, 0x00, 0x00, 0x00, 0x00, 0x00, 0x00, 0x00, 0x00, 0x00, 0x00, 0x00, 0x00, 0x00, 0x00, 0x00, 0x00, 0x00, 0x00, 0x00, 0x00, } },
  { .id = 2321, .a = 1065, .b = 116, .token = {' ', 'C', 'o', 'n', 't', 0x00, 0x00, 0x00, 0x00, 0x00, 0x00, 0x00, 0x00, 0x00, 0x00, 0x00, 0x00, 0x00, 0x00, 0x00, 0x00, 0x00, 0x00, 0x00, 0x00, 0x00, 0x00, 0x00, 0x00, 0x00, 0x00, 0x00, } },
  { .id = 2322, .a = 415, .b = 721, .token = {' ', 'q', 'u', 'i', 'c', 'k', 0x00, 0x00, 0x00, 0x00, 0x00, 0x00, 0x00, 0x00, 0x00, 0x00, 0x00, 0x00, 0x00, 0x00, 0x00, 0x00, 0x00, 0x00, 0x00, 0x00, 0x00, 0x00, 0x00, 0x00, 0x00, 0x00, } },
  { .id = 2323, .a = 462, .b = 114, .token = {' ', 'G', 'r', 0x00, 0x00, 0x00, 0x00, 0x00, 0x00, 0x00, 0x00, 0x00, 0x00, 0x00, 0x00, 0x00, 0x00, 0x00, 0x00, 0x00, 0x00, 0x00, 0x00, 0x00, 0x00, 0x00, 0x00, 0x00, 0x00, 0x00, 0x00, 0x00, } },
  { .id = 2324, .a = 1373, .b = 313, .token = {' ', 's', 't', 'r', 'e', 'e', 't', 0x00, 0x00, 0x00, 0x00, 0x00, 0x00, 0x00, 0x00, 0x00, 0x00, 0x00, 0x00, 0x00, 0x00, 0x00, 0x00, 0x00, 0x00, 0x00, 0x00, 0x00, 0x00, 0x00, 0x00, 0x00, } },
  { .id = 2325, .a = 2104, .b = 1125, .token = {' ', 'c', 'r', 'u', 'c', 'i', 'a', 'l', 0x00, 0x00, 0x00, 0x00, 0x00, 0x00, 0x00, 0x00, 0x00, 0x00, 0x00, 0x00, 0x00, 0x00, 0x00, 0x00, 0x00, 0x00, 0x00, 0x00, 0x00, 0x00, 0x00, 0x00, } },
  { .id = 2326, .a = 350, .b = 672, .token = {' ', 'p', 'r', 'o', 'j', 'e', 'c', 't', 0x00, 0x00, 0x00, 0x00, 0x00, 0x00, 0x00, 0x00, 0x00, 0x00, 0x00, 0x00, 0x00, 0x00, 0x00, 0x00, 0x00, 0x00, 0x00, 0x00, 0x00, 0x00, 0x00, 0x00, } },
  { .id = 2327, .a = 407, .b = 104, .token = {' ', 'P', 'h', 0x00, 0x00, 0x00, 0x00, 0x00, 0x00, 0x00, 0x00, 0x00, 0x00, 0x00, 0x00, 0x00, 0x00, 0x00, 0x00, 0x00, 0x00, 0x00, 0x00, 0x00, 0x00, 0x00, 0x00, 0x00, 0x00, 0x00, 0x00, 0x00, } },
  { .id = 2328, .a = 278, .b = 275, .token = {'o', 'r', 'i', 'n', 'g', 0x00, 0x00, 0x00, 0x00, 0x00, 0x00, 0x00, 0x00, 0x00, 0x00, 0x00, 0x00, 0x00, 0x00, 0x00, 0x00, 0x00, 0x00, 0x00, 0x00, 0x00, 0x00, 0x00, 0x00, 0x00, 0x00, 0x00, } },
  { .id = 2329, .a = 1151, .b = 120, .token = {' ', 'c', 'o', 'm', 'p', 'l', 'e', 'x', 0x00, 0x00, 0x00, 0x00, 0x00, 0x00, 0x00, 0x00, 0x00, 0x00, 0x00, 0x00, 0x00, 0x00, 0x00, 0x00, 0x00, 0x00, 0x00, 0x00, 0x00, 0x00, 0x00, 0x00, } },
  { .id = 2330, .a = 115, .b = 104, .token = {'s', 'h', 0x00, 0x00, 0x00, 0x00, 0x00, 0x00, 0x00, 0x00, 0x00, 0x00, 0x00, 0x00, 0x00, 0x00, 0x00, 0x00, 0x00, 0x00, 0x00, 0x00, 0x00, 0x00, 0x00, 0x00, 0x00, 0x00, 0x00, 0x00, 0x00, 0x00, } },
  { .id = 2331, .a = 454, .b = 656, .token = {' ', 's', 'h', 'o', 'p', 0x00, 0x00, 0x00, 0x00, 0x00, 0x00, 0x00, 0x00, 0x00, 0x00, 0x00, 0x00, 0x00, 0x00, 0x00, 0x00, 0x00, 0x00, 0x00, 0x00, 0x00, 0x00, 0x00, 0x00, 0x00, 0x00, 0x00, } },
  { .id = 2332, .a = 658, .b = 55, .token = {'1', '9', '7', 0x00, 0x00, 0x00, 0x00, 0x00, 0x00, 0x00, 0x00, 0x00, 0x00, 0x00, 0x00, 0x00, 0x00, 0x00, 0x00, 0x00, 0x00, 0x00, 0x00, 0x00, 0x00, 0x00, 0x00, 0x00, 0x00, 0x00, 0x00, 0x00, } },
  { .id = 2333, .a = 1822, .b = 263, .token = {' ', 'c', 'o', 'm', 'p', 'u', 't', 'e', 'r', 0x00, 0x00, 0x00, 0x00, 0x00, 0x00, 0x00, 0x00, 0x00, 0x00, 0x00, 0x00, 0x00, 0x00, 0x00, 0x00, 0x00, 0x00, 0x00, 0x00, 0x00, 0x00, 0x00, } },
  { .id = 2334, .a = 87, .b = 101, .token = {'W', 'e', 0x00, 0x00, 0x00, 0x00, 0x00, 0x00, 0x00, 0x00, 0x00, 0x00, 0x00, 0x00, 0x00, 0x00, 0x00, 0x00, 0x00, 0x00, 0x00, 0x00, 0x00, 0x00, 0x00, 0x00, 0x00, 0x00, 0x00, 0x00, 0x00, 0x00, } },
  { .id = 2335, .a = 602, .b = 83, .token = {' ', 'U', 'S', 0x00, 0x00, 0x00, 0x00, 0x00, 0x00, 0x00, 0x00, 0x00, 0x00, 0x00, 0x00, 0x00, 0x00, 0x00, 0x00, 0x00, 0x00, 0x00, 0x00, 0x00, 0x00, 0x00, 0x00, 0x00, 0x00, 0x00, 0x00, 0x00, } },
  { .id = 2336, .a = 1985, .b = 388, .token = {'u', 'r', 'o', 'p', 'e', 0x00, 0x00, 0x00, 0x00, 0x00, 0x00, 0x00, 0x00, 0x00, 0x00, 0x00, 0x00, 0x00, 0x00, 0x00, 0x00, 0x00, 0x00, 0x00, 0x00, 0x00, 0x00, 0x00, 0x00, 0x00, 0x00, 0x00, } },
  { .id = 2337, .a = 964, .b = 275, .token = {' ', 'l', 'e', 'a', 'd', 'i', 'n', 'g', 0x00, 0x00, 0x00, 0x00, 0x00, 0x00, 0x00, 0x00, 0x00, 0x00, 0x00, 0x00, 0x00, 0x00, 0x00, 0x00, 0x00, 0x00, 0x00, 0x00, 0x00, 0x00, 0x00, 0x00, } },
  { .id = 2338, .a = 1395, .b = 1873, .token = {' ', 'a', 'u', 't', 'h', 'o', 'r', 0x00, 0x00, 0x00, 0x00, 0x00, 0x00, 0x00, 0x00, 0x00, 0x00, 0x00, 0x00, 0x00, 0x00, 0x00, 0x00, 0x00, 0x00, 0x00, 0x00, 0x00, 0x00, 0x00, 0x00, 0x00, } },
  { .id = 2339, .a = 99, .b = 111, .token = {'c', 'o', 0x00, 0x00, 0x00, 0x00, 0x00, 0x00, 0x00, 0x00, 0x00, 0x00, 0x00, 0x00, 0x00, 0x00, 0x00, 0x00, 0x00, 0x00, 0x00, 0x00, 0x00, 0x00, 0x00, 0x00, 0x00, 0x00, 0x00, 0x00, 0x00, 0x00, } },
  { .id = 2340, .a = 291, .b = 342, .token = {' ', 'd', 'a', 't', 'e', 0x00, 0x00, 0x00, 0x00, 0x00, 0x00, 0x00, 0x00, 0x00, 0x00, 0x00, 0x00, 0x00, 0x00, 0x00, 0x00, 0x00, 0x00, 0x00, 0x00, 0x00, 0x00, 0x00, 0x00, 0x00, 0x00, 0x00, } },
  { .id = 2341, .a = 287, .b = 307, .token = {' ', 'm', 'o', 'm', 0x00, 0x00, 0x00, 0x00, 0x00, 0x00, 0x00, 0x00, 0x00, 0x00, 0x00, 0x00, 0x00, 0x00, 0x00, 0x00, 0x00, 0x00, 0x00, 0x00, 0x00, 0x00, 0x00, 0x00, 0x00, 0x00, 0x00, 0x00, } },
  { .id = 2342, .a = 294, .b = 276, .token = {'i', 'c', 'i', 't', 0x00, 0x00, 0x00, 0x00, 0x00, 0x00, 0x00, 0x00, 0x00, 0x00, 0x00, 0x00, 0x00, 0x00, 0x00, 0x00, 0x00, 0x00, 0x00, 0x00, 0x00, 0x00, 0x00, 0x00, 0x00, 0x00, 0x00, 0x00, } },
  { .id = 2343, .a = 111, .b = 315, .token = {'o', 'i', 'd', 0x00, 0x00, 0x00, 0x00, 0x00, 0x00, 0x00, 0x00, 0x00, 0x00, 0x00, 0x00, 0x00, 0x00, 0x00, 0x00, 0x00, 0x00, 0x00, 0x00, 0x00, 0x00, 0x00, 0x00, 0x00, 0x00, 0x00, 0x00, 0x00, } },
  { .id = 2344, .a = 299, .b = 303, .token = {' ', 'h', 'o', 't', 0x00, 0x00, 0x00, 0x00, 0x00, 0x00, 0x00, 0x00, 0x00, 0x00, 0x00, 0x00, 0x00, 0x00, 0x00, 0x00, 0x00, 0x00, 0x00, 0x00, 0x00, 0x00, 0x00, 0x00, 0x00, 0x00, 0x00, 0x00, } },
  { .id = 2345, .a = 84, .b = 1738, .token = {'T', 'w', 'o', 0x00, 0x00, 0x00, 0x00, 0x00, 0x00, 0x00, 0x00, 0x00, 0x00, 0x00, 0x00, 0x00, 0x00, 0x00, 0x00, 0x00, 0x00, 0x00, 0x00, 0x00, 0x00, 0x00, 0x00, 0x00, 0x00, 0x00, 0x00, 0x00, } },
  { .id = 2346, .a = 1856, .b = 864, .token = {' ', 't', 'e', 'm', 'p', 'e', 'r', 'a', 't', 'u', 'r', 'e', 0x00, 0x00, 0x00, 0x00, 0x00, 0x00, 0x00, 0x00, 0x00, 0x00, 0x00, 0x00, 0x00, 0x00, 0x00, 0x00, 0x00, 0x00, 0x00, 0x00, } },
  { .id = 2347, .a = 1211, .b = 120, .token = {' ', 'b', 'o', 'x', 0x00, 0x00, 0x00, 0x00, 0x00, 0x00, 0x00, 0x00, 0x00, 0x00, 0x00, 0x00, 0x00, 0x00, 0x00, 0x00, 0x00, 0x00, 0x00, 0x00, 0x00, 0x00, 0x00, 0x00, 0x00, 0x00, 0x00, 0x00, } },
  { .id = 2348, .a = 653, .b = 457, .token = {' ', 'W', 'h', 'i', 'c', 'h', 0x00, 0x00, 0x00, 0x00, 0x00, 0x00, 0x00, 0x00, 0x00, 0x00, 0x00, 0x00, 0x00, 0x00, 0x00, 0x00, 0x00, 0x00, 0x00, 0x00, 0x00, 0x00, 0x00, 0x00, 0x00, 0x00, } },
  { .id = 2349, .a = 1908, .b = 512, .token = {' ', 's', 'u', 'i', 't', 'a', 'b', 'l', 'e', 0x00, 0x00, 0x00, 0x00, 0x00, 0x00, 0x00, 0x00, 0x00, 0x00, 0x00, 0x00, 0x00, 0x00, 0x00, 0x00, 0x00, 0x00, 0x00, 0x00, 0x00, 0x00, 0x00, } },
  { .id = 2350, .a = 454, .b = 1550, .token = {' ', 's', 'h', 'i', 'r', 't', 0x00, 0x00, 0x00, 0x00, 0x00, 0x00, 0x00, 0x00, 0x00, 0x00, 0x00, 0x00, 0x00, 0x00, 0x00, 0x00, 0x00, 0x00, 0x00, 0x00, 0x00, 0x00, 0x00, 0x00, 0x00, 0x00, } },
  { .id = 2351, .a = 101, .b = 283, .token = {'e', 'e', 'd', 0x00, 0x00, 0x00, 0x00, 0x00, 0x00, 0x00, 0x00, 0x00, 0x00, 0x00, 0x00, 0x00, 0x00, 0x00, 0x00, 0x00, 0x00, 0x00, 0x00, 0x00, 0x00, 0x00, 0x00, 0x00, 0x00, 0x00, 0x00, 0x00, } },
  { .id = 2352, .a = 1525, .b = 293, .token = {' ', 's', 'i', 'n', 'g', 'l', 'e', 0x00, 0x00, 0x00, 0x00, 0x00, 0x00, 0x00, 0x00, 0x00, 0x00, 0x00, 0x00, 0x00, 0x00, 0x00, 0x00, 0x00, 0x00, 0x00, 0x00, 0x00, 0x00, 0x00, 0x00, 0x00, } },
  { .id = 2353, .a = 293, .b = 118, .token = {'l', 'e', 'v', 0x00, 0x00, 0x00, 0x00, 0x00, 0x00, 0x00, 0x00, 0x00, 0x00, 0x00, 0x00, 0x00, 0x00, 0x00, 0x00, 0x00, 0x00, 0x00, 0x00, 0x00, 0x00, 0x00, 0x00, 0x00, 0x00, 0x00, 0x00, 0x00, } },
  { .id = 2354, .a = 279, .b = 577, .token = {' ', 'f', 'a', 'c', 'e', 0x00, 0x00, 0x00, 0x00, 0x00, 0x00, 0x00, 0x00, 0x00, 0x00, 0x00, 0x00, 0x00, 0x00, 0x00, 0x00, 0x00, 0x00, 0x00, 0x00, 0x00, 0x00, 0x00, 0x00, 0x00, 0x00, 0x00, } },
  { .id = 2355, .a = 467, .b = 357, .token = {'o', 'r', 't', 'u', 'n', 0x00, 0x00, 0x00, 0x00, 0x00, 0x00, 0x00, 0x00, 0x00, 0x00, 0x00, 0x00, 0x00, 0x00, 0x00, 0x00, 0x00, 0x00, 0x00, 0x00, 0x00, 0x00, 0x00, 0x00, 0x00, 0x00, 0x00, } },
  { .id = 2356, .a = 274, .b = 796, .token = {' ', 'p', 'i', 'c', 't', 0x00, 0x00, 0x00, 0x00, 0x00, 0x00, 0x00, 0x00, 0x00, 0x00, 0x00, 0x00, 0x00, 0x00, 0x00, 0x00, 0x00, 0x00, 0x00, 0x00, 0x00, 0x00, 0x00, 0x00, 0x00, 0x00, 0x00, } },
  { .id = 2357, .a = 410, .b = 1557, .token = {' ', 'w', 'e', 'b', 's', 0x00, 0x00, 0x00, 0x00, 0x00, 0x00, 0x00, 0x00, 0x00, 0x00, 0x00, 0x00, 0x00, 0x00, 0x00, 0x00, 0x00, 0x00, 0x00, 0x00, 0x00, 0x00, 0x00, 0x00, 0x00, 0x00, 0x00, } },
  { .id = 2358, .a = 1004, .b = 1527, .token = {' ', 'a', 'c', 'r', 'o', 's', 's', 0x00, 0x00, 0x00, 0x00, 0x00, 0x00, 0x00, 0x00, 0x00, 0x00, 0x00, 0x00, 0x00, 0x00, 0x00, 0x00, 0x00, 0x00, 0x00, 0x00, 0x00, 0x00, 0x00, 0x00, 0x00, } },
  { .id = 2359, .a = 279, .b = 373, .token = {' ', 'f', 'i', 'v', 'e', 0x00, 0x00, 0x00, 0x00, 0x00, 0x00, 0x00, 0x00, 0x00, 0x00, 0x00, 0x00, 0x00, 0x00, 0x00, 0x00, 0x00, 0x00, 0x00, 0x00, 0x00, 0x00, 0x00, 0x00, 0x00, 0x00, 0x00, } },
  { .id = 2360, .a = 269, .b = 268, .token = {' ', 'c', 'a', 't', 0x00, 0x00, 0x00, 0x00, 0x00, 0x00, 0x00, 0x00, 0x00, 0x00, 0x00, 0x00, 0x00, 0x00, 0x00, 0x00, 0x00, 0x00, 0x00, 0x00, 0x00, 0x00, 0x00, 0x00, 0x00, 0x00, 0x00, 0x00, } },
  { .id = 2361, .a = 308, .b = 1214, .token = {' ', 'l', 'i', 'v', 'i', 'n', 'g', 0x00, 0x00, 0x00, 0x00, 0x00, 0x00, 0x00, 0x00, 0x00, 0x00, 0x00, 0x00, 0x00, 0x00, 0x00, 0x00, 0x00, 0x00, 0x00, 0x00, 0x00, 0x00, 0x00, 0x00, 0x00, } },
  { .id = 2362, .a = 424, .b = 342, .token = {' ', 'r', 'a', 't', 'e', 0x00, 0x00, 0x00, 0x00, 0x00, 0x00, 0x00, 0x00, 0x00, 0x00, 0x00, 0x00, 0x00, 0x00, 0x00, 0x00, 0x00, 0x00, 0x00, 0x00, 0x00, 0x00, 0x00, 0x00, 0x00, 0x00, 0x00, } },
  { .id = 2363, .a = 273, .b = 290, .token = {' ', 'w', 'a', 'r', 0x00, 0x00, 0x00, 0x00, 0x00, 0x00, 0x00, 0x00, 0x00, 0x00, 0x00, 0x00, 0x00, 0x00, 0x00, 0x00, 0x00, 0x00, 0x00, 0x00, 0x00, 0x00, 0x00, 0x00, 0x00, 0x00, 0x00, 0x00, } },
  { .id = 2364, .a = 506, .b = 295, .token = {' ', 'm', 'e', 'a', 's', 0x00, 0x00, 0x00, 0x00, 0x00, 0x00, 0x00, 0x00, 0x00, 0x00, 0x00, 0x00, 0x00, 0x00, 0x00, 0x00, 0x00, 0x00, 0x00, 0x00, 0x00, 0x00, 0x00, 0x00, 0x00, 0x00, 0x00, } },
  { .id = 2365, .a = 285, .b = 371, .token = {'o', 'u', 'r', 'a', 0x00, 0x00, 0x00, 0x00, 0x00, 0x00, 0x00, 0x00, 0x00, 0x00, 0x00, 0x00, 0x00, 0x00, 0x00, 0x00, 0x00, 0x00, 0x00, 0x00, 0x00, 0x00, 0x00, 0x00, 0x00, 0x00, 0x00, 0x00, } },
  { .id = 2366, .a = 409, .b = 513, .token = {' ', 'p', 'r', 'e', 'f', 'e', 'r', 0x00, 0x00, 0x00, 0x00, 0x00, 0x00, 0x00, 0x00, 0x00, 0x00, 0x00, 0x00, 0x00, 0x00, 0x00, 0x00, 0x00, 0x00, 0x00, 0x00, 0x00, 0x00, 0x00, 0x00, 0x00, } },
  { .id = 2367, .a = 117, .b = 755, .token = {'u', 'c', 'k', 0x00, 0x00, 0x00, 0x00, 0x00, 0x00, 0x00, 0x00, 0x00, 0x00, 0x00, 0x00, 0x00, 0x00, 0x00, 0x00, 0x00, 0x00, 0x00, 0x00, 0x00, 0x00, 0x00, 0x00, 0x00, 0x00, 0x00, 0x00, 0x00, } },
  { .id = 2368, .a = 620, .b = 548, .token = {' ', 'Y', 'o', 'u', 'r', 0x00, 0x00, 0x00, 0x00, 0x00, 0x00, 0x00, 0x00, 0x00, 0x00, 0x00, 0x00, 0x00, 0x00, 0x00, 0x00, 0x00, 0x00, 0x00, 0x00, 0x00, 0x00, 0x00, 0x00, 0x00, 0x00, 0x00, } },
  { .id = 2369, .a = 1396, .b = 767, .token = {' ', 'r', 'u', 'n', 'n', 'i', 'n', 'g', 0x00, 0x00, 0x00, 0x00, 0x00, 0x00, 0x00, 0x00, 0x00, 0x00, 0x00, 0x00, 0x00, 0x00, 0x00, 0x00, 0x00, 0x00, 0x00, 0x00, 0x00, 0x00, 0x00, 0x00, } },
  { .id = 2370, .a = 328, .b = 1584, .token = {' ', 'o', 'n', 'l', 'i', 'n', 'e', 0x00, 0x00, 0x00, 0x00, 0x00, 0x00, 0x00, 0x00, 0x00, 0x00, 0x00, 0x00, 0x00, 0x00, 0x00, 0x00, 0x00, 0x00, 0x00, 0x00, 0x00, 0x00, 0x00, 0x00, 0x00, } },
  { .id = 2371, .a = 1191, .b = 262, .token = {' ', 'r', 'e', 's', 'p', 'o', 'n', 0x00, 0x00, 0x00, 0x00, 0x00, 0x00, 0x00, 0x00, 0x00, 0x00, 0x00, 0x00, 0x00, 0x00, 0x00, 0x00, 0x00, 0x00, 0x00, 0x00, 0x00, 0x00, 0x00, 0x00, 0x00, } },
  { .id = 2372, .a = 330, .b = 109, .token = {' ', 'I', 'm', 0x00, 0x00, 0x00, 0x00, 0x00, 0x00, 0x00, 0x00, 0x00, 0x00, 0x00, 0x00, 0x00, 0x00, 0x00, 0x00, 0x00, 0x00, 0x00, 0x00, 0x00, 0x00, 0x00, 0x00, 0x00, 0x00, 0x00, 0x00, 0x00, } },
  { .id = 2373, .a = 607, .b = 1464, .token = {' ', 's', 'p', 'a', 'c', 'e', 's', 0x00, 0x00, 0x00, 0x00, 0x00, 0x00, 0x00, 0x00, 0x00, 0x00, 0x00, 0x00, 0x00, 0x00, 0x00, 0x00, 0x00, 0x00, 0x00, 0x00, 0x00, 0x00, 0x00, 0x00, 0x00, } },
  { .id = 2374, .a = 1405, .b = 116, .token = {' ', 't', 'h', 'o', 'u', 'g', 'h', 't', 0x00, 0x00, 0x00, 0x00, 0x00, 0x00, 0x00, 0x00, 0x00, 0x00, 0x00, 0x00, 0x00, 0x00, 0x00, 0x00, 0x00, 0x00, 0x00, 0x00, 0x00, 0x00, 0x00, 0x00, } },
  { .id = 2375, .a = 293, .b = 120, .token = {'l', 'e', 'x', 0x00, 0x00, 0x00, 0x00, 0x00, 0x00, 0x00, 0x00, 0x00, 0x00, 0x00, 0x00, 0x00, 0x00, 0x00, 0x00, 0x00, 0x00, 0x00, 0x00, 0x00, 0x00, 0x00, 0x00, 0x00, 0x00, 0x00, 0x00, 0x00, } },
  { .id = 2376, .a = 271, .b = 1125, .token = {'a', 'n', 'c', 'i', 'a', 'l', 0x00, 0x00, 0x00, 0x00, 0x00, 0x00, 0x00, 0x00, 0x00, 0x00, 0x00, 0x00, 0x00, 0x00, 0x00, 0x00, 0x00, 0x00, 0x00, 0x00, 0x00, 0x00, 0x00, 0x00, 0x00, 0x00, } },
  { .id = 2377, .a = 372, .b = 116, .token = {'v', 'e', 'r', 't', 0x00, 0x00, 0x00, 0x00, 0x00, 0x00, 0x00, 0x00, 0x00, 0x00, 0x00, 0x00, 0x00, 0x00, 0x00, 0x00, 0x00, 0x00, 0x00, 0x00, 0x00, 0x00, 0x00, 0x00, 0x00, 0x00, 0x00, 0x00, } },
  { .id = 2378, .a = 266, .b = 108, .token = {'r', 'e', 'l', 0x00, 0x00, 0x00, 0x00, 0x00, 0x00, 0x00, 0x00, 0x00, 0x00, 0x00, 0x00, 0x00, 0x00, 0x00, 0x00, 0x00, 0x00, 0x00, 0x00, 0x00, 0x00, 0x00, 0x00, 0x00, 0x00, 0x00, 0x00, 0x00, } },
  { .id = 2379, .a = 1372, .b = 2011, .token = {' ', 'A', 'd', 'd', 'i', 't', 'i', 'o', 'n', 'a', 'l', 'l', 'y', 0x00, 0x00, 0x00, 0x00, 0x00, 0x00, 0x00, 0x00, 0x00, 0x00, 0x00, 0x00, 0x00, 0x00, 0x00, 0x00, 0x00, 0x00, 0x00, } },
  { .id = 2380, .a = 418, .b = 554, .token = {'a', 'c', 'k', 's', 0x00, 0x00, 0x00, 0x00, 0x00, 0x00, 0x00, 0x00, 0x00, 0x00, 0x00, 0x00, 0x00, 0x00, 0x00, 0x00, 0x00, 0x00, 0x00, 0x00, 0x00, 0x00, 0x00, 0x00, 0x00, 0x00, 0x00, 0x00, } },
  { .id = 2381, .a = 981, .b = 1720, .token = {' ', 's', 'k', 'i', 'l', 'l', 's', 0x00, 0x00, 0x00, 0x00, 0x00, 0x00, 0x00, 0x00, 0x00, 0x00, 0x00, 0x00, 0x00, 0x00, 0x00, 0x00, 0x00, 0x00, 0x00, 0x00, 0x00, 0x00, 0x00, 0x00, 0x00, } },
  { .id = 2382, .a = 259, .b = 376, .token = {' ', 'a', 'b', 'l', 'e', 0x00, 0x00, 0x00, 0x00, 0x00, 0x00, 0x00, 0x00, 0x00, 0x00, 0x00, 0x00, 0x00, 0x00, 0x00, 0x00, 0x00, 0x00, 0x00, 0x00, 0x00, 0x00, 0x00, 0x00, 0x00, 0x00, 0x00, } },
  { .id = 2383, .a = 803, .b = 115, .token = {' ', 'p', 'r', 'o', 'd', 'u', 'c', 't', 's', 0x00, 0x00, 0x00, 0x00, 0x00, 0x00, 0x00, 0x00, 0x00, 0x00, 0x00, 0x00, 0x00, 0x00, 0x00, 0x00, 0x00, 0x00, 0x00, 0x00, 0x00, 0x00, 0x00, } },
  { .id = 2384, .a = 708, .b = 631, .token = {' ', 'a', 'c', 'c', 'o', 'u', 'n', 't', 0x00, 0x00, 0x00, 0x00, 0x00, 0x00, 0x00, 0x00, 0x00, 0x00, 0x00, 0x00, 0x00, 0x00, 0x00, 0x00, 0x00, 0x00, 0x00, 0x00, 0x00, 0x00, 0x00, 0x00, } },
  { .id = 2385, .a = 1889, .b = 314, .token = {' ', 't', 'r', 'a', 'n', 's', 'p', 'o', 'r', 't', 'a', 't', 'i', 'o', 'n', 0x00, 0x00, 0x00, 0x00, 0x00, 0x00, 0x00, 0x00, 0x00, 0x00, 0x00, 0x00, 0x00, 0x00, 0x00, 0x00, 0x00, } },
  { .id = 2386, .a = 419, .b = 102, .token = {'i', 'e', 'f', 0x00, 0x00, 0x00, 0x00, 0x00, 0x00, 0x00, 0x00, 0x00, 0x00, 0x00, 0x00, 0x00, 0x00, 0x00, 0x00, 0x00, 0x00, 0x00, 0x00, 0x00, 0x00, 0x00, 0x00, 0x00, 0x00, 0x00, 0x00, 0x00, } },
  { .id = 2387, .a = 98, .b = 276, .token = {'b', 'i', 't', 0x00, 0x00, 0x00, 0x00, 0x00, 0x00, 0x00, 0x00, 0x00, 0x00, 0x00, 0x00, 0x00, 0x00, 0x00, 0x00, 0x00, 0x00, 0x00, 0x00, 0x00, 0x00, 0x00, 0x00, 0x00, 0x00, 0x00, 0x00, 0x00, } },
  { .id = 2388, .a = 280, .b = 371, .token = {' ', 'b', 'r', 'a', 0x00, 0x00, 0x00, 0x00, 0x00, 0x00, 0x00, 0x00, 0x00, 0x00, 0x00, 0x00, 0x00, 0x00, 0x00, 0x00, 0x00, 0x00, 0x00, 0x00, 0x00, 0x00, 0x00, 0x00, 0x00, 0x00, 0x00, 0x00, } },
  { .id = 2389, .a = 1212, .b = 1796, .token = {' ', 'c', 'o', 'n', 'f', 'i', 'r', 'm', 0x00, 0x00, 0x00, 0x00, 0x00, 0x00, 0x00, 0x00, 0x00, 0x00, 0x00, 0x00, 0x00, 0x00, 0x00, 0x00, 0x00, 0x00, 0x00, 0x00, 0x00, 0x00, 0x00, 0x00, } },
  { .id = 2390, .a = 744, .b = 373, .token = {'e', 'n', 's', 'i', 'v', 'e', 0x00, 0x00, 0x00, 0x00, 0x00, 0x00, 0x00, 0x00, 0x00, 0x00, 0x00, 0x00, 0x00, 0x00, 0x00, 0x00, 0x00, 0x00, 0x00, 0x00, 0x00, 0x00, 0x00, 0x00, 0x00, 0x00, } },
  { .id = 2391, .a = 658, .b = 54, .token = {'1', '9', '6', 0x00, 0x00, 0x00, 0x00, 0x00, 0x00, 0x00, 0x00, 0x00, 0x00, 0x00, 0x00, 0x00, 0x00, 0x00, 0x00, 0x00, 0x00, 0x00, 0x00, 0x00, 0x00, 0x00, 0x00, 0x00, 0x00, 0x00, 0x00, 0x00, } },
  { .id = 2392, .a = 257, .b = 574, .token = {' ', 't', 'o', 'n', 'e', 0x00, 0x00, 0x00, 0x00, 0x00, 0x00, 0x00, 0x00, 0x00, 0x00, 0x00, 0x00, 0x00, 0x00, 0x00, 0x00, 0x00, 0x00, 0x00, 0x00, 0x00, 0x00, 0x00, 0x00, 0x00, 0x00, 0x00, } },
  { .id = 2393, .a = 989, .b = 1558, .token = {' ', 'f', 'u', 'n', 'c', 't', 'i', 'o', 'n', 0x00, 0x00, 0x00, 0x00, 0x00, 0x00, 0x00, 0x00, 0x00, 0x00, 0x00, 0x00, 0x00, 0x00, 0x00, 0x00, 0x00, 0x00, 0x00, 0x00, 0x00, 0x00, 0x00, } },
  { .id = 2394, .a = 661, .b = 428, .token = {' ', 's', 'p', 'e', 'c', 'i', 'e', 's', 0x00, 0x00, 0x00, 0x00, 0x00, 0x00, 0x00, 0x00, 0x00, 0x00, 0x00, 0x00, 0x00, 0x00, 0x00, 0x00, 0x00, 0x00, 0x00, 0x00, 0x00, 0x00, 0x00, 0x00, } },
  { .id = 2395, .a = 1268, .b = 553, .token = {' ', 'b', 'e', 'l', 'o', 'n', 'g', 0x00, 0x00, 0x00, 0x00, 0x00, 0x00, 0x00, 0x00, 0x00, 0x00, 0x00, 0x00, 0x00, 0x00, 0x00, 0x00, 0x00, 0x00, 0x00, 0x00, 0x00, 0x00, 0x00, 0x00, 0x00, } },
  { .id = 2396, .a = 852, .b = 109, .token = {' ', 's', 'y', 'm', 0x00, 0x00, 0x00, 0x00, 0x00, 0x00, 0x00, 0x00, 0x00, 0x00, 0x00, 0x00, 0x00, 0x00, 0x00, 0x00, 0x00, 0x00, 0x00, 0x00, 0x00, 0x00, 0x00, 0x00, 0x00, 0x00, 0x00, 0x00, } },
  { .id = 2397, .a = 273, .b = 464, .token = {' ', 'w', 'i', 'd', 'e', 0x00, 0x00, 0x00, 0x00, 0x00, 0x00, 0x00, 0x00, 0x00, 0x00, 0x00, 0x00, 0x00, 0x00, 0x00, 0x00, 0x00, 0x00, 0x00, 0x00, 0x00, 0x00, 0x00, 0x00, 0x00, 0x00, 0x00, } },
  { .id = 2398, .a = 116, .b = 348, .token = {'t', 'e', 'r', 's', 0x00, 0x00, 0x00, 0x00, 0x00, 0x00, 0x00, 0x00, 0x00, 0x00, 0x00, 0x00, 0x00, 0x00, 0x00, 0x00, 0x00, 0x00, 0x00, 0x00, 0x00, 0x00, 0x00, 0x00, 0x00, 0x00, 0x00, 0x00, } },
  { .id = 2399, .a = 853, .b = 121, .token = {' ', 'b', 'u', 'y', 0x00, 0x00, 0x00, 0x00, 0x00, 0x00, 0x00, 0x00, 0x00, 0x00, 0x00, 0x00, 0x00, 0x00, 0x00, 0x00, 0x00, 0x00, 0x00, 0x00, 0x00, 0x00, 0x00, 0x00, 0x00, 0x00, 0x00, 0x00, } },
  { .id = 2400, .a = 397, .b = 109, .token = {'u', 'm', 'm', 0x00, 0x00, 0x00, 0x00, 0x00, 0x00, 0x00, 0x00, 0x00, 0x00, 0x00, 0x00, 0x00, 0x00, 0x00, 0x00, 0x00, 0x00, 0x00, 0x00, 0x00, 0x00, 0x00, 0x00, 0x00, 0x00, 0x00, 0x00, 0x00, } },
  { .id = 2401, .a = 269, .b = 761, .token = {' ', 'c', 'o', 'o', 'k', 0x00, 0x00, 0x00, 0x00, 0x00, 0x00, 0x00, 0x00, 0x00, 0x00, 0x00, 0x00, 0x00, 0x00, 0x00, 0x00, 0x00, 0x00, 0x00, 0x00, 0x00, 0x00, 0x00, 0x00, 0x00, 0x00, 0x00, } },
  { .id = 2402, .a = 102, .b = 450, .token = {'f', 'e', 'c', 't', 0x00, 0x00, 0x00, 0x00, 0x00, 0x00, 0x00, 0x00, 0x00, 0x00, 0x00, 0x00, 0x00, 0x00, 0x00, 0x00, 0x00, 0x00, 0x00, 0x00, 0x00, 0x00, 0x00, 0x00, 0x00, 0x00, 0x00, 0x00, } },
  { .id = 2403, .a = 765, .b = 115, .token = {' ', 'n', 'e', 'w', 's', 0x00, 0x00, 0x00, 0x00, 0x00, 0x00, 0x00, 0x00, 0x00, 0x00, 0x00, 0x00, 0x00, 0x00, 0x00, 0x00, 0x00, 0x00, 0x00, 0x00, 0x00, 0x00, 0x00, 0x00, 0x00, 0x00, 0x00, } },
  { .id = 2404, .a = 611, .b = 271, .token = {'a', 'p', 'a', 'n', 0x00, 0x00, 0x00, 0x00, 0x00, 0x00, 0x00, 0x00, 0x00, 0x00, 0x00, 0x00, 0x00, 0x00, 0x00, 0x00, 0x00, 0x00, 0x00, 0x00, 0x00, 0x00, 0x00, 0x00, 0x00, 0x00, 0x00, 0x00, } },
  { .id = 2405, .a = 1826, .b = 483, .token = {' ', 'p', 'o', 'l', 'i', 't', 'i', 'c', 'a', 'l', 0x00, 0x00, 0x00, 0x00, 0x00, 0x00, 0x00, 0x00, 0x00, 0x00, 0x00, 0x00, 0x00, 0x00, 0x00, 0x00, 0x00, 0x00, 0x00, 0x00, 0x00, 0x00, } },
  { .id = 2406, .a = 323, .b = 114, .token = {'s', 't', 'r', 0x00, 0x00, 0x00, 0x00, 0x00, 0x00, 0x00, 0x00, 0x00, 0x00, 0x00, 0x00, 0x00, 0x00, 0x00, 0x00, 0x00, 0x00, 0x00, 0x00, 0x00, 0x00, 0x00, 0x00, 0x00, 0x00, 0x00, 0x00, 0x00, } },
  { .id = 2407, .a = 834, .b = 512, .token = {' ', 'r', 'e', 'a', 's', 'o', 'n', 'a', 'b', 'l', 'e', 0x00, 0x00, 0x00, 0x00, 0x00, 0x00, 0x00, 0x00, 0x00, 0x00, 0x00, 0x00, 0x00, 0x00, 0x00, 0x00, 0x00, 0x00, 0x00, 0x00, 0x00, } },
  { .id = 2408, .a = 521, .b = 504, .token = {' ', 'm', 'a', 'n', 'a', 'g', 'e', 0x00, 0x00, 0x00, 0x00, 0x00, 0x00, 0x00, 0x00, 0x00, 0x00, 0x00, 0x00, 0x00, 0x00, 0x00, 0x00, 0x00, 0x00, 0x00, 0x00, 0x00, 0x00, 0x00, 0x00, 0x00, } },
  { .id = 2409, .a = 269, .b = 1523, .token = {' ', 'c', 'a', 'p', 't', 0x00, 0x00, 0x00, 0x00, 0x00, 0x00, 0x00, 0x00, 0x00, 0x00, 0x00, 0x00, 0x00, 0x00, 0x00, 0x00, 0x00, 0x00, 0x00, 0x00, 0x00, 0x00, 0x00, 0x00, 0x00, 0x00, 0x00, } },
  { .id = 2410, .a = 409, .b = 1342, .token = {' ', 'p', 'r', 'e', 'v', 'e', 'n', 't', 0x00, 0x00, 0x00, 0x00, 0x00, 0x00, 0x00, 0x00, 0x00, 0x00, 0x00, 0x00, 0x00, 0x00, 0x00, 0x00, 0x00, 0x00, 0x00, 0x00, 0x00, 0x00, 0x00, 0x00, } },
  { .id = 2411, .a = 473, .b = 2196, .token = {' ', 'F', 'r', 'e', 'n', 'c', 'h', 0x00, 0x00, 0x00, 0x00, 0x00, 0x00, 0x00, 0x00, 0x00, 0x00, 0x00, 0x00, 0x00, 0x00, 0x00, 0x00, 0x00, 0x00, 0x00, 0x00, 0x00, 0x00, 0x00, 0x00, 0x00, } },
  { .id = 2412, .a = 1048, .b = 538, .token = {' ', 'r', 'e', 'l', 'e', 'a', 's', 'e', 'd', 0x00, 0x00, 0x00, 0x00, 0x00, 0x00, 0x00, 0x00, 0x00, 0x00, 0x00, 0x00, 0x00, 0x00, 0x00, 0x00, 0x00, 0x00, 0x00, 0x00, 0x00, 0x00, 0x00, } },
  { .id = 2413, .a = 279, .b = 612, .token = {' ', 'f', 'i', 's', 'h', 0x00, 0x00, 0x00, 0x00, 0x00, 0x00, 0x00, 0x00, 0x00, 0x00, 0x00, 0x00, 0x00, 0x00, 0x00, 0x00, 0x00, 0x00, 0x00, 0x00, 0x00, 0x00, 0x00, 0x00, 0x00, 0x00, 0x00, } },
  { .id = 2414, .a = 279, .b = 266, .token = {' ', 'f', 'r', 'e', 0x00, 0x00, 0x00, 0x00, 0x00, 0x00, 0x00, 0x00, 0x00, 0x00, 0x00, 0x00, 0x00, 0x00, 0x00, 0x00, 0x00, 0x00, 0x00, 0x00, 0x00, 0x00, 0x00, 0x00, 0x00, 0x00, 0x00, 0x00, } },
  { .id = 2415, .a = 308, .b = 373, .token = {' ', 'l', 'i', 'v', 'e', 0x00, 0x00, 0x00, 0x00, 0x00, 0x00, 0x00, 0x00, 0x00, 0x00, 0x00, 0x00, 0x00, 0x00, 0x00, 0x00, 0x00, 0x00, 0x00, 0x00, 0x00, 0x00, 0x00, 0x00, 0x00, 0x00, 0x00, } },
  { .id = 2416, .a = 69, .b = 120, .token = {'E', 'x', 0x00, 0x00, 0x00, 0x00, 0x00, 0x00, 0x00, 0x00, 0x00, 0x00, 0x00, 0x00, 0x00, 0x00, 0x00, 0x00, 0x00, 0x00, 0x00, 0x00, 0x00, 0x00, 0x00, 0x00, 0x00, 0x00, 0x00, 0x00, 0x00, 0x00, } },
  { .id = 2417, .a = 954, .b = 402, .token = {' ', 'e', 'x', 'p', 'l', 'a', 'i', 'n', 0x00, 0x00, 0x00, 0x00, 0x00, 0x00, 0x00, 0x00, 0x00, 0x00, 0x00, 0x00, 0x00, 0x00, 0x00, 0x00, 0x00, 0x00, 0x00, 0x00, 0x00, 0x00, 0x00, 0x00, } },
  { .id = 2418, .a = 109, .b = 1781, .token = {'m', 'o', 's', 'p', 0x00, 0x00, 0x00, 0x00, 0x00, 0x00, 0x00, 0x00, 0x00, 0x00, 0x00, 0x00, 0x00, 0x00, 0x00, 0x00, 0x00, 0x00, 0x00, 0x00, 0x00, 0x00, 0x00, 0x00, 0x00, 0x00, 0x00, 0x00, } },
  { .id = 2419, .a = 1273, .b = 848, .token = {' ', 'g', 'l', 'o', 'b', 0x00, 0x00, 0x00, 0x00, 0x00, 0x00, 0x00, 0x00, 0x00, 0x00, 0x00, 0x00, 0x00, 0x00, 0x00, 0x00, 0x00, 0x00, 0x00, 0x00, 0x00, 0x00, 0x00, 0x00, 0x00, 0x00, 0x00, } },
  { .id = 2420, .a = 257, .b = 1530, .token = {' ', 't', 'a', 'k', 'e', 's', 0x00, 0x00, 0x00, 0x00, 0x00, 0x00, 0x00, 0x00, 0x00, 0x00, 0x00, 0x00, 0x00, 0x00, 0x00, 0x00, 0x00, 0x00, 0x00, 0x00, 0x00, 0x00, 0x00, 0x00, 0x00, 0x00, } },
  { .id = 2421, .a = 1190, .b = 1841, .token = {' ', 'p', 'o', 'p', 'u', 'l', 'a', 't', 'i', 'o', 'n', 0x00, 0x00, 0x00, 0x00, 0x00, 0x00, 0x00, 0x00, 0x00, 0x00, 0x00, 0x00, 0x00, 0x00, 0x00, 0x00, 0x00, 0x00, 0x00, 0x00, 0x00, } },
  { .id = 2422, .a = 108, .b = 111, .token = {'l', 'o', 0x00, 0x00, 0x00, 0x00, 0x00, 0x00, 0x00, 0x00, 0x00, 0x00, 0x00, 0x00, 0x00, 0x00, 0x00, 0x00, 0x00, 0x00, 0x00, 0x00, 0x00, 0x00, 0x00, 0x00, 0x00, 0x00, 0x00, 0x00, 0x00, 0x00, } },
  { .id = 2423, .a = 104, .b = 114, .token = {'h', 'r', 0x00, 0x00, 0x00, 0x00, 0x00, 0x00, 0x00, 0x00, 0x00, 0x00, 0x00, 0x00, 0x00, 0x00, 0x00, 0x00, 0x00, 0x00, 0x00, 0x00, 0x00, 0x00, 0x00, 0x00, 0x00, 0x00, 0x00, 0x00, 0x00, 0x00, } },
  { .id = 2424, .a = 111, .b = 107, .token = {'o', 'k', 0x00, 0x00, 0x00, 0x00, 0x00, 0x00, 0x00, 0x00, 0x00, 0x00, 0x00, 0x00, 0x00, 0x00, 0x00, 0x00, 0x00, 0x00, 0x00, 0x00, 0x00, 0x00, 0x00, 0x00, 0x00, 0x00, 0x00, 0x00, 0x00, 0x00, } },
  { .id = 2425, .a = 440, .b = 270, .token = {' ', 'u', 's', 'e', 's', 0x00, 0x00, 0x00, 0x00, 0x00, 0x00, 0x00, 0x00, 0x00, 0x00, 0x00, 0x00, 0x00, 0x00, 0x00, 0x00, 0x00, 0x00, 0x00, 0x00, 0x00, 0x00, 0x00, 0x00, 0x00, 0x00, 0x00, } },
  { .id = 2426, .a = 1824, .b = 115, .token = {0xe2, 0x80, 0x99, 's', 0x00, 0x00, 0x00, 0x00, 0x00, 0x00, 0x00, 0x00, 0x00, 0x00, 0x00, 0x00, 0x00, 0x00, 0x00, 0x00, 0x00, 0x00, 0x00, 0x00, 0x00, 0x00, 0x00, 0x00, 0x00, 0x00, 0x00, 0x00, } },
  { .id = 2427, .a = 331, .b = 73, .token = {' ', 'A', 'I', 0x00, 0x00, 0x00, 0x00, 0x00, 0x00, 0x00, 0x00, 0x00, 0x00, 0x00, 0x00, 0x00, 0x00, 0x00, 0x00, 0x00, 0x00, 0x00, 0x00, 0x00, 0x00, 0x00, 0x00, 0x00, 0x00, 0x00, 0x00, 0x00, } },
  { .id = 2428, .a = 485, .b = 275, .token = {'e', 'l', 'l', 'i', 'n', 'g', 0x00, 0x00, 0x00, 0x00, 0x00, 0x00, 0x00, 0x00, 0x00, 0x00, 0x00, 0x00, 0x00, 0x00, 0x00, 0x00, 0x00, 0x00, 0x00, 0x00, 0x00, 0x00, 0x00, 0x00, 0x00, 0x00, } },
  { .id = 2429, .a = 1081, .b = 309, .token = {' ', 'i', 'n', 'v', 'o', 'l', 'v', 'e', 0x00, 0x00, 0x00, 0x00, 0x00, 0x00, 0x00, 0x00, 0x00, 0x00, 0x00, 0x00, 0x00, 0x00, 0x00, 0x00, 0x00, 0x00, 0x00, 0x00, 0x00, 0x00, 0x00, 0x00, } },
  { .id = 2430, .a = 103, .b = 270, .token = {'g', 'e', 's', 0x00, 0x00, 0x00, 0x00, 0x00, 0x00, 0x00, 0x00, 0x00, 0x00, 0x00, 0x00, 0x00, 0x00, 0x00, 0x00, 0x00, 0x00, 0x00, 0x00, 0x00, 0x00, 0x00, 0x00, 0x00, 0x00, 0x00, 0x00, 0x00, } },
  { .id = 2431, .a = 980, .b = 568, .token = {'g', 'r', 'o', 'u', 'n', 'd', 0x00, 0x00, 0x00, 0x00, 0x00, 0x00, 0x00, 0x00, 0x00, 0x00, 0x00, 0x00, 0x00, 0x00, 0x00, 0x00, 0x00, 0x00, 0x00, 0x00, 0x00, 0x00, 0x00, 0x00, 0x00, 0x00, } },
  { .id = 2432, .a = 710, .b = 2130, .token = {' ', 'e', 'm', 'p', 'l', 'o', 'y', 0x00, 0x00, 0x00, 0x00, 0x00, 0x00, 0x00, 0x00, 0x00, 0x00, 0x00, 0x00, 0x00, 0x00, 0x00, 0x00, 0x00, 0x00, 0x00, 0x00, 0x00, 0x00, 0x00, 0x00, 0x00, } },
  { .id = 2433, .a = 395, .b = 290, .token = {' ', 'W', 'a', 'r', 0x00, 0x00, 0x00, 0x00, 0x00, 0x00, 0x00, 0x00, 0x00, 0x00, 0x00, 0x00, 0x00, 0x00, 0x00, 0x00, 0x00, 0x00, 0x00, 0x00, 0x00, 0x00, 0x00, 0x00, 0x00, 0x00, 0x00, 0x00, } },
  { .id = 2434, .a = 556, .b = 283, .token = {'e', 'n', 'd', 'e', 'd', 0x00, 0x00, 0x00, 0x00, 0x00, 0x00, 0x00, 0x00, 0x00, 0x00, 0x00, 0x00, 0x00, 0x00, 0x00, 0x00, 0x00, 0x00, 0x00, 0x00, 0x00, 0x00, 0x00, 0x00, 0x00, 0x00, 0x00, } },
  { .id = 2435, .a = 2371, .b = 359, .token = {' ', 'r', 'e', 's', 'p', 'o', 'n', 's', 'e', 0x00, 0x00, 0x00, 0x00, 0x00, 0x00, 0x00, 0x00, 0x00, 0x00, 0x00, 0x00, 0x00, 0x00, 0x00, 0x00, 0x00, 0x00, 0x00, 0x00, 0x00, 0x00, 0x00, } },
  { .id = 2436, .a = 99, .b = 499, .token = {'c', 'o', 'm', 'e', 0x00, 0x00, 0x00, 0x00, 0x00, 0x00, 0x00, 0x00, 0x00, 0x00, 0x00, 0x00, 0x00, 0x00, 0x00, 0x00, 0x00, 0x00, 0x00, 0x00, 0x00, 0x00, 0x00, 0x00, 0x00, 0x00, 0x00, 0x00, } },
  { .id = 2437, .a = 331, .b = 819, .token = {' ', 'A', 'f', 't', 'e', 'r', 0x00, 0x00, 0x00, 0x00, 0x00, 0x00, 0x00, 0x00, 0x00, 0x00, 0x00, 0x00, 0x00, 0x00, 0x00, 0x00, 0x00, 0x00, 0x00, 0x00, 0x00, 0x00, 0x00, 0x00, 0x00, 0x00, } },
  { .id = 2438, .a = 954, .b = 1636, .token = {' ', 'e', 'x', 'p', 'l', 'a', 'n', 'a', 't', 'i', 'o', 'n', 0x00, 0x00, 0x00, 0x00, 0x00, 0x00, 0x00, 0x00, 0x00, 0x00, 0x00, 0x00, 0x00, 0x00, 0x00, 0x00, 0x00, 0x00, 0x00, 0x00, } },
  { .id = 2439, .a = 1324, .b = 1302, .token = {' ', 'm', 'e', 'm', 'b', 'e', 'r', 's', 0x00, 0x00, 0x00, 0x00, 0x00, 0x00, 0x00, 0x00, 0x00, 0x00, 0x00, 0x00, 0x00, 0x00, 0x00, 0x00, 0x00, 0x00, 0x00, 0x00, 0x00, 0x00, 0x00, 0x00, } },
  { .id = 2440, .a = 2244, .b = 1880, .token = {'x', 'y', 'g', 'e', 'n', 0x00, 0x00, 0x00, 0x00, 0x00, 0x00, 0x00, 0x00, 0x00, 0x00, 0x00, 0x00, 0x00, 0x00, 0x00, 0x00, 0x00, 0x00, 0x00, 0x00, 0x00, 0x00, 0x00, 0x00, 0x00, 0x00, 0x00, } },
  { .id = 2441, .a = 279, .b = 1839, .token = {' ', 'f', 'a', 'v', 'o', 'r', 0x00, 0x00, 0x00, 0x00, 0x00, 0x00, 0x00, 0x00, 0x00, 0x00, 0x00, 0x00, 0x00, 0x00, 0x00, 0x00, 0x00, 0x00, 0x00, 0x00, 0x00, 0x00, 0x00, 0x00, 0x00, 0x00, } },
  { .id = 2442, .a = 263, .b = 116, .token = {'e', 'r', 't', 0x00, 0x00, 0x00, 0x00, 0x00, 0x00, 0x00, 0x00, 0x00, 0x00, 0x00, 0x00, 0x00, 0x00, 0x00, 0x00, 0x00, 0x00, 0x00, 0x00, 0x00, 0x00, 0x00, 0x00, 0x00, 0x00, 0x00, 0x00, 0x00, } },
  { .id = 2443, .a = 465, .b = 966, .token = {' ', 'd', 'e', 'a', 't', 'h', 0x00, 0x00, 0x00, 0x00, 0x00, 0x00, 0x00, 0x00, 0x00, 0x00, 0x00, 0x00, 0x00, 0x00, 0x00, 0x00, 0x00, 0x00, 0x00, 0x00, 0x00, 0x00, 0x00, 0x00, 0x00, 0x00, } },
  { .id = 2444, .a = 406, .b = 422, .token = {' ', 'v', 'i', 'l', 'l', 0x00, 0x00, 0x00, 0x00, 0x00, 0x00, 0x00, 0x00, 0x00, 0x00, 0x00, 0x00, 0x00, 0x00, 0x00, 0x00, 0x00, 0x00, 0x00, 0x00, 0x00, 0x00, 0x00, 0x00, 0x00, 0x00, 0x00, } },
  { .id = 2445, .a = 99, .b = 554, .token = {'c', 'k', 's', 0x00, 0x00, 0x00, 0x00, 0x00, 0x00, 0x00, 0x00, 0x00, 0x00, 0x00, 0x00, 0x00, 0x00, 0x00, 0x00, 0x00, 0x00, 0x00, 0x00, 0x00, 0x00, 0x00, 0x00, 0x00, 0x00, 0x00, 0x00, 0x00, } },
  { .id = 2446, .a = 101, .b = 121, .token = {'e', 'y', 0x00, 0x00, 0x00, 0x00, 0x00, 0x00, 0x00, 0x00, 0x00, 0x00, 0x00, 0x00, 0x00, 0x00, 0x00, 0x00, 0x00, 0x00, 0x00, 0x00, 0x00, 0x00, 0x00, 0x00, 0x00, 0x00, 0x00, 0x00, 0x00, 0x00, } },
  { .id = 2447, .a = 1939, .b = 108, .token = {' ', 'c', 'o', 'n', 't', 'r', 'o', 'l', 0x00, 0x00, 0x00, 0x00, 0x00, 0x00, 0x00, 0x00, 0x00, 0x00, 0x00, 0x00, 0x00, 0x00, 0x00, 0x00, 0x00, 0x00, 0x00, 0x00, 0x00, 0x00, 0x00, 0x00, } },
  { .id = 2448, .a = 1622, .b = 347, .token = {' ', 'm', 'o', 'd', 'e', 'l', 0x00, 0x00, 0x00, 0x00, 0x00, 0x00, 0x00, 0x00, 0x00, 0x00, 0x00, 0x00, 0x00, 0x00, 0x00, 0x00, 0x00, 0x00, 0x00, 0x00, 0x00, 0x00, 0x00, 0x00, 0x00, 0x00, } },
  { .id = 2449, .a = 306, .b = 102, .token = {' ', 'e', 'f', 0x00, 0x00, 0x00, 0x00, 0x00, 0x00, 0x00, 0x00, 0x00, 0x00, 0x00, 0x00, 0x00, 0x00, 0x00, 0x00, 0x00, 0x00, 0x00, 0x00, 0x00, 0x00, 0x00, 0x00, 0x00, 0x00, 0x00, 0x00, 0x00, } },
  { .id = 2450, .a = 279, .b = 276, .token = {' ', 'f', 'i', 't', 0x00, 0x00, 0x00, 0x00, 0x00, 0x00, 0x00, 0x00, 0x00, 0x00, 0x00, 0x00, 0x00, 0x00, 0x00, 0x00, 0x00, 0x00, 0x00, 0x00, 0x00, 0x00, 0x00, 0x00, 0x00, 0x00, 0x00, 0x00, } },
  { .id = 2451, .a = 1406, .b = 278, .token = {' ', 'h', 'i', 's', 't', 'o', 'r', 0x00, 0x00, 0x00, 0x00, 0x00, 0x00, 0x00, 0x00, 0x00, 0x00, 0x00, 0x00, 0x00, 0x00, 0x00, 0x00, 0x00, 0x00, 0x00, 0x00, 0x00, 0x00, 0x00, 0x00, 0x00, } },
  { .id = 2452, .a = 265, .b = 408, .token = {' ', 's', 'a', 'n', 'd', 0x00, 0x00, 0x00, 0x00, 0x00, 0x00, 0x00, 0x00, 0x00, 0x00, 0x00, 0x00, 0x00, 0x00, 0x00, 0x00, 0x00, 0x00, 0x00, 0x00, 0x00, 0x00, 0x00, 0x00, 0x00, 0x00, 0x00, } },
  { .id = 2453, .a = 807, .b = 1986, .token = {' ', 'r', 'e', 'c', 'o', 'g', 'n', 0x00, 0x00, 0x00, 0x00, 0x00, 0x00, 0x00, 0x00, 0x00, 0x00, 0x00, 0x00, 0x00, 0x00, 0x00, 0x00, 0x00, 0x00, 0x00, 0x00, 0x00, 0x00, 0x00, 0x00, 0x00, } },
  { .id = 2454, .a = 1139, .b = 343, .token = {' ', 'p', 'u', 'r', 'c', 'h', 0x00, 0x00, 0x00, 0x00, 0x00, 0x00, 0x00, 0x00, 0x00, 0x00, 0x00, 0x00, 0x00, 0x00, 0x00, 0x00, 0x00, 0x00, 0x00, 0x00, 0x00, 0x00, 0x00, 0x00, 0x00, 0x00, } },
  { .id = 2455, .a = 354, .b = 320, .token = {' ', 'C', 'o', 'l', 0x00, 0x00, 0x00, 0x00, 0x00, 0x00, 0x00, 0x00, 0x00, 0x00, 0x00, 0x00, 0x00, 0x00, 0x00, 0x00, 0x00, 0x00, 0x00, 0x00, 0x00, 0x00, 0x00, 0x00, 0x00, 0x00, 0x00, 0x00, } },
  { .id = 2456, .a = 649, .b = 1042, .token = {' ', 'a', 'p', 'p', 'l', 'i', 'c', 0x00, 0x00, 0x00, 0x00, 0x00, 0x00, 0x00, 0x00, 0x00, 0x00, 0x00, 0x00, 0x00, 0x00, 0x00, 0x00, 0x00, 0x00, 0x00, 0x00, 0x00, 0x00, 0x00, 0x00, 0x00, } },
  { .id = 2457, .a = 274, .b = 345, .token = {' ', 'p', 'a', 'y', 0x00, 0x00, 0x00, 0x00, 0x00, 0x00, 0x00, 0x00, 0x00, 0x00, 0x00, 0x00, 0x00, 0x00, 0x00, 0x00, 0x00, 0x00, 0x00, 0x00, 0x00, 0x00, 0x00, 0x00, 0x00, 0x00, 0x00, 0x00, } },
  { .id = 2458, .a = 302, .b = 101, .token = {' ', 'T', 'e', 0x00, 0x00, 0x00, 0x00, 0x00, 0x00, 0x00, 0x00, 0x00, 0x00, 0x00, 0x00, 0x00, 0x00, 0x00, 0x00, 0x00, 0x00, 0x00, 0x00, 0x00, 0x00, 0x00, 0x00, 0x00, 0x00, 0x00, 0x00, 0x00, } },
  { .id = 2459, .a = 380, .b = 283, .token = {'a', 'g', 'e', 'd', 0x00, 0x00, 0x00, 0x00, 0x00, 0x00, 0x00, 0x00, 0x00, 0x00, 0x00, 0x00, 0x00, 0x00, 0x00, 0x00, 0x00, 0x00, 0x00, 0x00, 0x00, 0x00, 0x00, 0x00, 0x00, 0x00, 0x00, 0x00, } },
  { .id = 2460, .a = 386, .b = 329, .token = {' ', 'B', 'u', 't', 0x00, 0x00, 0x00, 0x00, 0x00, 0x00, 0x00, 0x00, 0x00, 0x00, 0x00, 0x00, 0x00, 0x00, 0x00, 0x00, 0x00, 0x00, 0x00, 0x00, 0x00, 0x00, 0x00, 0x00, 0x00, 0x00, 0x00, 0x00, } },
  { .id = 2461, .a = 354, .b = 290, .token = {' ', 'C', 'a', 'r', 0x00, 0x00, 0x00, 0x00, 0x00, 0x00, 0x00, 0x00, 0x00, 0x00, 0x00, 0x00, 0x00, 0x00, 0x00, 0x00, 0x00, 0x00, 0x00, 0x00, 0x00, 0x00, 0x00, 0x00, 0x00, 0x00, 0x00, 0x00, } },
  { .id = 2462, .a = 1006, .b = 1981, .token = {' ', 's', 'u', 'r', 'f', 'a', 'c', 'e', 0x00, 0x00, 0x00, 0x00, 0x00, 0x00, 0x00, 0x00, 0x00, 0x00, 0x00, 0x00, 0x00, 0x00, 0x00, 0x00, 0x00, 0x00, 0x00, 0x00, 0x00, 0x00, 0x00, 0x00, } },
  { .id = 2463, .a = 401, .b = 323, .token = {' ', 'p', 'o', 's', 't', 0x00, 0x00, 0x00, 0x00, 0x00, 0x00, 0x00, 0x00, 0x00, 0x00, 0x00, 0x00, 0x00, 0x00, 0x00, 0x00, 0x00, 0x00, 0x00, 0x00, 0x00, 0x00, 0x00, 0x00, 0x00, 0x00, 0x00, } },
  { .id = 2464, .a = 451, .b = 270, .token = {' ', 'R', 'e', 's', 0x00, 0x00, 0x00, 0x00, 0x00, 0x00, 0x00, 0x00, 0x00, 0x00, 0x00, 0x00, 0x00, 0x00, 0x00, 0x00, 0x00, 0x00, 0x00, 0x00, 0x00, 0x00, 0x00, 0x00, 0x00, 0x00, 0x00, 0x00, } },
  { .id = 2465, .a = 300, .b = 262, .token = {' ', 'n', 'o', 'n', 0x00, 0x00, 0x00, 0x00, 0x00, 0x00, 0x00, 0x00, 0x00, 0x00, 0x00, 0x00, 0x00, 0x00, 0x00, 0x00, 0x00, 0x00, 0x00, 0x00, 0x00, 0x00, 0x00, 0x00, 0x00, 0x00, 0x00, 0x00, } },
  { .id = 2466, .a = 706, .b = 397, .token = {' ', 'c', 'o', 'n', 's', 'u', 'm', 0x00, 0x00, 0x00, 0x00, 0x00, 0x00, 0x00, 0x00, 0x00, 0x00, 0x00, 0x00, 0x00, 0x00, 0x00, 0x00, 0x00, 0x00, 0x00, 0x00, 0x00, 0x00, 0x00, 0x00, 0x00, } },
  { .id = 2467, .a = 2030, .b = 470, .token = {' ', 'i', 'n', 'i', 't', 'i', 'a', 'l', 0x00, 0x00, 0x00, 0x00, 0x00, 0x00, 0x00, 0x00, 0x00, 0x00, 0x00, 0x00, 0x00, 0x00, 0x00, 0x00, 0x00, 0x00, 0x00, 0x00, 0x00, 0x00, 0x00, 0x00, } },
  { .id = 2468, .a = 621, .b = 282, .token = {' ', 'e', 'v', 'a', 'l', 0x00, 0x00, 0x00, 0x00, 0x00, 0x00, 0x00, 0x00, 0x00, 0x00, 0x00, 0x00, 0x00, 0x00, 0x00, 0x00, 0x00, 0x00, 0x00, 0x00, 0x00, 0x00, 0x00, 0x00, 0x00, 0x00, 0x00, } },
  { .id = 2469, .a = 121, .b = 108, .token = {'y', 'l', 0x00, 0x00, 0x00, 0x00, 0x00, 0x00, 0x00, 0x00, 0x00, 0x00, 0x00, 0x00, 0x00, 0x00, 0x00, 0x00, 0x00, 0x00, 0x00, 0x00, 0x00, 0x00, 0x00, 0x00, 0x00, 0x00, 0x00, 0x00, 0x00, 0x00, } },
  { .id = 2470, .a = 279, .b = 532, .token = {' ', 'f', 'i', 'r', 'e', 0x00, 0x00, 0x00, 0x00, 0x00, 0x00, 0x00, 0x00, 0x00, 0x00, 0x00, 0x00, 0x00, 0x00, 0x00, 0x00, 0x00, 0x00, 0x00, 0x00, 0x00, 0x00, 0x00, 0x00, 0x00, 0x00, 0x00, } },
  { .id = 2471, .a = 380, .b = 481, .token = {'a', 'g', 'u', 'e', 0x00, 0x00, 0x00, 0x00, 0x00, 0x00, 0x00, 0x00, 0x00, 0x00, 0x00, 0x00, 0x00, 0x00, 0x00, 0x00, 0x00, 0x00, 0x00, 0x00, 0x00, 0x00, 0x00, 0x00, 0x00, 0x00, 0x00, 0x00, } },
  { .id = 2472, .a = 398, .b = 497, .token = {' ', 'm', 'o', 'd', 'e', 'r', 0x00, 0x00, 0x00, 0x00, 0x00, 0x00, 0x00, 0x00, 0x00, 0x00, 0x00, 0x00, 0x00, 0x00, 0x00, 0x00, 0x00, 0x00, 0x00, 0x00, 0x00, 0x00, 0x00, 0x00, 0x00, 0x00, } },
  { .id = 2473, .a = 1409, .b = 283, .token = {' ', 'd', 'e', 's', 'i', 'g', 'n', 'e', 'd', 0x00, 0x00, 0x00, 0x00, 0x00, 0x00, 0x00, 0x00, 0x00, 0x00, 0x00, 0x00, 0x00, 0x00, 0x00, 0x00, 0x00, 0x00, 0x00, 0x00, 0x00, 0x00, 0x00, } },
  { .id = 2474, .a = 1615, .b = 2355, .token = {' ', 'o', 'p', 'p', 'o', 'r', 't', 'u', 'n', 0x00, 0x00, 0x00, 0x00, 0x00, 0x00, 0x00, 0x00, 0x00, 0x00, 0x00, 0x00, 0x00, 0x00, 0x00, 0x00, 0x00, 0x00, 0x00, 0x00, 0x00, 0x00, 0x00, } },
  { .id = 2475, .a = 280, .b = 537, .token = {' ', 'b', 'a', 's', 'e', 0x00, 0x00, 0x00, 0x00, 0x00, 0x00, 0x00, 0x00, 0x00, 0x00, 0x00, 0x00, 0x00, 0x00, 0x00, 0x00, 0x00, 0x00, 0x00, 0x00, 0x00, 0x00, 0x00, 0x00, 0x00, 0x00, 0x00, } },
  { .id = 2476, .a = 459, .b = 2418, .token = {' ', 'a', 't', 'm', 'o', 's', 'p', 0x00, 0x00, 0x00, 0x00, 0x00, 0x00, 0x00, 0x00, 0x00, 0x00, 0x00, 0x00, 0x00, 0x00, 0x00, 0x00, 0x00, 0x00, 0x00, 0x00, 0x00, 0x00, 0x00, 0x00, 0x00, } },
  { .id = 2477, .a = 265, .b = 568, .token = {' ', 's', 'o', 'u', 'n', 'd', 0x00, 0x00, 0x00, 0x00, 0x00, 0x00, 0x00, 0x00, 0x00, 0x00, 0x00, 0x00, 0x00, 0x00, 0x00, 0x00, 0x00, 0x00, 0x00, 0x00, 0x00, 0x00, 0x00, 0x00, 0x00, 0x00, } },
  { .id = 2478, .a = 796, .b = 281, .token = {'i', 'c', 't', 'i', 'o', 'n', 0x00, 0x00, 0x00, 0x00, 0x00, 0x00, 0x00, 0x00, 0x00, 0x00, 0x00, 0x00, 0x00, 0x00, 0x00, 0x00, 0x00, 0x00, 0x00, 0x00, 0x00, 0x00, 0x00, 0x00, 0x00, 0x00, } },
  { .id = 2479, .a = 308, .b = 1655, .token = {' ', 'l', 'e', 'n', 'g', 't', 'h', 0x00, 0x00, 0x00, 0x00, 0x00, 0x00, 0x00, 0x00, 0x00, 0x00, 0x00, 0x00, 0x00, 0x00, 0x00, 0x00, 0x00, 0x00, 0x00, 0x00, 0x00, 0x00, 0x00, 0x00, 0x00, } },
  { .id = 2480, .a = 524, .b = 2207, .token = {' ', 'm', 'a', 'j', 'o', 'r', 0x00, 0x00, 0x00, 0x00, 0x00, 0x00, 0x00, 0x00, 0x00, 0x00, 0x00, 0x00, 0x00, 0x00, 0x00, 0x00, 0x00, 0x00, 0x00, 0x00, 0x00, 0x00, 0x00, 0x00, 0x00, 0x00, } },
  { .id = 2481, .a = 315, .b = 507, .token = {'i', 'd', 'g', 'e', 0x00, 0x00, 0x00, 0x00, 0x00, 0x00, 0x00, 0x00, 0x00, 0x00, 0x00, 0x00, 0x00, 0x00, 0x00, 0x00, 0x00, 0x00, 0x00, 0x00, 0x00, 0x00, 0x00, 0x00, 0x00, 0x00, 0x00, 0x00, } },
  { .id = 2482, .a = 312, .b = 303, .token = {' ', 'g', 'o', 't', 0x00, 0x00, 0x00, 0x00, 0x00, 0x00, 0x00, 0x00, 0x00, 0x00, 0x00, 0x00, 0x00, 0x00, 0x00, 0x00, 0x00, 0x00, 0x00, 0x00, 0x00, 0x00, 0x00, 0x00, 0x00, 0x00, 0x00, 0x00, } },
  { .id = 2483, .a = 365, .b = 295, .token = {' ', 'a', 'r', 'e', 'a', 's', 0x00, 0x00, 0x00, 0x00, 0x00, 0x00, 0x00, 0x00, 0x00, 0x00, 0x00, 0x00, 0x00, 0x00, 0x00, 0x00, 0x00, 0x00, 0x00, 0x00, 0x00, 0x00, 0x00, 0x00, 0x00, 0x00, } },
  { .id = 2484, .a = 269, .b = 329, .token = {' ', 'c', 'u', 't', 0x00, 0x00, 0x00, 0x00, 0x00, 0x00, 0x00, 0x00, 0x00, 0x00, 0x00, 0x00, 0x00, 0x00, 0x00, 0x00, 0x00, 0x00, 0x00, 0x00, 0x00, 0x00, 0x00, 0x00, 0x00, 0x00, 0x00, 0x00, } },
  { .id = 2485, .a = 260, .b = 110, .token = {'i', 'n', 'n', 0x00, 0x00, 0x00, 0x00, 0x00, 0x00, 0x00, 0x00, 0x00, 0x00, 0x00, 0x00, 0x00, 0x00, 0x00, 0x00, 0x00, 0x00, 0x00, 0x00, 0x00, 0x00, 0x00, 0x00, 0x00, 0x00, 0x00, 0x00, 0x00, } },
  { .id = 2486, .a = 680, .b = 295, .token = {'p', 'h', 'a', 's', 0x00, 0x00, 0x00, 0x00, 0x00, 0x00, 0x00, 0x00, 0x00, 0x00, 0x00, 0x00, 0x00, 0x00, 0x00, 0x00, 0x00, 0x00, 0x00, 0x00, 0x00, 0x00, 0x00, 0x00, 0x00, 0x00, 0x00, 0x00, } },
  { .id = 2487, .a = 108, .b = 550, .token = {'l', 'i', 'k', 'e', 0x00, 0x00, 0x00, 0x00, 0x00, 0x00, 0x00, 0x00, 0x00, 0x00, 0x00, 0x00, 0x00, 0x00, 0x00, 0x00, 0x00, 0x00, 0x00, 0x00, 0x00, 0x00, 0x00, 0x00, 0x00, 0x00, 0x00, 0x00, } },
  { .id = 2488, .a = 269, .b = 327, .token = {' ', 'c', 'i', 'r', 0x00, 0x00, 0x00, 0x00, 0x00, 0x00, 0x00, 0x00, 0x00, 0x00, 0x00, 0x00, 0x00, 0x00, 0x00, 0x00, 0x00, 0x00, 0x00, 0x00, 0x00, 0x00, 0x00, 0x00, 0x00, 0x00, 0x00, 0x00, } },
  { .id = 2489, .a = 291, .b = 105, .token = {' ', 'd', 'i', 0x00, 0x00, 0x00, 0x00, 0x00, 0x00, 0x00, 0x00, 0x00, 0x00, 0x00, 0x00, 0x00, 0x00, 0x00, 0x00, 0x00, 0x00, 0x00, 0x00, 0x00, 0x00, 0x00, 0x00, 0x00, 0x00, 0x00, 0x00, 0x00, } },
  { .id = 2490, .a = 112, .b = 298, .token = {'p', 'r', 'o', 0x00, 0x00, 0x00, 0x00, 0x00, 0x00, 0x00, 0x00, 0x00, 0x00, 0x00, 0x00, 0x00, 0x00, 0x00, 0x00, 0x00, 0x00, 0x00, 0x00, 0x00, 0x00, 0x00, 0x00, 0x00, 0x00, 0x00, 0x00, 0x00, } },
  { .id = 2491, .a = 633, .b = 2152, .token = {' ', 'p', 'e', 'r', 'i', 'o', 'd', 0x00, 0x00, 0x00, 0x00, 0x00, 0x00, 0x00, 0x00, 0x00, 0x00, 0x00, 0x00, 0x00, 0x00, 0x00, 0x00, 0x00, 0x00, 0x00, 0x00, 0x00, 0x00, 0x00, 0x00, 0x00, } },
  { .id = 2492, .a = 114, .b = 568, .token = {'r', 'o', 'u', 'n', 'd', 0x00, 0x00, 0x00, 0x00, 0x00, 0x00, 0x00, 0x00, 0x00, 0x00, 0x00, 0x00, 0x00, 0x00, 0x00, 0x00, 0x00, 0x00, 0x00, 0x00, 0x00, 0x00, 0x00, 0x00, 0x00, 0x00, 0x00, } },
  { .id = 2493, .a = 1004, .b = 1213, .token = {' ', 'a', 'c', 'c', 'e', 'p', 't', 0x00, 0x00, 0x00, 0x00, 0x00, 0x00, 0x00, 0x00, 0x00, 0x00, 0x00, 0x00, 0x00, 0x00, 0x00, 0x00, 0x00, 0x00, 0x00, 0x00, 0x00, 0x00, 0x00, 0x00, 0x00, } },
  { .id = 2494, .a = 304, .b = 1444, .token = {' ', 'r', 'e', 'd', 'u', 'c', 'e', 0x00, 0x00, 0x00, 0x00, 0x00, 0x00, 0x00, 0x00, 0x00, 0x00, 0x00, 0x00, 0x00, 0x00, 0x00, 0x00, 0x00, 0x00, 0x00, 0x00, 0x00, 0x00, 0x00, 0x00, 0x00, } },
  { .id = 2495, .a = 598, .b = 1610, .token = {' ', 'r', 'e', 's', 'o', 'u', 'r', 'c', 'e', 's', 0x00, 0x00, 0x00, 0x00, 0x00, 0x00, 0x00, 0x00, 0x00, 0x00, 0x00, 0x00, 0x00, 0x00, 0x00, 0x00, 0x00, 0x00, 0x00, 0x00, 0x00, 0x00, } },
  { .id = 2496, .a = 279, .b = 1621, .token = {' ', 'f', 'u', 'l', 'l', 0x00, 0x00, 0x00, 0x00, 0x00, 0x00, 0x00, 0x00, 0x00, 0x00, 0x00, 0x00, 0x00, 0x00, 0x00, 0x00, 0x00, 0x00, 0x00, 0x00, 0x00, 0x00, 0x00, 0x00, 0x00, 0x00, 0x00, } },
  { .id = 2497, .a = 666, .b = 530, .token = {' ', 'd', 'e', 't', 'e', 'r', 'm', 0x00, 0x00, 0x00, 0x00, 0x00, 0x00, 0x00, 0x00, 0x00, 0x00, 0x00, 0x00, 0x00, 0x00, 0x00, 0x00, 0x00, 0x00, 0x00, 0x00, 0x00, 0x00, 0x00, 0x00, 0x00, } },
  { .id = 2498, .a = 413, .b = 283, .token = {'p', 'p', 'e', 'd', 0x00, 0x00, 0x00, 0x00, 0x00, 0x00, 0x00, 0x00, 0x00, 0x00, 0x00, 0x00, 0x00, 0x00, 0x00, 0x00, 0x00, 0x00, 0x00, 0x00, 0x00, 0x00, 0x00, 0x00, 0x00, 0x00, 0x00, 0x00, } },
  { .id = 2499, .a = 937, .b = 716, .token = {' ', 'g', 'e', 't', 't', 'i', 'n', 'g', 0x00, 0x00, 0x00, 0x00, 0x00, 0x00, 0x00, 0x00, 0x00, 0x00, 0x00, 0x00, 0x00, 0x00, 0x00, 0x00, 0x00, 0x00, 0x00, 0x00, 0x00, 0x00, 0x00, 0x00, } },
  { .id = 2500, .a = 480, .b = 345, .token = {'p', 'l', 'a', 'y', 0x00, 0x00, 0x00, 0x00, 0x00, 0x00, 0x00, 0x00, 0x00, 0x00, 0x00, 0x00, 0x00, 0x00, 0x00, 0x00, 0x00, 0x00, 0x00, 0x00, 0x00, 0x00, 0x00, 0x00, 0x00, 0x00, 0x00, 0x00, } },
  { .id = 2501, .a = 543, .b = 298, .token = {' ', 'i', 'n', 't', 'r', 'o', 0x00, 0x00, 0x00, 0x00, 0x00, 0x00, 0x00, 0x00, 0x00, 0x00, 0x00, 0x00, 0x00, 0x00, 0x00, 0x00, 0x00, 0x00, 0x00, 0x00, 0x00, 0x00, 0x00, 0x00, 0x00, 0x00, } },
  { .id = 2502, .a = 344, .b = 116, .token = {'e', 'p', 't', 0x00, 0x00, 0x00, 0x00, 0x00, 0x00, 0x00, 0x00, 0x00, 0x00, 0x00, 0x00, 0x00, 0x00, 0x00, 0x00, 0x00, 0x00, 0x00, 0x00, 0x00, 0x00, 0x00, 0x00, 0x00, 0x00, 0x00, 0x00, 0x00, } },
  { .id = 2503, .a = 992, .b = 48, .token = {'0', '0', '0', 0x00, 0x00, 0x00, 0x00, 0x00, 0x00, 0x00, 0x00, 0x00, 0x00, 0x00, 0x00, 0x00, 0x00, 0x00, 0x00, 0x00, 0x00, 0x00, 0x00, 0x00, 0x00, 0x00, 0x00, 0x00, 0x00, 0x00, 0x00, 0x00, } },
  { .id = 2504, .a = 354, .b = 258, .token = {' ', 'C', 'h', 'e', 0x00, 0x00, 0x00, 0x00, 0x00, 0x00, 0x00, 0x00, 0x00, 0x00, 0x00, 0x00, 0x00, 0x00, 0x00, 0x00, 0x00, 0x00, 0x00, 0x00, 0x00, 0x00, 0x00, 0x00, 0x00, 0x00, 0x00, 0x00, } },
  { .id = 2505, .a = 269, .b = 101, .token = {' ', 'c', 'e', 0x00, 0x00, 0x00, 0x00, 0x00, 0x00, 0x00, 0x00, 0x00, 0x00, 0x00, 0x00, 0x00, 0x00, 0x00, 0x00, 0x00, 0x00, 0x00, 0x00, 0x00, 0x00, 0x00, 0x00, 0x00, 0x00, 0x00, 0x00, 0x00, } },
  { .id = 2506, .a = 618, .b = 372, .token = {' ', 'c', 'o', 'v', 'e', 'r', 0x00, 0x00, 0x00, 0x00, 0x00, 0x00, 0x00, 0x00, 0x00, 0x00, 0x00, 0x00, 0x00, 0x00, 0x00, 0x00, 0x00, 0x00, 0x00, 0x00, 0x00, 0x00, 0x00, 0x00, 0x00, 0x00, } },
  { .id = 2507, .a = 1263, .b = 464, .token = {' ', 'i', 'n', 's', 'i', 'd', 'e', 0x00, 0x00, 0x00, 0x00, 0x00, 0x00, 0x00, 0x00, 0x00, 0x00, 0x00, 0x00, 0x00, 0x00, 0x00, 0x00, 0x00, 0x00, 0x00, 0x00, 0x00, 0x00, 0x00, 0x00, 0x00, } },
  { .id = 2508, .a = 461, .b = 554, .token = {' ', 'w', 'o', 'r', 'k', 's', 0x00, 0x00, 0x00, 0x00, 0x00, 0x00, 0x00, 0x00, 0x00, 0x00, 0x00, 0x00, 0x00, 0x00, 0x00, 0x00, 0x00, 0x00, 0x00, 0x00, 0x00, 0x00, 0x00, 0x00, 0x00, 0x00, } },
  { .id = 2509, .a = 319, .b = 345, .token = {' ', 's', 't', 'a', 'y', 0x00, 0x00, 0x00, 0x00, 0x00, 0x00, 0x00, 0x00, 0x00, 0x00, 0x00, 0x00, 0x00, 0x00, 0x00, 0x00, 0x00, 0x00, 0x00, 0x00, 0x00, 0x00, 0x00, 0x00, 0x00, 0x00, 0x00, } },
  { .id = 2510, .a = 99, .b = 117, .token = {'c', 'u', 0x00, 0x00, 0x00, 0x00, 0x00, 0x00, 0x00, 0x00, 0x00, 0x00, 0x00, 0x00, 0x00, 0x00, 0x00, 0x00, 0x00, 0x00, 0x00, 0x00, 0x00, 0x00, 0x00, 0x00, 0x00, 0x00, 0x00, 0x00, 0x00, 0x00, } },
  { .id = 2511, .a = 340, .b = 420, .token = {'u', 'r', 'i', 't', 'y', 0x00, 0x00, 0x00, 0x00, 0x00, 0x00, 0x00, 0x00, 0x00, 0x00, 0x00, 0x00, 0x00, 0x00, 0x00, 0x00, 0x00, 0x00, 0x00, 0x00, 0x00, 0x00, 0x00, 0x00, 0x00, 0x00, 0x00, } },
  { .id = 2512, .a = 473, .b = 591, .token = {' ', 'F', 'i', 'r', 's', 't', 0x00, 0x00, 0x00, 0x00, 0x00, 0x00, 0x00, 0x00, 0x00, 0x00, 0x00, 0x00, 0x00, 0x00, 0x00, 0x00, 0x00, 0x00, 0x00, 0x00, 0x00, 0x00, 0x00, 0x00, 0x00, 0x00, } },
  { .id = 2513, .a = 1367, .b = 736, .token = {' ', 'I', 'n', 'd', 'i', 'a', 'n', 0x00, 0x00, 0x00, 0x00, 0x00, 0x00, 0x00, 0x00, 0x00, 0x00, 0x00, 0x00, 0x00, 0x00, 0x00, 0x00, 0x00, 0x00, 0x00, 0x00, 0x00, 0x00, 0x00, 0x00, 0x00, } },
  { .id = 2514, .a = 307, .b = 271, .token = {'o', 'm', 'a', 'n', 0x00, 0x00, 0x00, 0x00, 0x00, 0x00, 0x00, 0x00, 0x00, 0x00, 0x00, 0x00, 0x00, 0x00, 0x00, 0x00, 0x00, 0x00, 0x00, 0x00, 0x00, 0x00, 0x00, 0x00, 0x00, 0x00, 0x00, 0x00, } },
  { .id = 2515, .a = 1498, .b = 632, .token = {' ', 'b', 'e', 'h', 'a', 'v', 0x00, 0x00, 0x00, 0x00, 0x00, 0x00, 0x00, 0x00, 0x00, 0x00, 0x00, 0x00, 0x00, 0x00, 0x00, 0x00, 0x00, 0x00, 0x00, 0x00, 0x00, 0x00, 0x00, 0x00, 0x00, 0x00, } },
  { .id = 2516, .a = 280, .b = 1704, .token = {' ', 'b', 'o', 'o', 'k', 's', 0x00, 0x00, 0x00, 0x00, 0x00, 0x00, 0x00, 0x00, 0x00, 0x00, 0x00, 0x00, 0x00, 0x00, 0x00, 0x00, 0x00, 0x00, 0x00, 0x00, 0x00, 0x00, 0x00, 0x00, 0x00, 0x00, } },
  { .id = 2517, .a = 1340, .b = 2376, .token = {' ', 'f', 'i', 'n', 'a', 'n', 'c', 'i', 'a', 'l', 0x00, 0x00, 0x00, 0x00, 0x00, 0x00, 0x00, 0x00, 0x00, 0x00, 0x00, 0x00, 0x00, 0x00, 0x00, 0x00, 0x00, 0x00, 0x00, 0x00, 0x00, 0x00, } },
  { .id = 2518, .a = 477, .b = 2336, .token = {' ', 'E', 'u', 'r', 'o', 'p', 'e', 0x00, 0x00, 0x00, 0x00, 0x00, 0x00, 0x00, 0x00, 0x00, 0x00, 0x00, 0x00, 0x00, 0x00, 0x00, 0x00, 0x00, 0x00, 0x00, 0x00, 0x00, 0x00, 0x00, 0x00, 0x00, } },
  { .id = 2519, .a = 689, .b = 568, .token = {' ', 'g', 'r', 'o', 'u', 'n', 'd', 0x00, 0x00, 0x00, 0x00, 0x00, 0x00, 0x00, 0x00, 0x00, 0x00, 0x00, 0x00, 0x00, 0x00, 0x00, 0x00, 0x00, 0x00, 0x00, 0x00, 0x00, 0x00, 0x00, 0x00, 0x00, } },
  { .id = 2520, .a = 724, .b = 683, .token = {' ', 'd', 'i', 'f', 'f', 'e', 'r', 'e', 'n', 'c', 'e', 's', 0x00, 0x00, 0x00, 0x00, 0x00, 0x00, 0x00, 0x00, 0x00, 0x00, 0x00, 0x00, 0x00, 0x00, 0x00, 0x00, 0x00, 0x00, 0x00, 0x00, } },
  { .id = 2521, .a = 1399, .b = 290, .token = {' ', 'a', 'p', 'p', 'e', 'a', 'r', 0x00, 0x00, 0x00, 0x00, 0x00, 0x00, 0x00, 0x00, 0x00, 0x00, 0x00, 0x00, 0x00, 0x00, 0x00, 0x00, 0x00, 0x00, 0x00, 0x00, 0x00, 0x00, 0x00, 0x00, 0x00, } },
  { .id = 2522, .a = 2134, .b = 612, .token = {' ', 'B', 'r', 'i', 't', 'i', 's', 'h', 0x00, 0x00, 0x00, 0x00, 0x00, 0x00, 0x00, 0x00, 0x00, 0x00, 0x00, 0x00, 0x00, 0x00, 0x00, 0x00, 0x00, 0x00, 0x00, 0x00, 0x00, 0x00, 0x00, 0x00, } },
  { .id = 2523, .a = 1941, .b = 698, .token = {' ', 'd', 'e', 's', 'c', 'r', 'i', 'p', 't', 'i', 'o', 'n', 0x00, 0x00, 0x00, 0x00, 0x00, 0x00, 0x00, 0x00, 0x00, 0x00, 0x00, 0x00, 0x00, 0x00, 0x00, 0x00, 0x00, 0x00, 0x00, 0x00, } },
  { .id = 2524, .a = 280, .b = 455, .token = {' ', 'b', 'u', 'd', 0x00, 0x00, 0x00, 0x00, 0x00, 0x00, 0x00, 0x00, 0x00, 0x00, 0x00, 0x00, 0x00, 0x00, 0x00, 0x00, 0x00, 0x00, 0x00, 0x00, 0x00, 0x00, 0x00, 0x00, 0x00, 0x00, 0x00, 0x00, } },
  { .id = 2525, .a = 279, .b = 2020, .token = {' ', 'f', 'r', 'o', 'n', 't', 0x00, 0x00, 0x00, 0x00, 0x00, 0x00, 0x00, 0x00, 0x00, 0x00, 0x00, 0x00, 0x00, 0x00, 0x00, 0x00, 0x00, 0x00, 0x00, 0x00, 0x00, 0x00, 0x00, 0x00, 0x00, 0x00, } },
  { .id = 2526, .a = 312, .b = 1380, .token = {' ', 'g', 'a', 'm', 'e', 's', 0x00, 0x00, 0x00, 0x00, 0x00, 0x00, 0x00, 0x00, 0x00, 0x00, 0x00, 0x00, 0x00, 0x00, 0x00, 0x00, 0x00, 0x00, 0x00, 0x00, 0x00, 0x00, 0x00, 0x00, 0x00, 0x00, } },
  { .id = 2527, .a = 1159, .b = 121, .token = {' ', 'h', 'a', 'p', 'p', 'y', 0x00, 0x00, 0x00, 0x00, 0x00, 0x00, 0x00, 0x00, 0x00, 0x00, 0x00, 0x00, 0x00, 0x00, 0x00, 0x00, 0x00, 0x00, 0x00, 0x00, 0x00, 0x00, 0x00, 0x00, 0x00, 0x00, } },
  { .id = 2528, .a = 280, .b = 290, .token = {' ', 'b', 'a', 'r', 0x00, 0x00, 0x00, 0x00, 0x00, 0x00, 0x00, 0x00, 0x00, 0x00, 0x00, 0x00, 0x00, 0x00, 0x00, 0x00, 0x00, 0x00, 0x00, 0x00, 0x00, 0x00, 0x00, 0x00, 0x00, 0x00, 0x00, 0x00, } },
  { .id = 2529, .a = 326, .b = 1915, .token = {' ', 'b', 'e', 'g', 'i', 'n', 0x00, 0x00, 0x00, 0x00, 0x00, 0x00, 0x00, 0x00, 0x00, 0x00, 0x00, 0x00, 0x00, 0x00, 0x00, 0x00, 0x00, 0x00, 0x00, 0x00, 0x00, 0x00, 0x00, 0x00, 0x00, 0x00, } },
  { .id = 2530, .a = 308, .b = 303, .token = {' ', 'l', 'o', 't', 0x00, 0x00, 0x00, 0x00, 0x00, 0x00, 0x00, 0x00, 0x00, 0x00, 0x00, 0x00, 0x00, 0x00, 0x00, 0x00, 0x00, 0x00, 0x00, 0x00, 0x00, 0x00, 0x00, 0x00, 0x00, 0x00, 0x00, 0x00, } },
  { .id = 2531, .a = 407, .b = 114, .token = {' ', 'P', 'r', 0x00, 0x00, 0x00, 0x00, 0x00, 0x00, 0x00, 0x00, 0x00, 0x00, 0x00, 0x00, 0x00, 0x00, 0x00, 0x00, 0x00, 0x00, 0x00, 0x00, 0x00, 0x00, 0x00, 0x00, 0x00, 0x00, 0x00, 0x00, 0x00, } },
  { .id = 2532, .a = 266, .b = 264, .token = {'r', 'e', 'e', 'n', 0x00, 0x00, 0x00, 0x00, 0x00, 0x00, 0x00, 0x00, 0x00, 0x00, 0x00, 0x00, 0x00, 0x00, 0x00, 0x00, 0x00, 0x00, 0x00, 0x00, 0x00, 0x00, 0x00, 0x00, 0x00, 0x00, 0x00, 0x00, } },
  { .id = 2533, .a = 638, .b = 264, .token = {'a', 'k', 'e', 'n', 0x00, 0x00, 0x00, 0x00, 0x00, 0x00, 0x00, 0x00, 0x00, 0x00, 0x00, 0x00, 0x00, 0x00, 0x00, 0x00, 0x00, 0x00, 0x00, 0x00, 0x00, 0x00, 0x00, 0x00, 0x00, 0x00, 0x00, 0x00, } },
  { .id = 2534, .a = 729, .b = 2037, .token = {' ', 'C', 'h', 'r', 'i', 's', 't', 0x00, 0x00, 0x00, 0x00, 0x00, 0x00, 0x00, 0x00, 0x00, 0x00, 0x00, 0x00, 0x00, 0x00, 0x00, 0x00, 0x00, 0x00, 0x00, 0x00, 0x00, 0x00, 0x00, 0x00, 0x00, } },
  { .id = 2535, .a = 1997, .b = 110, .token = {' ', 'c', 'o', 'n', 'c', 'e', 'r', 'n', 0x00, 0x00, 0x00, 0x00, 0x00, 0x00, 0x00, 0x00, 0x00, 0x00, 0x00, 0x00, 0x00, 0x00, 0x00, 0x00, 0x00, 0x00, 0x00, 0x00, 0x00, 0x00, 0x00, 0x00, } },
  { .id = 2536, .a = 326, .b = 447, .token = {' ', 'b', 'e', 'l', 'o', 'w', 0x00, 0x00, 0x00, 0x00, 0x00, 0x00, 0x00, 0x00, 0x00, 0x00, 0x00, 0x00, 0x00, 0x00, 0x00, 0x00, 0x00, 0x00, 0x00, 0x00, 0x00, 0x00, 0x00, 0x00, 0x00, 0x00, } },
  { .id = 2537, .a = 108, .b = 278, .token = {'l', 'o', 'r', 0x00, 0x00, 0x00, 0x00, 0x00, 0x00, 0x00, 0x00, 0x00, 0x00, 0x00, 0x00, 0x00, 0x00, 0x00, 0x00, 0x00, 0x00, 0x00, 0x00, 0x00, 0x00, 0x00, 0x00, 0x00, 0x00, 0x00, 0x00, 0x00, } },
  { .id = 2538, .a = 361, .b = 1718, .token = {' ', 'a', 's', 'k', 'e', 'd', 0x00, 0x00, 0x00, 0x00, 0x00, 0x00, 0x00, 0x00, 0x00, 0x00, 0x00, 0x00, 0x00, 0x00, 0x00, 0x00, 0x00, 0x00, 0x00, 0x00, 0x00, 0x00, 0x00, 0x00, 0x00, 0x00, } },
  { .id = 2539, .a = 531, .b = 1312, .token = {'d', 'u', 'c', 'i', 'n', 'g', 0x00, 0x00, 0x00, 0x00, 0x00, 0x00, 0x00, 0x00, 0x00, 0x00, 0x00, 0x00, 0x00, 0x00, 0x00, 0x00, 0x00, 0x00, 0x00, 0x00, 0x00, 0x00, 0x00, 0x00, 0x00, 0x00, } },
  { .id = 2540, .a = 406, .b = 320, .token = {' ', 'v', 'o', 'l', 0x00, 0x00, 0x00, 0x00, 0x00, 0x00, 0x00, 0x00, 0x00, 0x00, 0x00, 0x00, 0x00, 0x00, 0x00, 0x00, 0x00, 0x00, 0x00, 0x00, 0x00, 0x00, 0x00, 0x00, 0x00, 0x00, 0x00, 0x00, } },
  { .id = 2541, .a = 265, .b = 355, .token = {' ', 's', 'q', 'u', 0x00, 0x00, 0x00, 0x00, 0x00, 0x00, 0x00, 0x00, 0x00, 0x00, 0x00, 0x00, 0x00, 0x00, 0x00, 0x00, 0x00, 0x00, 0x00, 0x00, 0x00, 0x00, 0x00, 0x00, 0x00, 0x00, 0x00, 0x00, } },
  { .id = 2542, .a = 877, .b = 114, .token = {'i', 'b', 'r', 0x00, 0x00, 0x00, 0x00, 0x00, 0x00, 0x00, 0x00, 0x00, 0x00, 0x00, 0x00, 0x00, 0x00, 0x00, 0x00, 0x00, 0x00, 0x00, 0x00, 0x00, 0x00, 0x00, 0x00, 0x00, 0x00, 0x00, 0x00, 0x00, } },
  { .id = 2543, .a = 273, .b = 798, .token = {' ', 'w', 'a', 'y', 's', 0x00, 0x00, 0x00, 0x00, 0x00, 0x00, 0x00, 0x00, 0x00, 0x00, 0x00, 0x00, 0x00, 0x00, 0x00, 0x00, 0x00, 0x00, 0x00, 0x00, 0x00, 0x00, 0x00, 0x00, 0x00, 0x00, 0x00, } },
  { .id = 2544, .a = 300, .b = 313, .token = {' ', 'n', 'e', 't', 0x00, 0x00, 0x00, 0x00, 0x00, 0x00, 0x00, 0x00, 0x00, 0x00, 0x00, 0x00, 0x00, 0x00, 0x00, 0x00, 0x00, 0x00, 0x00, 0x00, 0x00, 0x00, 0x00, 0x00, 0x00, 0x00, 0x00, 0x00, } },
  { .id = 2545, .a = 97, .b = 105, .token = {'a', 'i', 0x00, 0x00, 0x00, 0x00, 0x00, 0x00, 0x00, 0x00, 0x00, 0x00, 0x00, 0x00, 0x00, 0x00, 0x00, 0x00, 0x00, 0x00, 0x00, 0x00, 0x00, 0x00, 0x00, 0x00, 0x00, 0x00, 0x00, 0x00, 0x00, 0x00, } },
  { .id = 2546, .a = 327, .b = 100, .token = {'i', 'r', 'd', 0x00, 0x00, 0x00, 0x00, 0x00, 0x00, 0x00, 0x00, 0x00, 0x00, 0x00, 0x00, 0x00, 0x00, 0x00, 0x00, 0x00, 0x00, 0x00, 0x00, 0x00, 0x00, 0x00, 0x00, 0x00, 0x00, 0x00, 0x00, 0x00, } },
  { .id = 2547, .a = 549, .b = 2404, .token = {' ', 'J', 'a', 'p', 'a', 'n', 0x00, 0x00, 0x00, 0x00, 0x00, 0x00, 0x00, 0x00, 0x00, 0x00, 0x00, 0x00, 0x00, 0x00, 0x00, 0x00, 0x00, 0x00, 0x00, 0x00, 0x00, 0x00, 0x00, 0x00, 0x00, 0x00, } },
  { .id = 2548, .a = 337, .b = 263, .token = {'a', 'm', 'e', 'r', 0x00, 0x00, 0x00, 0x00, 0x00, 0x00, 0x00, 0x00, 0x00, 0x00, 0x00, 0x00, 0x00, 0x00, 0x00, 0x00, 0x00, 0x00, 0x00, 0x00, 0x00, 0x00, 0x00, 0x00, 0x00, 0x00, 0x00, 0x00, } },
  { .id = 2549, .a = 265, .b = 958, .token = {' ', 's', 'i', 'z', 'e', 0x00, 0x00, 0x00, 0x00, 0x00, 0x00, 0x00, 0x00, 0x00, 0x00, 0x00, 0x00, 0x00, 0x00, 0x00, 0x00, 0x00, 0x00, 0x00, 0x00, 0x00, 0x00, 0x00, 0x00, 0x00, 0x00, 0x00, } },
  { .id = 2550, .a = 438, .b = 275, .token = {' ', 'd', 'o', 'i', 'n', 'g', 0x00, 0x00, 0x00, 0x00, 0x00, 0x00, 0x00, 0x00, 0x00, 0x00, 0x00, 0x00, 0x00, 0x00, 0x00, 0x00, 0x00, 0x00, 0x00, 0x00, 0x00, 0x00, 0x00, 0x00, 0x00, 0x00, } },
  { .id = 2551, .a = 773, .b = 282, .token = {' ', 'l', 'o', 'c', 'a', 'l', 0x00, 0x00, 0x00, 0x00, 0x00, 0x00, 0x00, 0x00, 0x00, 0x00, 0x00, 0x00, 0x00, 0x00, 0x00, 0x00, 0x00, 0x00, 0x00, 0x00, 0x00, 0x00, 0x00, 0x00, 0x00, 0x00, } },
  { .id = 2552, .a = 50, .b = 56, .token = {'2', '8', 0x00, 0x00, 0x00, 0x00, 0x00, 0x00, 0x00, 0x00, 0x00, 0x00, 0x00, 0x00, 0x00, 0x00, 0x00, 0x00, 0x00, 0x00, 0x00, 0x00, 0x00, 0x00, 0x00, 0x00, 0x00, 0x00, 0x00, 0x00, 0x00, 0x00, } },
  { .id = 2553, .a = 80, .b = 1335, .token = {'P', 'r', 'e', 'm', 'i', 's', 'e', 0x00, 0x00, 0x00, 0x00, 0x00, 0x00, 0x00, 0x00, 0x00, 0x00, 0x00, 0x00, 0x00, 0x00, 0x00, 0x00, 0x00, 0x00, 0x00, 0x00, 0x00, 0x00, 0x00, 0x00, 0x00, } },
  { .id = 2554, .a = 835, .b = 104, .token = {'r', 'e', 's', 'h', 0x00, 0x00, 0x00, 0x00, 0x00, 0x00, 0x00, 0x00, 0x00, 0x00, 0x00, 0x00, 0x00, 0x00, 0x00, 0x00, 0x00, 0x00, 0x00, 0x00, 0x00, 0x00, 0x00, 0x00, 0x00, 0x00, 0x00, 0x00, } },
  { .id = 2555, .a = 109, .b = 115, .token = {'m', 's', 0x00, 0x00, 0x00, 0x00, 0x00, 0x00, 0x00, 0x00, 0x00, 0x00, 0x00, 0x00, 0x00, 0x00, 0x00, 0x00, 0x00, 0x00, 0x00, 0x00, 0x00, 0x00, 0x00, 0x00, 0x00, 0x00, 0x00, 0x00, 0x00, 0x00, } },
  { .id = 2556, .a = 671, .b = 121, .token = {' ', 'p', 'a', 'r', 't', 'y', 0x00, 0x00, 0x00, 0x00, 0x00, 0x00, 0x00, 0x00, 0x00, 0x00, 0x00, 0x00, 0x00, 0x00, 0x00, 0x00, 0x00, 0x00, 0x00, 0x00, 0x00, 0x00, 0x00, 0x00, 0x00, 0x00, } },
  { .id = 2557, .a = 862, .b = 1134, .token = {' ', 's', 't', 'r', 'a', 't', 'e', 'g', 0x00, 0x00, 0x00, 0x00, 0x00, 0x00, 0x00, 0x00, 0x00, 0x00, 0x00, 0x00, 0x00, 0x00, 0x00, 0x00, 0x00, 0x00, 0x00, 0x00, 0x00, 0x00, 0x00, 0x00, } },
  { .id = 2558, .a = 1092, .b = 115, .token = {' ', 's', 'y', 's', 't', 'e', 'm', 's', 0x00, 0x00, 0x00, 0x00, 0x00, 0x00, 0x00, 0x00, 0x00, 0x00, 0x00, 0x00, 0x00, 0x00, 0x00, 0x00, 0x00, 0x00, 0x00, 0x00, 0x00, 0x00, 0x00, 0x00, } },
  { .id = 2559, .a = 834, .b = 115, .token = {' ', 'r', 'e', 'a', 's', 'o', 'n', 's', 0x00, 0x00, 0x00, 0x00, 0x00, 0x00, 0x00, 0x00, 0x00, 0x00, 0x00, 0x00, 0x00, 0x00, 0x00, 0x00, 0x00, 0x00, 0x00, 0x00, 0x00, 0x00, 0x00, 0x00, } },
  { .id = 2560, .a = 357, .b = 101, .token = {'u', 'n', 'e', 0x00, 0x00, 0x00, 0x00, 0x00, 0x00, 0x00, 0x00, 0x00, 0x00, 0x00, 0x00, 0x00, 0x00, 0x00, 0x00, 0x00, 0x00, 0x00, 0x00, 0x00, 0x00, 0x00, 0x00, 0x00, 0x00, 0x00, 0x00, 0x00, } },
  { .id = 2561, .a = 710, .b = 2486, .token = {' ', 'e', 'm', 'p', 'h', 'a', 's', 0x00, 0x00, 0x00, 0x00, 0x00, 0x00, 0x00, 0x00, 0x00, 0x00, 0x00, 0x00, 0x00, 0x00, 0x00, 0x00, 0x00, 0x00, 0x00, 0x00, 0x00, 0x00, 0x00, 0x00, 0x00, } },
  { .id = 2562, .a = 50, .b = 55, .token = {'2', '7', 0x00, 0x00, 0x00, 0x00, 0x00, 0x00, 0x00, 0x00, 0x00, 0x00, 0x00, 0x00, 0x00, 0x00, 0x00, 0x00, 0x00, 0x00, 0x00, 0x00, 0x00, 0x00, 0x00, 0x00, 0x00, 0x00, 0x00, 0x00, 0x00, 0x00, } },
  { .id = 2563, .a = 115, .b = 275, .token = {'s', 'i', 'n', 'g', 0x00, 0x00, 0x00, 0x00, 0x00, 0x00, 0x00, 0x00, 0x00, 0x00, 0x00, 0x00, 0x00, 0x00, 0x00, 0x00, 0x00, 0x00, 0x00, 0x00, 0x00, 0x00, 0x00, 0x00, 0x00, 0x00, 0x00, 0x00, } },
  { .id = 2564, .a = 331, .b = 318, .token = {' ', 'A', 's', 's', 0x00, 0x00, 0x00, 0x00, 0x00, 0x00, 0x00, 0x00, 0x00, 0x00, 0x00, 0x00, 0x00, 0x00, 0x00, 0x00, 0x00, 0x00, 0x00, 0x00, 0x00, 0x00, 0x00, 0x00, 0x00, 0x00, 0x00, 0x00, } },
  { .id = 2565, .a = 349, .b = 420, .token = {'i', 'v', 'i', 't', 'y', 0x00, 0x00, 0x00, 0x00, 0x00, 0x00, 0x00, 0x00, 0x00, 0x00, 0x00, 0x00, 0x00, 0x00, 0x00, 0x00, 0x00, 0x00, 0x00, 0x00, 0x00, 0x00, 0x00, 0x00, 0x00, 0x00, 0x00, } },
  { .id = 2566, .a = 1040, .b = 101, .token = {'i', 'v', 'e', 'r', 's', 'e', 0x00, 0x00, 0x00, 0x00, 0x00, 0x00, 0x00, 0x00, 0x00, 0x00, 0x00, 0x00, 0x00, 0x00, 0x00, 0x00, 0x00, 0x00, 0x00, 0x00, 0x00, 0x00, 0x00, 0x00, 0x00, 0x00, } },
  { .id = 2567, .a = 304, .b = 580, .token = {' ', 'r', 'e', 'a', 'c', 'h', 0x00, 0x00, 0x00, 0x00, 0x00, 0x00, 0x00, 0x00, 0x00, 0x00, 0x00, 0x00, 0x00, 0x00, 0x00, 0x00, 0x00, 0x00, 0x00, 0x00, 0x00, 0x00, 0x00, 0x00, 0x00, 0x00, } },
  { .id = 2568, .a = 294, .b = 121, .token = {'i', 'c', 'y', 0x00, 0x00, 0x00, 0x00, 0x00, 0x00, 0x00, 0x00, 0x00, 0x00, 0x00, 0x00, 0x00, 0x00, 0x00, 0x00, 0x00, 0x00, 0x00, 0x00, 0x00, 0x00, 0x00, 0x00, 0x00, 0x00, 0x00, 0x00, 0x00, } },
  { .id = 2569, .a = 490, .b = 1445, .token = {' ', 't', 'r', 'y', 'i', 'n', 'g', 0x00, 0x00, 0x00, 0x00, 0x00, 0x00, 0x00, 0x00, 0x00, 0x00, 0x00, 0x00, 0x00, 0x00, 0x00, 0x00, 0x00, 0x00, 0x00, 0x00, 0x00, 0x00, 0x00, 0x00, 0x00, } },
  { .id = 2570, .a = 902, .b = 260, .token = {' ', 'r', 'a', 'i', 'n', 0x00, 0x00, 0x00, 0x00, 0x00, 0x00, 0x00, 0x00, 0x00, 0x00, 0x00, 0x00, 0x00, 0x00, 0x00, 0x00, 0x00, 0x00, 0x00, 0x00, 0x00, 0x00, 0x00, 0x00, 0x00, 0x00, 0x00, } },
  { .id = 2571, .a = 666, .b = 919, .token = {' ', 'd', 'e', 't', 'a', 'i', 'l', 'e', 'd', 0x00, 0x00, 0x00, 0x00, 0x00, 0x00, 0x00, 0x00, 0x00, 0x00, 0x00, 0x00, 0x00, 0x00, 0x00, 0x00, 0x00, 0x00, 0x00, 0x00, 0x00, 0x00, 0x00, } },
  { .id = 2572, .a = 101, .b = 99, .token = {'e', 'c', 0x00, 0x00, 0x00, 0x00, 0x00, 0x00, 0x00, 0x00, 0x00, 0x00, 0x00, 0x00, 0x00, 0x00, 0x00, 0x00, 0x00, 0x00, 0x00, 0x00, 0x00, 0x00, 0x00, 0x00, 0x00, 0x00, 0x00, 0x00, 0x00, 0x00, } },
  { .id = 2573, .a = 899, .b = 117, .token = {' ', 's', 'i', 't', 'u', 0x00, 0x00, 0x00, 0x00, 0x00, 0x00, 0x00, 0x00, 0x00, 0x00, 0x00, 0x00, 0x00, 0x00, 0x00, 0x00, 0x00, 0x00, 0x00, 0x00, 0x00, 0x00, 0x00, 0x00, 0x00, 0x00, 0x00, } },
  { .id = 2574, .a = 381, .b = 501, .token = {' ', 's', 'u', 'p', 'e', 'r', 0x00, 0x00, 0x00, 0x00, 0x00, 0x00, 0x00, 0x00, 0x00, 0x00, 0x00, 0x00, 0x00, 0x00, 0x00, 0x00, 0x00, 0x00, 0x00, 0x00, 0x00, 0x00, 0x00, 0x00, 0x00, 0x00, } },
  { .id = 2575, .a = 265, .b = 2144, .token = {' ', 's', 'l', 'e', 'e', 'p', 0x00, 0x00, 0x00, 0x00, 0x00, 0x00, 0x00, 0x00, 0x00, 0x00, 0x00, 0x00, 0x00, 0x00, 0x00, 0x00, 0x00, 0x00, 0x00, 0x00, 0x00, 0x00, 0x00, 0x00, 0x00, 0x00, } },
  { .id = 2576, .a = 263, .b = 275, .token = {'e', 'r', 'i', 'n', 'g', 0x00, 0x00, 0x00, 0x00, 0x00, 0x00, 0x00, 0x00, 0x00, 0x00, 0x00, 0x00, 0x00, 0x00, 0x00, 0x00, 0x00, 0x00, 0x00, 0x00, 0x00, 0x00, 0x00, 0x00, 0x00, 0x00, 0x00, } },
  { .id = 2577, .a = 654, .b = 115, .token = {' ', 'd', 'i', 's', 's', 0x00, 0x00, 0x00, 0x00, 0x00, 0x00, 0x00, 0x00, 0x00, 0x00, 0x00, 0x00, 0x00, 0x00, 0x00, 0x00, 0x00, 0x00, 0x00, 0x00, 0x00, 0x00, 0x00, 0x00, 0x00, 0x00, 0x00, } },
  { .id = 2578, .a = 1319, .b = 420, .token = {' ', 'c', 'o', 'm', 'm', 'u', 'n', 'i', 't', 'y', 0x00, 0x00, 0x00, 0x00, 0x00, 0x00, 0x00, 0x00, 0x00, 0x00, 0x00, 0x00, 0x00, 0x00, 0x00, 0x00, 0x00, 0x00, 0x00, 0x00, 0x00, 0x00, } },
  { .id = 2579, .a = 977, .b = 352, .token = {' ', 'p', 'r', 'e', 's', 'e', 'n', 'c', 'e', 0x00, 0x00, 0x00, 0x00, 0x00, 0x00, 0x00, 0x00, 0x00, 0x00, 0x00, 0x00, 0x00, 0x00, 0x00, 0x00, 0x00, 0x00, 0x00, 0x00, 0x00, 0x00, 0x00, } },
  { .id = 2580, .a = 1750, .b = 508, .token = {'a', 'u', 'g', 'h', 0x00, 0x00, 0x00, 0x00, 0x00, 0x00, 0x00, 0x00, 0x00, 0x00, 0x00, 0x00, 0x00, 0x00, 0x00, 0x00, 0x00, 0x00, 0x00, 0x00, 0x00, 0x00, 0x00, 0x00, 0x00, 0x00, 0x00, 0x00, } },
  { .id = 2581, .a = 649, .b = 266, .token = {' ', 'a', 'p', 'p', 'r', 'e', 0x00, 0x00, 0x00, 0x00, 0x00, 0x00, 0x00, 0x00, 0x00, 0x00, 0x00, 0x00, 0x00, 0x00, 0x00, 0x00, 0x00, 0x00, 0x00, 0x00, 0x00, 0x00, 0x00, 0x00, 0x00, 0x00, } },
  { .id = 2582, .a = 267, .b = 275, .token = {'i', 's', 'i', 'n', 'g', 0x00, 0x00, 0x00, 0x00, 0x00, 0x00, 0x00, 0x00, 0x00, 0x00, 0x00, 0x00, 0x00, 0x00, 0x00, 0x00, 0x00, 0x00, 0x00, 0x00, 0x00, 0x00, 0x00, 0x00, 0x00, 0x00, 0x00, } },
  { .id = 2583, .a = 109, .b = 275, .token = {'m', 'i', 'n', 'g', 0x00, 0x00, 0x00, 0x00, 0x00, 0x00, 0x00, 0x00, 0x00, 0x00, 0x00, 0x00, 0x00, 0x00, 0x00, 0x00, 0x00, 0x00, 0x00, 0x00, 0x00, 0x00, 0x00, 0x00, 0x00, 0x00, 0x00, 0x00, } },
  { .id = 2584, .a = 1130, .b = 270, .token = {' ', 't', 'y', 'p', 'e', 's', 0x00, 0x00, 0x00, 0x00, 0x00, 0x00, 0x00, 0x00, 0x00, 0x00, 0x00, 0x00, 0x00, 0x00, 0x00, 0x00, 0x00, 0x00, 0x00, 0x00, 0x00, 0x00, 0x00, 0x00, 0x00, 0x00, } },
  { .id = 2585, .a = 267, .b = 283, .token = {'i', 's', 'e', 'd', 0x00, 0x00, 0x00, 0x00, 0x00, 0x00, 0x00, 0x00, 0x00, 0x00, 0x00, 0x00, 0x00, 0x00, 0x00, 0x00, 0x00, 0x00, 0x00, 0x00, 0x00, 0x00, 0x00, 0x00, 0x00, 0x00, 0x00, 0x00, } },
  { .id = 2586, .a = 274, .b = 776, .token = {' ', 'p', 'a', 'r', 'k', 0x00, 0x00, 0x00, 0x00, 0x00, 0x00, 0x00, 0x00, 0x00, 0x00, 0x00, 0x00, 0x00, 0x00, 0x00, 0x00, 0x00, 0x00, 0x00, 0x00, 0x00, 0x00, 0x00, 0x00, 0x00, 0x00, 0x00, } },
  { .id = 2587, .a = 287, .b = 1114, .token = {' ', 'm', 'a', 't', 'c', 'h', 0x00, 0x00, 0x00, 0x00, 0x00, 0x00, 0x00, 0x00, 0x00, 0x00, 0x00, 0x00, 0x00, 0x00, 0x00, 0x00, 0x00, 0x00, 0x00, 0x00, 0x00, 0x00, 0x00, 0x00, 0x00, 0x00, } },
  { .id = 2588, .a = 743, .b = 1858, .token = {' ', 's', 'e', 'r', 'v', 'i', 'c', 'e', 's', 0x00, 0x00, 0x00, 0x00, 0x00, 0x00, 0x00, 0x00, 0x00, 0x00, 0x00, 0x00, 0x00, 0x00, 0x00, 0x00, 0x00, 0x00, 0x00, 0x00, 0x00, 0x00, 0x00, } },
  { .id = 2589, .a = 257, .b = 739, .token = {' ', 't', 'r', 'e', 'e', 0x00, 0x00, 0x00, 0x00, 0x00, 0x00, 0x00, 0x00, 0x00, 0x00, 0x00, 0x00, 0x00, 0x00, 0x00, 0x00, 0x00, 0x00, 0x00, 0x00, 0x00, 0x00, 0x00, 0x00, 0x00, 0x00, 0x00, } },
  { .id = 2590, .a = 273, .b = 286, .token = {' ', 'w', 'e', 'n', 't', 0x00, 0x00, 0x00, 0x00, 0x00, 0x00, 0x00, 0x00, 0x00, 0x00, 0x00, 0x00, 0x00, 0x00, 0x00, 0x00, 0x00, 0x00, 0x00, 0x00, 0x00, 0x00, 0x00, 0x00, 0x00, 0x00, 0x00, } },
  { .id = 2591, .a = 320, .b = 342, .token = {'o', 'l', 'a', 't', 'e', 0x00, 0x00, 0x00, 0x00, 0x00, 0x00, 0x00, 0x00, 0x00, 0x00, 0x00, 0x00, 0x00, 0x00, 0x00, 0x00, 0x00, 0x00, 0x00, 0x00, 0x00, 0x00, 0x00, 0x00, 0x00, 0x00, 0x00, } },
  { .id = 2592, .a = 274, .b = 1121, .token = {' ', 'p', 'a', 'i', 'r', 0x00, 0x00, 0x00, 0x00, 0x00, 0x00, 0x00, 0x00, 0x00, 0x00, 0x00, 0x00, 0x00, 0x00, 0x00, 0x00, 0x00, 0x00, 0x00, 0x00, 0x00, 0x00, 0x00, 0x00, 0x00, 0x00, 0x00, } },
  { .id = 2593, .a = 394, .b = 2017, .token = {' ', 'e', 'x', 'e', 'r', 'c', 0x00, 0x00, 0x00, 0x00, 0x00, 0x00, 0x00, 0x00, 0x00, 0x00, 0x00, 0x00, 0x00, 0x00, 0x00, 0x00, 0x00, 0x00, 0x00, 0x00, 0x00, 0x00, 0x00, 0x00, 0x00, 0x00, } },
  { .id = 2594, .a = 116, .b = 294, .token = {'t', 'i', 'c', 0x00, 0x00, 0x00, 0x00, 0x00, 0x00, 0x00, 0x00, 0x00, 0x00, 0x00, 0x00, 0x00, 0x00, 0x00, 0x00, 0x00, 0x00, 0x00, 0x00, 0x00, 0x00, 0x00, 0x00, 0x00, 0x00, 0x00, 0x00, 0x00, } },
  { .id = 2595, .a = 1970, .b = 351, .token = {' ', 'h', 'i', 'g', 'h', 'e', 'r', 0x00, 0x00, 0x00, 0x00, 0x00, 0x00, 0x00, 0x00, 0x00, 0x00, 0x00, 0x00, 0x00, 0x00, 0x00, 0x00, 0x00, 0x00, 0x00, 0x00, 0x00, 0x00, 0x00, 0x00, 0x00, } },
  { .id = 2596, .a = 112, .b = 588, .token = {'p', 'i', 't', 'e', 0x00, 0x00, 0x00, 0x00, 0x00, 0x00, 0x00, 0x00, 0x00, 0x00, 0x00, 0x00, 0x00, 0x00, 0x00, 0x00, 0x00, 0x00, 0x00, 0x00, 0x00, 0x00, 0x00, 0x00, 0x00, 0x00, 0x00, 0x00, } },
  { .id = 2597, .a = 1032, .b = 348, .token = {' ', 'c', 'u', 's', 't', 'o', 'm', 'e', 'r', 's', 0x00, 0x00, 0x00, 0x00, 0x00, 0x00, 0x00, 0x00, 0x00, 0x00, 0x00, 0x00, 0x00, 0x00, 0x00, 0x00, 0x00, 0x00, 0x00, 0x00, 0x00, 0x00, } },
  { .id = 2598, .a = 357, .b = 100, .token = {'u', 'n', 'd', 0x00, 0x00, 0x00, 0x00, 0x00, 0x00, 0x00, 0x00, 0x00, 0x00, 0x00, 0x00, 0x00, 0x00, 0x00, 0x00, 0x00, 0x00, 0x00, 0x00, 0x00, 0x00, 0x00, 0x00, 0x00, 0x00, 0x00, 0x00, 0x00, } },
  { .id = 2599, .a = 304, .b = 480, .token = {' ', 'r', 'e', 'p', 'l', 0x00, 0x00, 0x00, 0x00, 0x00, 0x00, 0x00, 0x00, 0x00, 0x00, 0x00, 0x00, 0x00, 0x00, 0x00, 0x00, 0x00, 0x00, 0x00, 0x00, 0x00, 0x00, 0x00, 0x00, 0x00, 0x00, 0x00, } },
  { .id = 2600, .a = 276, .b = 882, .token = {'i', 't', 'u', 't', 'i', 'o', 'n', 0x00, 0x00, 0x00, 0x00, 0x00, 0x00, 0x00, 0x00, 0x00, 0x00, 0x00, 0x00, 0x00, 0x00, 0x00, 0x00, 0x00, 0x00, 0x00, 0x00, 0x00, 0x00, 0x00, 0x00, 0x00, } },
  { .id = 2601, .a = 410, .b = 460, .token = {' ', 'w', 'e', 'i', 'g', 'h', 't', 0x00, 0x00, 0x00, 0x00, 0x00, 0x00, 0x00, 0x00, 0x00, 0x00, 0x00, 0x00, 0x00, 0x00, 0x00, 0x00, 0x00, 0x00, 0x00, 0x00, 0x00, 0x00, 0x00, 0x00, 0x00, } },
  { .id = 2602, .a = 651, .b = 115, .token = {' ', 'p', 'l', 'a', 'y', 's', 0x00, 0x00, 0x00, 0x00, 0x00, 0x00, 0x00, 0x00, 0x00, 0x00, 0x00, 0x00, 0x00, 0x00, 0x00, 0x00, 0x00, 0x00, 0x00, 0x00, 0x00, 0x00, 0x00, 0x00, 0x00, 0x00, } },
  { .id = 2603, .a = 1724, .b = 1642, .token = {' ', 'c', 'o', 'n', 'd', 'i', 't', 'i', 'o', 'n', 's', 0x00, 0x00, 0x00, 0x00, 0x00, 0x00, 0x00, 0x00, 0x00, 0x00, 0x00, 0x00, 0x00, 0x00, 0x00, 0x00, 0x00, 0x00, 0x00, 0x00, 0x00, } },
  { .id = 2604, .a = 105, .b = 560, .token = {'i', 'a', 'n', 's', 0x00, 0x00, 0x00, 0x00, 0x00, 0x00, 0x00, 0x00, 0x00, 0x00, 0x00, 0x00, 0x00, 0x00, 0x00, 0x00, 0x00, 0x00, 0x00, 0x00, 0x00, 0x00, 0x00, 0x00, 0x00, 0x00, 0x00, 0x00, } },
  { .id = 2605, .a = 329, .b = 860, .token = {'u', 't', 'p', 'u', 't', 0x00, 0x00, 0x00, 0x00, 0x00, 0x00, 0x00, 0x00, 0x00, 0x00, 0x00, 0x00, 0x00, 0x00, 0x00, 0x00, 0x00, 0x00, 0x00, 0x00, 0x00, 0x00, 0x00, 0x00, 0x00, 0x00, 0x00, } },
  { .id = 2606, .a = 1804, .b = 101, .token = {' ', 's', 'a', 'f', 'e', 0x00, 0x00, 0x00, 0x00, 0x00, 0x00, 0x00, 0x00, 0x00, 0x00, 0x00, 0x00, 0x00, 0x00, 0x00, 0x00, 0x00, 0x00, 0x00, 0x00, 0x00, 0x00, 0x00, 0x00, 0x00, 0x00, 0x00, } },
  { .id = 2607, .a = 263, .b = 121, .token = {'e', 'r', 'y', 0x00, 0x00, 0x00, 0x00, 0x00, 0x00, 0x00, 0x00, 0x00, 0x00, 0x00, 0x00, 0x00, 0x00, 0x00, 0x00, 0x00, 0x00, 0x00, 0x00, 0x00, 0x00, 0x00, 0x00, 0x00, 0x00, 0x00, 0x00, 0x00, } },
  { .id = 2608, .a = 391, .b = 372, .token = {' ', 'n', 'e', 'v', 'e', 'r', 0x00, 0x00, 0x00, 0x00, 0x00, 0x00, 0x00, 0x00, 0x00, 0x00, 0x00, 0x00, 0x00, 0x00, 0x00, 0x00, 0x00, 0x00, 0x00, 0x00, 0x00, 0x00, 0x00, 0x00, 0x00, 0x00, } },
  { .id = 2609, .a = 265, .b = 1728, .token = {' ', 's', 'n', 'o', 'w', 0x00, 0x00, 0x00, 0x00, 0x00, 0x00, 0x00, 0x00, 0x00, 0x00, 0x00, 0x00, 0x00, 0x00, 0x00, 0x00, 0x00, 0x00, 0x00, 0x00, 0x00, 0x00, 0x00, 0x00, 0x00, 0x00, 0x00, } },
  { .id = 2610, .a = 112, .b = 266, .token = {'p', 'r', 'e', 0x00, 0x00, 0x00, 0x00, 0x00, 0x00, 0x00, 0x00, 0x00, 0x00, 0x00, 0x00, 0x00, 0x00, 0x00, 0x00, 0x00, 0x00, 0x00, 0x00, 0x00, 0x00, 0x00, 0x00, 0x00, 0x00, 0x00, 0x00, 0x00, } },
  { .id = 2611, .a = 1301, .b = 593, .token = {' ', 'p', 'a', 'r', 't', 'i', 'c', 'i', 'p', 0x00, 0x00, 0x00, 0x00, 0x00, 0x00, 0x00, 0x00, 0x00, 0x00, 0x00, 0x00, 0x00, 0x00, 0x00, 0x00, 0x00, 0x00, 0x00, 0x00, 0x00, 0x00, 0x00, } },
  { .id = 2612, .a = 1965, .b = 645, .token = {' ', 'i', 'n', 'd', 'u', 's', 't', 'r', 'y', 0x00, 0x00, 0x00, 0x00, 0x00, 0x00, 0x00, 0x00, 0x00, 0x00, 0x00, 0x00, 0x00, 0x00, 0x00, 0x00, 0x00, 0x00, 0x00, 0x00, 0x00, 0x00, 0x00, } },
  { .id = 2613, .a = 265, .b = 1610, .token = {' ', 's', 'o', 'u', 'r', 'c', 'e', 's', 0x00, 0x00, 0x00, 0x00, 0x00, 0x00, 0x00, 0x00, 0x00, 0x00, 0x00, 0x00, 0x00, 0x00, 0x00, 0x00, 0x00, 0x00, 0x00, 0x00, 0x00, 0x00, 0x00, 0x00, } },
  { .id = 2614, .a = 303, .b = 282, .token = {'o', 't', 'a', 'l', 0x00, 0x00, 0x00, 0x00, 0x00, 0x00, 0x00, 0x00, 0x00, 0x00, 0x00, 0x00, 0x00, 0x00, 0x00, 0x00, 0x00, 0x00, 0x00, 0x00, 0x00, 0x00, 0x00, 0x00, 0x00, 0x00, 0x00, 0x00, } },
  { .id = 2615, .a = 384, .b = 458, .token = {'o', 'o', 'd', 's', 0x00, 0x00, 0x00, 0x00, 0x00, 0x00, 0x00, 0x00, 0x00, 0x00, 0x00, 0x00, 0x00, 0x00, 0x00, 0x00, 0x00, 0x00, 0x00, 0x00, 0x00, 0x00, 0x00, 0x00, 0x00, 0x00, 0x00, 0x00, } },
  { .id = 2616, .a = 947, .b = 469, .token = {' ', 's', 'i', 'm', 'p', 'l', 'e', 0x00, 0x00, 0x00, 0x00, 0x00, 0x00, 0x00, 0x00, 0x00, 0x00, 0x00, 0x00, 0x00, 0x00, 0x00, 0x00, 0x00, 0x00, 0x00, 0x00, 0x00, 0x00, 0x00, 0x00, 0x00, } },
  { .id = 2617, .a = 801, .b = 108, .token = {' ', 'c', 'o', 'l', 'l', 0x00, 0x00, 0x00, 0x00, 0x00, 0x00, 0x00, 0x00, 0x00, 0x00, 0x00, 0x00, 0x00, 0x00, 0x00, 0x00, 0x00, 0x00, 0x00, 0x00, 0x00, 0x00, 0x00, 0x00, 0x00, 0x00, 0x00, } },
  { .id = 2618, .a = 437, .b = 264, .token = {' ', 's', 'e', 'e', 'n', 0x00, 0x00, 0x00, 0x00, 0x00, 0x00, 0x00, 0x00, 0x00, 0x00, 0x00, 0x00, 0x00, 0x00, 0x00, 0x00, 0x00, 0x00, 0x00, 0x00, 0x00, 0x00, 0x00, 0x00, 0x00, 0x00, 0x00, } },
  { .id = 2619, .a = 424, .b = 1030, .token = {' ', 'r', 'a', 't', 'h', 'e', 'r', 0x00, 0x00, 0x00, 0x00, 0x00, 0x00, 0x00, 0x00, 0x00, 0x00, 0x00, 0x00, 0x00, 0x00, 0x00, 0x00, 0x00, 0x00, 0x00, 0x00, 0x00, 0x00, 0x00, 0x00, 0x00, } },
  { .id = 2620, .a = 542, .b = 1699, .token = {' ', 'j', 'u', 'm', 'p', 0x00, 0x00, 0x00, 0x00, 0x00, 0x00, 0x00, 0x00, 0x00, 0x00, 0x00, 0x00, 0x00, 0x00, 0x00, 0x00, 0x00, 0x00, 0x00, 0x00, 0x00, 0x00, 0x00, 0x00, 0x00, 0x00, 0x00, } },
  { .id = 2621, .a = 863, .b = 111, .token = {' ', 's', 'm', 'o', 0x00, 0x00, 0x00, 0x00, 0x00, 0x00, 0x00, 0x00, 0x00, 0x00, 0x00, 0x00, 0x00, 0x00, 0x00, 0x00, 0x00, 0x00, 0x00, 0x00, 0x00, 0x00, 0x00, 0x00, 0x00, 0x00, 0x00, 0x00, } },
  { .id = 2622, .a = 2006, .b = 763, .token = {' ', 'i', 'n', 'c', 'o', 'r', 'r', 'e', 'c', 't', 0x00, 0x00, 0x00, 0x00, 0x00, 0x00, 0x00, 0x00, 0x00, 0x00, 0x00, 0x00, 0x00, 0x00, 0x00, 0x00, 0x00, 0x00, 0x00, 0x00, 0x00, 0x00, } },
  { .id = 2623, .a = 741, .b = 323, .token = {' ', 's', 'u', 'b', 's', 't', 0x00, 0x00, 0x00, 0x00, 0x00, 0x00, 0x00, 0x00, 0x00, 0x00, 0x00, 0x00, 0x00, 0x00, 0x00, 0x00, 0x00, 0x00, 0x00, 0x00, 0x00, 0x00, 0x00, 0x00, 0x00, 0x00, } },
  { .id = 2624, .a = 1940, .b = 1828, .token = {' ', 'a', 'c', 'h', 'i', 'e', 'v', 'e', 0x00, 0x00, 0x00, 0x00, 0x00, 0x00, 0x00, 0x00, 0x00, 0x00, 0x00, 0x00, 0x00, 0x00, 0x00, 0x00, 0x00, 0x00, 0x00, 0x00, 0x00, 0x00, 0x00, 0x00, } },
  { .id = 2625, .a = 437, .b = 720, .token = {' ', 's', 'e', 'l', 'e', 'c', 't', 0x00, 0x00, 0x00, 0x00, 0x00, 0x00, 0x00, 0x00, 0x00, 0x00, 0x00, 0x00, 0x00, 0x00, 0x00, 0x00, 0x00, 0x00, 0x00, 0x00, 0x00, 0x00, 0x00, 0x00, 0x00, } },
  { .id = 2626, .a = 2476, .b = 1441, .token = {' ', 'a', 't', 'm', 'o', 's', 'p', 'h', 'e', 'r', 'e', 0x00, 0x00, 0x00, 0x00, 0x00, 0x00, 0x00, 0x00, 0x00, 0x00, 0x00, 0x00, 0x00, 0x00, 0x00, 0x00, 0x00, 0x00, 0x00, 0x00, 0x00, } },
  { .id = 2627, .a = 290, .b = 857, .token = {'a', 'r', 'g', 'e', 't', 0x00, 0x00, 0x00, 0x00, 0x00, 0x00, 0x00, 0x00, 0x00, 0x00, 0x00, 0x00, 0x00, 0x00, 0x00, 0x00, 0x00, 0x00, 0x00, 0x00, 0x00, 0x00, 0x00, 0x00, 0x00, 0x00, 0x00, } },
  { .id = 2628, .a = 306, .b = 2177, .token = {' ', 'e', 'i', 't', 'h', 'e', 'r', 0x00, 0x00, 0x00, 0x00, 0x00, 0x00, 0x00, 0x00, 0x00, 0x00, 0x00, 0x00, 0x00, 0x00, 0x00, 0x00, 0x00, 0x00, 0x00, 0x00, 0x00, 0x00, 0x00, 0x00, 0x00, } },
  { .id = 2629, .a = 103, .b = 111, .token = {'g', 'o', 0x00, 0x00, 0x00, 0x00, 0x00, 0x00, 0x00, 0x00, 0x00, 0x00, 0x00, 0x00, 0x00, 0x00, 0x00, 0x00, 0x00, 0x00, 0x00, 0x00, 0x00, 0x00, 0x00, 0x00, 0x00, 0x00, 0x00, 0x00, 0x00, 0x00, } },
  { .id = 2630, .a = 282, .b = 359, .token = {'a', 'l', 's', 'e', 0x00, 0x00, 0x00, 0x00, 0x00, 0x00, 0x00, 0x00, 0x00, 0x00, 0x00, 0x00, 0x00, 0x00, 0x00, 0x00, 0x00, 0x00, 0x00, 0x00, 0x00, 0x00, 0x00, 0x00, 0x00, 0x00, 0x00, 0x00, } },
  { .id = 2631, .a = 291, .b = 341, .token = {' ', 'd', 'e', 's', 't', 0x00, 0x00, 0x00, 0x00, 0x00, 0x00, 0x00, 0x00, 0x00, 0x00, 0x00, 0x00, 0x00, 0x00, 0x00, 0x00, 0x00, 0x00, 0x00, 0x00, 0x00, 0x00, 0x00, 0x00, 0x00, 0x00, 0x00, } },
  { .id = 2632, .a = 2174, .b = 301, .token = {' ', 'p', 'u', 'n', 'c', 't', 0x00, 0x00, 0x00, 0x00, 0x00, 0x00, 0x00, 0x00, 0x00, 0x00, 0x00, 0x00, 0x00, 0x00, 0x00, 0x00, 0x00, 0x00, 0x00, 0x00, 0x00, 0x00, 0x00, 0x00, 0x00, 0x00, } },
  { .id = 2633, .a = 1888, .b = 115, .token = {' ', 's', 'p', 'o', 'r', 't', 's', 0x00, 0x00, 0x00, 0x00, 0x00, 0x00, 0x00, 0x00, 0x00, 0x00, 0x00, 0x00, 0x00, 0x00, 0x00, 0x00, 0x00, 0x00, 0x00, 0x00, 0x00, 0x00, 0x00, 0x00, 0x00, } },
  { .id = 2634, .a = 1141, .b = 471, .token = {' ', 't', 'a', 'l', 'k', 'i', 'n', 'g', 0x00, 0x00, 0x00, 0x00, 0x00, 0x00, 0x00, 0x00, 0x00, 0x00, 0x00, 0x00, 0x00, 0x00, 0x00, 0x00, 0x00, 0x00, 0x00, 0x00, 0x00, 0x00, 0x00, 0x00, } },
  { .id = 2635, .a = 32, .b = 96, .token = {' ', '`', 0x00, 0x00, 0x00, 0x00, 0x00, 0x00, 0x00, 0x00, 0x00, 0x00, 0x00, 0x00, 0x00, 0x00, 0x00, 0x00, 0x00, 0x00, 0x00, 0x00, 0x00, 0x00, 0x00, 0x00, 0x00, 0x00, 0x00, 0x00, 0x00, 0x00, } },
  { .id = 2636, .a = 337, .b = 97, .token = {'a', 'm', 'a', 0x00, 0x00, 0x00, 0x00, 0x00, 0x00, 0x00, 0x00, 0x00, 0x00, 0x00, 0x00, 0x00, 0x00, 0x00, 0x00, 0x00, 0x00, 0x00, 0x00, 0x00, 0x00, 0x00, 0x00, 0x00, 0x00, 0x00, 0x00, 0x00, } },
  { .id = 2637, .a = 414, .b = 271, .token = {' ', 'M', 'a', 'n', 0x00, 0x00, 0x00, 0x00, 0x00, 0x00, 0x00, 0x00, 0x00, 0x00, 0x00, 0x00, 0x00, 0x00, 0x00, 0x00, 0x00, 0x00, 0x00, 0x00, 0x00, 0x00, 0x00, 0x00, 0x00, 0x00, 0x00, 0x00, } },
  { .id = 2638, .a = 618, .b = 320, .token = {' ', 'c', 'o', 'o', 'l', 0x00, 0x00, 0x00, 0x00, 0x00, 0x00, 0x00, 0x00, 0x00, 0x00, 0x00, 0x00, 0x00, 0x00, 0x00, 0x00, 0x00, 0x00, 0x00, 0x00, 0x00, 0x00, 0x00, 0x00, 0x00, 0x00, 0x00, } },
  { .id = 2639, .a = 271, .b = 925, .token = {'a', 'n', 'c', 'e', 'd', 0x00, 0x00, 0x00, 0x00, 0x00, 0x00, 0x00, 0x00, 0x00, 0x00, 0x00, 0x00, 0x00, 0x00, 0x00, 0x00, 0x00, 0x00, 0x00, 0x00, 0x00, 0x00, 0x00, 0x00, 0x00, 0x00, 0x00, } },
  { .id = 2640, .a = 291, .b = 655, .token = {' ', 'd', 'r', 'e', 's', 's', 0x00, 0x00, 0x00, 0x00, 0x00, 0x00, 0x00, 0x00, 0x00, 0x00, 0x00, 0x00, 0x00, 0x00, 0x00, 0x00, 0x00, 0x00, 0x00, 0x00, 0x00, 0x00, 0x00, 0x00, 0x00, 0x00, } },
  { .id = 2641, .a = 259, .b = 417, .token = {' ', 'a', 't', 'h', 0x00, 0x00, 0x00, 0x00, 0x00, 0x00, 0x00, 0x00, 0x00, 0x00, 0x00, 0x00, 0x00, 0x00, 0x00, 0x00, 0x00, 0x00, 0x00, 0x00, 0x00, 0x00, 0x00, 0x00, 0x00, 0x00, 0x00, 0x00, } },
  { .id = 2642, .a = 98, .b = 622, .token = {'b', 'a', 'c', 'k', 0x00, 0x00, 0x00, 0x00, 0x00, 0x00, 0x00, 0x00, 0x00, 0x00, 0x00, 0x00, 0x00, 0x00, 0x00, 0x00, 0x00, 0x00, 0x00, 0x00, 0x00, 0x00, 0x00, 0x00, 0x00, 0x00, 0x00, 0x00, } },
  { .id = 2643, .a = 274, .b = 348, .token = {' ', 'p', 'e', 'r', 's', 0x00, 0x00, 0x00, 0x00, 0x00, 0x00, 0x00, 0x00, 0x00, 0x00, 0x00, 0x00, 0x00, 0x00, 0x00, 0x00, 0x00, 0x00, 0x00, 0x00, 0x00, 0x00, 0x00, 0x00, 0x00, 0x00, 0x00, } },
  { .id = 2644, .a = 306, .b = 770, .token = {' ', 'e', 'g', 'g', 0x00, 0x00, 0x00, 0x00, 0x00, 0x00, 0x00, 0x00, 0x00, 0x00, 0x00, 0x00, 0x00, 0x00, 0x00, 0x00, 0x00, 0x00, 0x00, 0x00, 0x00, 0x00, 0x00, 0x00, 0x00, 0x00, 0x00, 0x00, } },
  { .id = 2645, .a = 811, .b = 260, .token = {' ', 't', 'r', 'a', 'i', 'n', 0x00, 0x00, 0x00, 0x00, 0x00, 0x00, 0x00, 0x00, 0x00, 0x00, 0x00, 0x00, 0x00, 0x00, 0x00, 0x00, 0x00, 0x00, 0x00, 0x00, 0x00, 0x00, 0x00, 0x00, 0x00, 0x00, } },
  { .id = 2646, .a = 393, .b = 626, .token = {' ', 'a', 'l', 'i', 'g', 'n', 0x00, 0x00, 0x00, 0x00, 0x00, 0x00, 0x00, 0x00, 0x00, 0x00, 0x00, 0x00, 0x00, 0x00, 0x00, 0x00, 0x00, 0x00, 0x00, 0x00, 0x00, 0x00, 0x00, 0x00, 0x00, 0x00, } },
  { .id = 2647, .a = 1870, .b = 275, .token = {' ', 'h', 'o', 'l', 'd', 'i', 'n', 'g', 0x00, 0x00, 0x00, 0x00, 0x00, 0x00, 0x00, 0x00, 0x00, 0x00, 0x00, 0x00, 0x00, 0x00, 0x00, 0x00, 0x00, 0x00, 0x00, 0x00, 0x00, 0x00, 0x00, 0x00, } },
  { .id = 2648, .a = 269, .b = 121, .token = {' ', 'c', 'y', 0x00, 0x00, 0x00, 0x00, 0x00, 0x00, 0x00, 0x00, 0x00, 0x00, 0x00, 0x00, 0x00, 0x00, 0x00, 0x00, 0x00, 0x00, 0x00, 0x00, 0x00, 0x00, 0x00, 0x00, 0x00, 0x00, 0x00, 0x00, 0x00, } },
  { .id = 2649, .a = 754, .b = 641, .token = {' ', 'c', 'r', 'e', 'a', 't', 'i', 'n', 'g', 0x00, 0x00, 0x00, 0x00, 0x00, 0x00, 0x00, 0x00, 0x00, 0x00, 0x00, 0x00, 0x00, 0x00, 0x00, 0x00, 0x00, 0x00, 0x00, 0x00, 0x00, 0x00, 0x00, } },
  { .id = 2650, .a = 72, .b = 101, .token = {'H', 'e', 0x00, 0x00, 0x00, 0x00, 0x00, 0x00, 0x00, 0x00, 0x00, 0x00, 0x00, 0x00, 0x00, 0x00, 0x00, 0x00, 0x00, 0x00, 0x00, 0x00, 0x00, 0x00, 0x00, 0x00, 0x00, 0x00, 0x00, 0x00, 0x00, 0x00, } },
  { .id = 2651, .a = 598, .b = 854, .token = {' ', 'r', 'e', 's', 'p', 'e', 'c', 't', 0x00, 0x00, 0x00, 0x00, 0x00, 0x00, 0x00, 0x00, 0x00, 0x00, 0x00, 0x00, 0x00, 0x00, 0x00, 0x00, 0x00, 0x00, 0x00, 0x00, 0x00, 0x00, 0x00, 0x00, } },
  { .id = 2652, .a = 2581, .b = 1685, .token = {' ', 'a', 'p', 'p', 'r', 'e', 'c', 'i', 0x00, 0x00, 0x00, 0x00, 0x00, 0x00, 0x00, 0x00, 0x00, 0x00, 0x00, 0x00, 0x00, 0x00, 0x00, 0x00, 0x00, 0x00, 0x00, 0x00, 0x00, 0x00, 0x00, 0x00, } },
  { .id = 2653, .a = 1490, .b = 98, .token = {' ', 'v', 'e', 'r', 'b', 0x00, 0x00, 0x00, 0x00, 0x00, 0x00, 0x00, 0x00, 0x00, 0x00, 0x00, 0x00, 0x00, 0x00, 0x00, 0x00, 0x00, 0x00, 0x00, 0x00, 0x00, 0x00, 0x00, 0x00, 0x00, 0x00, 0x00, } },
  { .id = 2654, .a = 1318, .b = 316, .token = {' ', 'e', 'a', 'r', 'l', 'y', 0x00, 0x00, 0x00, 0x00, 0x00, 0x00, 0x00, 0x00, 0x00, 0x00, 0x00, 0x00, 0x00, 0x00, 0x00, 0x00, 0x00, 0x00, 0x00, 0x00, 0x00, 0x00, 0x00, 0x00, 0x00, 0x00, } },
  { .id = 2655, .a = 336, .b = 116, .token = {'i', 'f', 't', 0x00, 0x00, 0x00, 0x00, 0x00, 0x00, 0x00, 0x00, 0x00, 0x00, 0x00, 0x00, 0x00, 0x00, 0x00, 0x00, 0x00, 0x00, 0x00, 0x00, 0x00, 0x00, 0x00, 0x00, 0x00, 0x00, 0x00, 0x00, 0x00, } },
  { .id = 2656, .a = 263, .b = 110, .token = {'e', 'r', 'n', 0x00, 0x00, 0x00, 0x00, 0x00, 0x00, 0x00, 0x00, 0x00, 0x00, 0x00, 0x00, 0x00, 0x00, 0x00, 0x00, 0x00, 0x00, 0x00, 0x00, 0x00, 0x00, 0x00, 0x00, 0x00, 0x00, 0x00, 0x00, 0x00, } },
  { .id = 2657, .a = 480, .b = 1636, .token = {'p', 'l', 'a', 'n', 'a', 't', 'i', 'o', 'n', 0x00, 0x00, 0x00, 0x00, 0x00, 0x00, 0x00, 0x00, 0x00, 0x00, 0x00, 0x00, 0x00, 0x00, 0x00, 0x00, 0x00, 0x00, 0x00, 0x00, 0x00, 0x00, 0x00, } },
  { .id = 2658, .a = 280, .b = 105, .token = {' ', 'b', 'i', 0x00, 0x00, 0x00, 0x00, 0x00, 0x00, 0x00, 0x00, 0x00, 0x00, 0x00, 0x00, 0x00, 0x00, 0x00, 0x00, 0x00, 0x00, 0x00, 0x00, 0x00, 0x00, 0x00, 0x00, 0x00, 0x00, 0x00, 0x00, 0x00, } },
  { .id = 2659, .a = 333, .b = 1581, .token = {' ', 'c', 'o', 'n', 's', 't', 'r', 'u', 'c', 't', 0x00, 0x00, 0x00, 0x00, 0x00, 0x00, 0x00, 0x00, 0x00, 0x00, 0x00, 0x00, 0x00, 0x00, 0x00, 0x00, 0x00, 0x00, 0x00, 0x00, 0x00, 0x00, } },
  { .id = 2660, .a = 387, .b = 283, .token = {'r', 'i', 'e', 'd', 0x00, 0x00, 0x00, 0x00, 0x00, 0x00, 0x00, 0x00, 0x00, 0x00, 0x00, 0x00, 0x00, 0x00, 0x00, 0x00, 0x00, 0x00, 0x00, 0x00, 0x00, 0x00, 0x00, 0x00, 0x00, 0x00, 0x00, 0x00, } },
  { .id = 2661, .a = 542, .b = 111, .token = {' ', 'j', 'o', 0x00, 0x00, 0x00, 0x00, 0x00, 0x00, 0x00, 0x00, 0x00, 0x00, 0x00, 0x00, 0x00, 0x00, 0x00, 0x00, 0x00, 0x00, 0x00, 0x00, 0x00, 0x00, 0x00, 0x00, 0x00, 0x00, 0x00, 0x00, 0x00, } },
  { .id = 2662, .a = 299, .b = 1102, .token = {' ', 'h', 'a', 'r', 'm', 0x00, 0x00, 0x00, 0x00, 0x00, 0x00, 0x00, 0x00, 0x00, 0x00, 0x00, 0x00, 0x00, 0x00, 0x00, 0x00, 0x00, 0x00, 0x00, 0x00, 0x00, 0x00, 0x00, 0x00, 0x00, 0x00, 0x00, } },
  { .id = 2663, .a = 2228, .b = 342, .token = {' ', 'C', 'r', 'e', 'a', 't', 'e', 0x00, 0x00, 0x00, 0x00, 0x00, 0x00, 0x00, 0x00, 0x00, 0x00, 0x00, 0x00, 0x00, 0x00, 0x00, 0x00, 0x00, 0x00, 0x00, 0x00, 0x00, 0x00, 0x00, 0x00, 0x00, } },
  { .id = 2664, .a = 108, .b = 1739, .token = {'l', 'i', 's', 'h', 'e', 'd', 0x00, 0x00, 0x00, 0x00, 0x00, 0x00, 0x00, 0x00, 0x00, 0x00, 0x00, 0x00, 0x00, 0x00, 0x00, 0x00, 0x00, 0x00, 0x00, 0x00, 0x00, 0x00, 0x00, 0x00, 0x00, 0x00, } },
  { .id = 2665, .a = 1198, .b = 458, .token = {'w', 'o', 'r', 'd', 's', 0x00, 0x00, 0x00, 0x00, 0x00, 0x00, 0x00, 0x00, 0x00, 0x00, 0x00, 0x00, 0x00, 0x00, 0x00, 0x00, 0x00, 0x00, 0x00, 0x00, 0x00, 0x00, 0x00, 0x00, 0x00, 0x00, 0x00, } },
  { .id = 2666, .a = 272, .b = 2440, .token = {' ', 'o', 'x', 'y', 'g', 'e', 'n', 0x00, 0x00, 0x00, 0x00, 0x00, 0x00, 0x00, 0x00, 0x00, 0x00, 0x00, 0x00, 0x00, 0x00, 0x00, 0x00, 0x00, 0x00, 0x00, 0x00, 0x00, 0x00, 0x00, 0x00, 0x00, } },
  { .id = 2667, .a = 414, .b = 262, .token = {' ', 'M', 'o', 'n', 0x00, 0x00, 0x00, 0x00, 0x00, 0x00, 0x00, 0x00, 0x00, 0x00, 0x00, 0x00, 0x00, 0x00, 0x00, 0x00, 0x00, 0x00, 0x00, 0x00, 0x00, 0x00, 0x00, 0x00, 0x00, 0x00, 0x00, 0x00, } },
  { .id = 2668, .a = 305, .b = 271, .token = {'c', 'e', 'a', 'n', 0x00, 0x00, 0x00, 0x00, 0x00, 0x00, 0x00, 0x00, 0x00, 0x00, 0x00, 0x00, 0x00, 0x00, 0x00, 0x00, 0x00, 0x00, 0x00, 0x00, 0x00, 0x00, 0x00, 0x00, 0x00, 0x00, 0x00, 0x00, } },
  { .id = 2669, .a = 291, .b = 283, .token = {' ', 'd', 'e', 'd', 0x00, 0x00, 0x00, 0x00, 0x00, 0x00, 0x00, 0x00, 0x00, 0x00, 0x00, 0x00, 0x00, 0x00, 0x00, 0x00, 0x00, 0x00, 0x00, 0x00, 0x00, 0x00, 0x00, 0x00, 0x00, 0x00, 0x00, 0x00, } },
  { .id = 2670, .a = 1283, .b = 260, .token = {' ', 'o', 'p', 'i', 'n', 0x00, 0x00, 0x00, 0x00, 0x00, 0x00, 0x00, 0x00, 0x00, 0x00, 0x00, 0x00, 0x00, 0x00, 0x00, 0x00, 0x00, 0x00, 0x00, 0x00, 0x00, 0x00, 0x00, 0x00, 0x00, 0x00, 0x00, } },
  { .id = 2671, .a = 79, .b = 110, .token = {'O', 'n', 0x00, 0x00, 0x00, 0x00, 0x00, 0x00, 0x00, 0x00, 0x00, 0x00, 0x00, 0x00, 0x00, 0x00, 0x00, 0x00, 0x00, 0x00, 0x00, 0x00, 0x00, 0x00, 0x00, 0x00, 0x00, 0x00, 0x00, 0x00, 0x00, 0x00, } },
  { .id = 2672, .a = 1376, .b = 276, .token = {' ', 'v', 'i', 's', 'i', 't', 0x00, 0x00, 0x00, 0x00, 0x00, 0x00, 0x00, 0x00, 0x00, 0x00, 0x00, 0x00, 0x00, 0x00, 0x00, 0x00, 0x00, 0x00, 0x00, 0x00, 0x00, 0x00, 0x00, 0x00, 0x00, 0x00, } },
  { .id = 2673, .a = 697, .b = 281, .token = {'d', 'u', 'c', 't', 'i', 'o', 'n', 0x00, 0x00, 0x00, 0x00, 0x00, 0x00, 0x00, 0x00, 0x00, 0x00, 0x00, 0x00, 0x00, 0x00, 0x00, 0x00, 0x00, 0x00, 0x00, 0x00, 0x00, 0x00, 0x00, 0x00, 0x00, } },
  { .id = 2674, .a = 265, .b = 2170, .token = {' ', 's', 'o', 'u', 'r', 'c', 'e', 0x00, 0x00, 0x00, 0x00, 0x00, 0x00, 0x00, 0x00, 0x00, 0x00, 0x00, 0x00, 0x00, 0x00, 0x00, 0x00, 0x00, 0x00, 0x00, 0x00, 0x00, 0x00, 0x00, 0x00, 0x00, } },
  { .id = 2675, .a = 1074, .b = 275, .token = {' ', 'f', 'e', 'e', 'l', 'i', 'n', 'g', 0x00, 0x00, 0x00, 0x00, 0x00, 0x00, 0x00, 0x00, 0x00, 0x00, 0x00, 0x00, 0x00, 0x00, 0x00, 0x00, 0x00, 0x00, 0x00, 0x00, 0x00, 0x00, 0x00, 0x00, } },
  { .id = 2676, .a = 112, .b = 115, .token = {'p', 's', 0x00, 0x00, 0x00, 0x00, 0x00, 0x00, 0x00, 0x00, 0x00, 0x00, 0x00, 0x00, 0x00, 0x00, 0x00, 0x00, 0x00, 0x00, 0x00, 0x00, 0x00, 0x00, 0x00, 0x00, 0x00, 0x00, 0x00, 0x00, 0x00, 0x00, } },
  { .id = 2677, .a = 114, .b = 557, .token = {'r', 'a', 's', 't', 0x00, 0x00, 0x00, 0x00, 0x00, 0x00, 0x00, 0x00, 0x00, 0x00, 0x00, 0x00, 0x00, 0x00, 0x00, 0x00, 0x00, 0x00, 0x00, 0x00, 0x00, 0x00, 0x00, 0x00, 0x00, 0x00, 0x00, 0x00, } },
  { .id = 2678, .a = 360, .b = 118, .token = {'s', 'e', 'r', 'v', 0x00, 0x00, 0x00, 0x00, 0x00, 0x00, 0x00, 0x00, 0x00, 0x00, 0x00, 0x00, 0x00, 0x00, 0x00, 0x00, 0x00, 0x00, 0x00, 0x00, 0x00, 0x00, 0x00, 0x00, 0x00, 0x00, 0x00, 0x00, } },
  { .id = 2679, .a = 1291, .b = 275, .token = {' ', 'w', 'r', 'i', 't', 'i', 'n', 'g', 0x00, 0x00, 0x00, 0x00, 0x00, 0x00, 0x00, 0x00, 0x00, 0x00, 0x00, 0x00, 0x00, 0x00, 0x00, 0x00, 0x00, 0x00, 0x00, 0x00, 0x00, 0x00, 0x00, 0x00, } },
  { .id = 2680, .a = 2128, .b = 314, .token = {' ', 'c', 'o', 'n', 'v', 'e', 'r', 's', 'a', 't', 'i', 'o', 'n', 0x00, 0x00, 0x00, 0x00, 0x00, 0x00, 0x00, 0x00, 0x00, 0x00, 0x00, 0x00, 0x00, 0x00, 0x00, 0x00, 0x00, 0x00, 0x00, } },
  { .id = 2681, .a = 99, .b = 975, .token = {'c', 'h', 'e', 'd', 0x00, 0x00, 0x00, 0x00, 0x00, 0x00, 0x00, 0x00, 0x00, 0x00, 0x00, 0x00, 0x00, 0x00, 0x00, 0x00, 0x00, 0x00, 0x00, 0x00, 0x00, 0x00, 0x00, 0x00, 0x00, 0x00, 0x00, 0x00, } },
  { .id = 2682, .a = 347, .b = 447, .token = {'e', 'l', 'l', 'o', 'w', 0x00, 0x00, 0x00, 0x00, 0x00, 0x00, 0x00, 0x00, 0x00, 0x00, 0x00, 0x00, 0x00, 0x00, 0x00, 0x00, 0x00, 0x00, 0x00, 0x00, 0x00, 0x00, 0x00, 0x00, 0x00, 0x00, 0x00, } },
  { .id = 2683, .a = 105, .b = 314, .token = {'i', 'a', 't', 'i', 'o', 'n', 0x00, 0x00, 0x00, 0x00, 0x00, 0x00, 0x00, 0x00, 0x00, 0x00, 0x00, 0x00, 0x00, 0x00, 0x00, 0x00, 0x00, 0x00, 0x00, 0x00, 0x00, 0x00, 0x00, 0x00, 0x00, 0x00, } },
  { .id = 2684, .a = 118, .b = 711, .token = {'v', 'i', 'o', 'u', 's', 0x00, 0x00, 0x00, 0x00, 0x00, 0x00, 0x00, 0x00, 0x00, 0x00, 0x00, 0x00, 0x00, 0x00, 0x00, 0x00, 0x00, 0x00, 0x00, 0x00, 0x00, 0x00, 0x00, 0x00, 0x00, 0x00, 0x00, } },
  { .id = 2685, .a = 621, .b = 2044, .token = {' ', 'e', 'v', 'i', 'd', 'e', 'n', 'c', 'e', 0x00, 0x00, 0x00, 0x00, 0x00, 0x00, 0x00, 0x00, 0x00, 0x00, 0x00, 0x00, 0x00, 0x00, 0x00, 0x00, 0x00, 0x00, 0x00, 0x00, 0x00, 0x00, 0x00, } },
  { .id = 2686, .a = 264, .b = 925, .token = {'e', 'n', 'c', 'e', 'd', 0x00, 0x00, 0x00, 0x00, 0x00, 0x00, 0x00, 0x00, 0x00, 0x00, 0x00, 0x00, 0x00, 0x00, 0x00, 0x00, 0x00, 0x00, 0x00, 0x00, 0x00, 0x00, 0x00, 0x00, 0x00, 0x00, 0x00, } },
  { .id = 2687, .a = 321, .b = 294, .token = {'i', 's', 't', 'i', 'c', 0x00, 0x00, 0x00, 0x00, 0x00, 0x00, 0x00, 0x00, 0x00, 0x00, 0x00, 0x00, 0x00, 0x00, 0x00, 0x00, 0x00, 0x00, 0x00, 0x00, 0x00, 0x00, 0x00, 0x00, 0x00, 0x00, 0x00, } },
  { .id = 2688, .a = 1540, .b = 1027, .token = {'C', 'h', 'o', 'o', 's', 'e', 0x00, 0x00, 0x00, 0x00, 0x00, 0x00, 0x00, 0x00, 0x00, 0x00, 0x00, 0x00, 0x00, 0x00, 0x00, 0x00, 0x00, 0x00, 0x00, 0x00, 0x00, 0x00, 0x00, 0x00, 0x00, 0x00, } },
  { .id = 2689, .a = 2192, .b = 119, .token = {' ', 'v', 'i', 'e', 'w', 0x00, 0x00, 0x00, 0x00, 0x00, 0x00, 0x00, 0x00, 0x00, 0x00, 0x00, 0x00, 0x00, 0x00, 0x00, 0x00, 0x00, 0x00, 0x00, 0x00, 0x00, 0x00, 0x00, 0x00, 0x00, 0x00, 0x00, } },
  { .id = 2690, .a = 717, .b = 532, .token = {' ', 'e', 'n', 't', 'i', 'r', 'e', 0x00, 0x00, 0x00, 0x00, 0x00, 0x00, 0x00, 0x00, 0x00, 0x00, 0x00, 0x00, 0x00, 0x00, 0x00, 0x00, 0x00, 0x00, 0x00, 0x00, 0x00, 0x00, 0x00, 0x00, 0x00, } },
  { .id = 2691, .a = 257, .b = 879, .token = {' ', 't', 'r', 'e', 'a', 't', 0x00, 0x00, 0x00, 0x00, 0x00, 0x00, 0x00, 0x00, 0x00, 0x00, 0x00, 0x00, 0x00, 0x00, 0x00, 0x00, 0x00, 0x00, 0x00, 0x00, 0x00, 0x00, 0x00, 0x00, 0x00, 0x00, } },
  { .id = 2692, .a = 279, .b = 339, .token = {' ', 'f', 'i', 'g', 0x00, 0x00, 0x00, 0x00, 0x00, 0x00, 0x00, 0x00, 0x00, 0x00, 0x00, 0x00, 0x00, 0x00, 0x00, 0x00, 0x00, 0x00, 0x00, 0x00, 0x00, 0x00, 0x00, 0x00, 0x00, 0x00, 0x00, 0x00, } },
  { .id = 2693, .a = 1366, .b = 115, .token = {' ', 'a', 'l', 'l', 'o', 'w', 's', 0x00, 0x00, 0x00, 0x00, 0x00, 0x00, 0x00, 0x00, 0x00, 0x00, 0x00, 0x00, 0x00, 0x00, 0x00, 0x00, 0x00, 0x00, 0x00, 0x00, 0x00, 0x00, 0x00, 0x00, 0x00, } },
  { .id = 2694, .a = 80, .b = 84, .token = {'P', 'T', 0x00, 0x00, 0x00, 0x00, 0x00, 0x00, 0x00, 0x00, 0x00, 0x00, 0x00, 0x00, 0x00, 0x00, 0x00, 0x00, 0x00, 0x00, 0x00, 0x00, 0x00, 0x00, 0x00, 0x00, 0x00, 0x00, 0x00, 0x00, 0x00, 0x00, } },
  { .id = 2695, .a = 410, .b = 1030, .token = {' ', 'w', 'e', 'a', 't', 'h', 'e', 'r', 0x00, 0x00, 0x00, 0x00, 0x00, 0x00, 0x00, 0x00, 0x00, 0x00, 0x00, 0x00, 0x00, 0x00, 0x00, 0x00, 0x00, 0x00, 0x00, 0x00, 0x00, 0x00, 0x00, 0x00, } },
  { .id = 2696, .a = 725, .b = 275, .token = {' ', 'K', 'i', 'n', 'g', 0x00, 0x00, 0x00, 0x00, 0x00, 0x00, 0x00, 0x00, 0x00, 0x00, 0x00, 0x00, 0x00, 0x00, 0x00, 0x00, 0x00, 0x00, 0x00, 0x00, 0x00, 0x00, 0x00, 0x00, 0x00, 0x00, 0x00, } },
  { .id = 2697, .a = 1156, .b = 578, .token = {' ', 'd', 'i', 's', 't', 'a', 'n', 'c', 'e', 0x00, 0x00, 0x00, 0x00, 0x00, 0x00, 0x00, 0x00, 0x00, 0x00, 0x00, 0x00, 0x00, 0x00, 0x00, 0x00, 0x00, 0x00, 0x00, 0x00, 0x00, 0x00, 0x00, } },
  { .id = 2698, .a = 710, .b = 98, .token = {' ', 'e', 'm', 'b', 0x00, 0x00, 0x00, 0x00, 0x00, 0x00, 0x00, 0x00, 0x00, 0x00, 0x00, 0x00, 0x00, 0x00, 0x00, 0x00, 0x00, 0x00, 0x00, 0x00, 0x00, 0x00, 0x00, 0x00, 0x00, 0x00, 0x00, 0x00, } },
  { .id = 2699, .a = 1127, .b = 110, .token = {' ', 'd', 'i', 'd', 'n', 0x00, 0x00, 0x00, 0x00, 0x00, 0x00, 0x00, 0x00, 0x00, 0x00, 0x00, 0x00, 0x00, 0x00, 0x00, 0x00, 0x00, 0x00, 0x00, 0x00, 0x00, 0x00, 0x00, 0x00, 0x00, 0x00, 0x00, } },
  { .id = 2700, .a = 109, .b = 565, .token = {'m', 'b', 'e', 'r', 0x00, 0x00, 0x00, 0x00, 0x00, 0x00, 0x00, 0x00, 0x00, 0x00, 0x00, 0x00, 0x00, 0x00, 0x00, 0x00, 0x00, 0x00, 0x00, 0x00, 0x00, 0x00, 0x00, 0x00, 0x00, 0x00, 0x00, 0x00, } },
  { .id = 2701, .a = 300, .b = 329, .token = {' ', 'n', 'u', 't', 0x00, 0x00, 0x00, 0x00, 0x00, 0x00, 0x00, 0x00, 0x00, 0x00, 0x00, 0x00, 0x00, 0x00, 0x00, 0x00, 0x00, 0x00, 0x00, 0x00, 0x00, 0x00, 0x00, 0x00, 0x00, 0x00, 0x00, 0x00, } },
  { .id = 2702, .a = 308, .b = 283, .token = {' ', 'l', 'e', 'd', 0x00, 0x00, 0x00, 0x00, 0x00, 0x00, 0x00, 0x00, 0x00, 0x00, 0x00, 0x00, 0x00, 0x00, 0x00, 0x00, 0x00, 0x00, 0x00, 0x00, 0x00, 0x00, 0x00, 0x00, 0x00, 0x00, 0x00, 0x00, } },
  { .id = 2703, .a = 2034, .b = 813, .token = {' ', 'a', 'u', 'd', 'i', 'e', 'n', 'c', 'e', 0x00, 0x00, 0x00, 0x00, 0x00, 0x00, 0x00, 0x00, 0x00, 0x00, 0x00, 0x00, 0x00, 0x00, 0x00, 0x00, 0x00, 0x00, 0x00, 0x00, 0x00, 0x00, 0x00, } },
  { .id = 2704, .a = 269, .b = 285, .token = {' ', 'c', 'o', 'u', 0x00, 0x00, 0x00, 0x00, 0x00, 0x00, 0x00, 0x00, 0x00, 0x00, 0x00, 0x00, 0x00, 0x00, 0x00, 0x00, 0x00, 0x00, 0x00, 0x00, 0x00, 0x00, 0x00, 0x00, 0x00, 0x00, 0x00, 0x00, } },
  { .id = 2705, .a = 562, .b = 114, .token = {' ', 'O', 'r', 0x00, 0x00, 0x00, 0x00, 0x00, 0x00, 0x00, 0x00, 0x00, 0x00, 0x00, 0x00, 0x00, 0x00, 0x00, 0x00, 0x00, 0x00, 0x00, 0x00, 0x00, 0x00, 0x00, 0x00, 0x00, 0x00, 0x00, 0x00, 0x00, } },
  { .id = 2706, .a = 422, .b = 281, .token = {'i', 'l', 'l', 'i', 'o', 'n', 0x00, 0x00, 0x00, 0x00, 0x00, 0x00, 0x00, 0x00, 0x00, 0x00, 0x00, 0x00, 0x00, 0x00, 0x00, 0x00, 0x00, 0x00, 0x00, 0x00, 0x00, 0x00, 0x00, 0x00, 0x00, 0x00, } },
  { .id = 2707, .a = 955, .b = 108, .token = {' ', 't', 'r', 'a', 'n', 's', 'l', 0x00, 0x00, 0x00, 0x00, 0x00, 0x00, 0x00, 0x00, 0x00, 0x00, 0x00, 0x00, 0x00, 0x00, 0x00, 0x00, 0x00, 0x00, 0x00, 0x00, 0x00, 0x00, 0x00, 0x00, 0x00, } },
  { .id = 2708, .a = 1097, .b = 755, .token = {' ', 'c', 'h', 'e', 'c', 'k', 0x00, 0x00, 0x00, 0x00, 0x00, 0x00, 0x00, 0x00, 0x00, 0x00, 0x00, 0x00, 0x00, 0x00, 0x00, 0x00, 0x00, 0x00, 0x00, 0x00, 0x00, 0x00, 0x00, 0x00, 0x00, 0x00, } },
  { .id = 2709, .a = 696, .b = 968, .token = {' ', 's', 'c', 'i', 'e', 'n', 't', 0x00, 0x00, 0x00, 0x00, 0x00, 0x00, 0x00, 0x00, 0x00, 0x00, 0x00, 0x00, 0x00, 0x00, 0x00, 0x00, 0x00, 0x00, 0x00, 0x00, 0x00, 0x00, 0x00, 0x00, 0x00, } },
  { .id = 2710, .a = 1367, .b = 643, .token = {' ', 'I', 'n', 'd', 'i', 'a', 0x00, 0x00, 0x00, 0x00, 0x00, 0x00, 0x00, 0x00, 0x00, 0x00, 0x00, 0x00, 0x00, 0x00, 0x00, 0x00, 0x00, 0x00, 0x00, 0x00, 0x00, 0x00, 0x00, 0x00, 0x00, 0x00, } },
  { .id = 2711, .a = 259, .b = 2132, .token = {' ', 'a', 'v', 'e', 'r', 'a', 'g', 'e', 0x00, 0x00, 0x00, 0x00, 0x00, 0x00, 0x00, 0x00, 0x00, 0x00, 0x00, 0x00, 0x00, 0x00, 0x00, 0x00, 0x00, 0x00, 0x00, 0x00, 0x00, 0x00, 0x00, 0x00, } },
  { .id = 2712, .a = 103, .b = 117, .token = {'g', 'u', 0x00, 0x00, 0x00, 0x00, 0x00, 0x00, 0x00, 0x00, 0x00, 0x00, 0x00, 0x00, 0x00, 0x00, 0x00, 0x00, 0x00, 0x00, 0x00, 0x00, 0x00, 0x00, 0x00, 0x00, 0x00, 0x00, 0x00, 0x00, 0x00, 0x00, } },
  { .id = 2713, .a = 478, .b = 1827, .token = {' ', 'c', 'o', 'n', 't', 'r', 'a', 'd', 0x00, 0x00, 0x00, 0x00, 0x00, 0x00, 0x00, 0x00, 0x00, 0x00, 0x00, 0x00, 0x00, 0x00, 0x00, 0x00, 0x00, 0x00, 0x00, 0x00, 0x00, 0x00, 0x00, 0x00, } },
  { .id = 2714, .a = 999, .b = 342, .token = {' ', 'g', 'e', 'n', 'e', 'r', 'a', 't', 'e', 0x00, 0x00, 0x00, 0x00, 0x00, 0x00, 0x00, 0x00, 0x00, 0x00, 0x00, 0x00, 0x00, 0x00, 0x00, 0x00, 0x00, 0x00, 0x00, 0x00, 0x00, 0x00, 0x00, } },
  { .id = 2715, .a = 2353, .b = 1169, .token = {'l', 'e', 'v', 'i', 's', 'i', 'o', 'n', 0x00, 0x00, 0x00, 0x00, 0x00, 0x00, 0x00, 0x00, 0x00, 0x00, 0x00, 0x00, 0x00, 0x00, 0x00, 0x00, 0x00, 0x00, 0x00, 0x00, 0x00, 0x00, 0x00, 0x00, } },
  { .id = 2716, .a = 431, .b = 111, .token = {' ', 'D', 'o', 0x00, 0x00, 0x00, 0x00, 0x00, 0x00, 0x00, 0x00, 0x00, 0x00, 0x00, 0x00, 0x00, 0x00, 0x00, 0x00, 0x00, 0x00, 0x00, 0x00, 0x00, 0x00, 0x00, 0x00, 0x00, 0x00, 0x00, 0x00, 0x00, } },
  { .id = 2717, .a = 850, .b = 316, .token = {' ', 'c', 'o', 'r', 'r', 'e', 'c', 't', 'l', 'y', 0x00, 0x00, 0x00, 0x00, 0x00, 0x00, 0x00, 0x00, 0x00, 0x00, 0x00, 0x00, 0x00, 0x00, 0x00, 0x00, 0x00, 0x00, 0x00, 0x00, 0x00, 0x00, } },
  { .id = 2718, .a = 909, .b = 316, .token = {' ', 'h', 'i', 'g', 'h', 'l', 'y', 0x00, 0x00, 0x00, 0x00, 0x00, 0x00, 0x00, 0x00, 0x00, 0x00, 0x00, 0x00, 0x00, 0x00, 0x00, 0x00, 0x00, 0x00, 0x00, 0x00, 0x00, 0x00, 0x00, 0x00, 0x00, } },
  { .id = 2719, .a = 1315, .b = 643, .token = {' ', 'm', 'e', 'd', 'i', 'a', 0x00, 0x00, 0x00, 0x00, 0x00, 0x00, 0x00, 0x00, 0x00, 0x00, 0x00, 0x00, 0x00, 0x00, 0x00, 0x00, 0x00, 0x00, 0x00, 0x00, 0x00, 0x00, 0x00, 0x00, 0x00, 0x00, } },
  { .id = 2720, .a = 310, .b = 116, .token = {'i', 'l', 't', 0x00, 0x00, 0x00, 0x00, 0x00, 0x00, 0x00, 0x00, 0x00, 0x00, 0x00, 0x00, 0x00, 0x00, 0x00, 0x00, 0x00, 0x00, 0x00, 0x00, 0x00, 0x00, 0x00, 0x00, 0x00, 0x00, 0x00, 0x00, 0x00, } },
  { .id = 2721, .a = 397, .b = 98, .token = {'u', 'm', 'b', 0x00, 0x00, 0x00, 0x00, 0x00, 0x00, 0x00, 0x00, 0x00, 0x00, 0x00, 0x00, 0x00, 0x00, 0x00, 0x00, 0x00, 0x00, 0x00, 0x00, 0x00, 0x00, 0x00, 0x00, 0x00, 0x00, 0x00, 0x00, 0x00, } },
  { .id = 2722, .a = 824, .b = 2220, .token = {' ', 'c', 'a', 'r', 'b', 'o', 'n', 0x00, 0x00, 0x00, 0x00, 0x00, 0x00, 0x00, 0x00, 0x00, 0x00, 0x00, 0x00, 0x00, 0x00, 0x00, 0x00, 0x00, 0x00, 0x00, 0x00, 0x00, 0x00, 0x00, 0x00, 0x00, } },
  { .id = 2723, .a = 1436, .b = 117, .token = {' ', 'c', 'o', 'n', 't', 'i', 'n', 'u', 0x00, 0x00, 0x00, 0x00, 0x00, 0x00, 0x00, 0x00, 0x00, 0x00, 0x00, 0x00, 0x00, 0x00, 0x00, 0x00, 0x00, 0x00, 0x00, 0x00, 0x00, 0x00, 0x00, 0x00, } },
  { .id = 2724, .a = 116, .b = 870, .token = {'t', 'r', 'a', 'c', 't', 0x00, 0x00, 0x00, 0x00, 0x00, 0x00, 0x00, 0x00, 0x00, 0x00, 0x00, 0x00, 0x00, 0x00, 0x00, 0x00, 0x00, 0x00, 0x00, 0x00, 0x00, 0x00, 0x00, 0x00, 0x00, 0x00, 0x00, } },
  { .id = 2725, .a = 1840, .b = 683, .token = {' ', 'e', 'x', 'p', 'e', 'r', 'i', 'e', 'n', 'c', 'e', 's', 0x00, 0x00, 0x00, 0x00, 0x00, 0x00, 0x00, 0x00, 0x00, 0x00, 0x00, 0x00, 0x00, 0x00, 0x00, 0x00, 0x00, 0x00, 0x00, 0x00, } },
  { .id = 2726, .a = 282, .b = 102, .token = {'a', 'l', 'f', 0x00, 0x00, 0x00, 0x00, 0x00, 0x00, 0x00, 0x00, 0x00, 0x00, 0x00, 0x00, 0x00, 0x00, 0x00, 0x00, 0x00, 0x00, 0x00, 0x00, 0x00, 0x00, 0x00, 0x00, 0x00, 0x00, 0x00, 0x00, 0x00, } },
  { .id = 2727, .a = 313, .b = 294, .token = {'e', 't', 'i', 'c', 0x00, 0x00, 0x00, 0x00, 0x00, 0x00, 0x00, 0x00, 0x00, 0x00, 0x00, 0x00, 0x00, 0x00, 0x00, 0x00, 0x00, 0x00, 0x00, 0x00, 0x00, 0x00, 0x00, 0x00, 0x00, 0x00, 0x00, 0x00, } },
  { .id = 2728, .a = 846, .b = 348, .token = {' ', 'o', 'f', 'f', 'e', 'r', 's', 0x00, 0x00, 0x00, 0x00, 0x00, 0x00, 0x00, 0x00, 0x00, 0x00, 0x00, 0x00, 0x00, 0x00, 0x00, 0x00, 0x00, 0x00, 0x00, 0x00, 0x00, 0x00, 0x00, 0x00, 0x00, } },
  { .id = 2729, .a = 1774, .b = 601, .token = {'b', 'o', 'a', 'r', 'd', 0x00, 0x00, 0x00, 0x00, 0x00, 0x00, 0x00, 0x00, 0x00, 0x00, 0x00, 0x00, 0x00, 0x00, 0x00, 0x00, 0x00, 0x00, 0x00, 0x00, 0x00, 0x00, 0x00, 0x00, 0x00, 0x00, 0x00, } },
  { .id = 2730, .a = 1453, .b = 121, .token = {' ', 'e', 'a', 's', 'y', 0x00, 0x00, 0x00, 0x00, 0x00, 0x00, 0x00, 0x00, 0x00, 0x00, 0x00, 0x00, 0x00, 0x00, 0x00, 0x00, 0x00, 0x00, 0x00, 0x00, 0x00, 0x00, 0x00, 0x00, 0x00, 0x00, 0x00, } },
  { .id = 2731, .a = 1573, .b = 115, .token = {' ', 'l', 'e', 'v', 'e', 'l', 's', 0x00, 0x00, 0x00, 0x00, 0x00, 0x00, 0x00, 0x00, 0x00, 0x00, 0x00, 0x00, 0x00, 0x00, 0x00, 0x00, 0x00, 0x00, 0x00, 0x00, 0x00, 0x00, 0x00, 0x00, 0x00, } },
  { .id = 2732, .a = 103, .b = 275, .token = {'g', 'i', 'n', 'g', 0x00, 0x00, 0x00, 0x00, 0x00, 0x00, 0x00, 0x00, 0x00, 0x00, 0x00, 0x00, 0x00, 0x00, 0x00, 0x00, 0x00, 0x00, 0x00, 0x00, 0x00, 0x00, 0x00, 0x00, 0x00, 0x00, 0x00, 0x00, } },
  { .id = 2733, .a = 111, .b = 262, .token = {'o', 'o', 'n', 0x00, 0x00, 0x00, 0x00, 0x00, 0x00, 0x00, 0x00, 0x00, 0x00, 0x00, 0x00, 0x00, 0x00, 0x00, 0x00, 0x00, 0x00, 0x00, 0x00, 0x00, 0x00, 0x00, 0x00, 0x00, 0x00, 0x00, 0x00, 0x00, } },
  { .id = 2734, .a = 451, .b = 344, .token = {' ', 'R', 'e', 'p', 0x00, 0x00, 0x00, 0x00, 0x00, 0x00, 0x00, 0x00, 0x00, 0x00, 0x00, 0x00, 0x00, 0x00, 0x00, 0x00, 0x00, 0x00, 0x00, 0x00, 0x00, 0x00, 0x00, 0x00, 0x00, 0x00, 0x00, 0x00, } },
  { .id = 2735, .a = 273, .b = 436, .token = {' ', 'w', 'a', 'l', 'l', 0x00, 0x00, 0x00, 0x00, 0x00, 0x00, 0x00, 0x00, 0x00, 0x00, 0x00, 0x00, 0x00, 0x00, 0x00, 0x00, 0x00, 0x00, 0x00, 0x00, 0x00, 0x00, 0x00, 0x00, 0x00, 0x00, 0x00, } },
  { .id = 2736, .a = 424, .b = 363, .token = {' ', 'r', 'u', 'l', 0x00, 0x00, 0x00, 0x00, 0x00, 0x00, 0x00, 0x00, 0x00, 0x00, 0x00, 0x00, 0x00, 0x00, 0x00, 0x00, 0x00, 0x00, 0x00, 0x00, 0x00, 0x00, 0x00, 0x00, 0x00, 0x00, 0x00, 0x00, } },
  { .id = 2737, .a = 947, .b = 480, .token = {' ', 's', 'i', 'm', 'p', 'l', 0x00, 0x00, 0x00, 0x00, 0x00, 0x00, 0x00, 0x00, 0x00, 0x00, 0x00, 0x00, 0x00, 0x00, 0x00, 0x00, 0x00, 0x00, 0x00, 0x00, 0x00, 0x00, 0x00, 0x00, 0x00, 0x00, } },
  { .id = 2738, .a = 1078, .b = 483, .token = {'o', 'l', 'o', 'g', 'i', 'c', 'a', 'l', 0x00, 0x00, 0x00, 0x00, 0x00, 0x00, 0x00, 0x00, 0x00, 0x00, 0x00, 0x00, 0x00, 0x00, 0x00, 0x00, 0x00, 0x00, 0x00, 0x00, 0x00, 0x00, 0x00, 0x00, } },
  { .id = 2739, .a = 300, .b = 900, .token = {' ', 'n', 'a', 't', 'i', 'o', 'n', 'a', 'l', 0x00, 0x00, 0x00, 0x00, 0x00, 0x00, 0x00, 0x00, 0x00, 0x00, 0x00, 0x00, 0x00, 0x00, 0x00, 0x00, 0x00, 0x00, 0x00, 0x00, 0x00, 0x00, 0x00, } },
  { .id = 2740, .a = 315, .b = 283, .token = {'i', 'd', 'e', 'd', 0x00, 0x00, 0x00, 0x00, 0x00, 0x00, 0x00, 0x00, 0x00, 0x00, 0x00, 0x00, 0x00, 0x00, 0x00, 0x00, 0x00, 0x00, 0x00, 0x00, 0x00, 0x00, 0x00, 0x00, 0x00, 0x00, 0x00, 0x00, } },
  { .id = 2741, .a = 273, .b = 555, .token = {' ', 'w', 'o', 'o', 'd', 0x00, 0x00, 0x00, 0x00, 0x00, 0x00, 0x00, 0x00, 0x00, 0x00, 0x00, 0x00, 0x00, 0x00, 0x00, 0x00, 0x00, 0x00, 0x00, 0x00, 0x00, 0x00, 0x00, 0x00, 0x00, 0x00, 0x00, } },
  { .id = 2742, .a = 354, .b = 631, .token = {' ', 'C', 'o', 'u', 'n', 't', 0x00, 0x00, 0x00, 0x00, 0x00, 0x00, 0x00, 0x00, 0x00, 0x00, 0x00, 0x00, 0x00, 0x00, 0x00, 0x00, 0x00, 0x00, 0x00, 0x00, 0x00, 0x00, 0x00, 0x00, 0x00, 0x00, } },
  { .id = 2743, .a = 2419, .b = 282, .token = {' ', 'g', 'l', 'o', 'b', 'a', 'l', 0x00, 0x00, 0x00, 0x00, 0x00, 0x00, 0x00, 0x00, 0x00, 0x00, 0x00, 0x00, 0x00, 0x00, 0x00, 0x00, 0x00, 0x00, 0x00, 0x00, 0x00, 0x00, 0x00, 0x00, 0x00, } },
  { .id = 2744, .a = 99, .b = 258, .token = {'c', 'h', 'e', 0x00, 0x00, 0x00, 0x00, 0x00, 0x00, 0x00, 0x00, 0x00, 0x00, 0x00, 0x00, 0x00, 0x00, 0x00, 0x00, 0x00, 0x00, 0x00, 0x00, 0x00, 0x00, 0x00, 0x00, 0x00, 0x00, 0x00, 0x00, 0x00, } },
  { .id = 2745, .a = 1544, .b = 1799, .token = {' ', 'p', 'r', 'i', 'm', 'a', 'r', 'i', 'l', 'y', 0x00, 0x00, 0x00, 0x00, 0x00, 0x00, 0x00, 0x00, 0x00, 0x00, 0x00, 0x00, 0x00, 0x00, 0x00, 0x00, 0x00, 0x00, 0x00, 0x00, 0x00, 0x00, } },
  { .id = 2746, .a = 308, .b = 1135, .token = {' ', 'l', 'i', 'v', 'e', 's', 0x00, 0x00, 0x00, 0x00, 0x00, 0x00, 0x00, 0x00, 0x00, 0x00, 0x00, 0x00, 0x00, 0x00, 0x00, 0x00, 0x00, 0x00, 0x00, 0x00, 0x00, 0x00, 0x00, 0x00, 0x00, 0x00, } },
  { .id = 2747, .a = 336, .b = 428, .token = {'i', 'f', 'i', 'e', 's', 0x00, 0x00, 0x00, 0x00, 0x00, 0x00, 0x00, 0x00, 0x00, 0x00, 0x00, 0x00, 0x00, 0x00, 0x00, 0x00, 0x00, 0x00, 0x00, 0x00, 0x00, 0x00, 0x00, 0x00, 0x00, 0x00, 0x00, } },
  { .id = 2748, .a = 999, .b = 757, .token = {' ', 'g', 'e', 'n', 'e', 'r', 'a', 'l', 'l', 'y', 0x00, 0x00, 0x00, 0x00, 0x00, 0x00, 0x00, 0x00, 0x00, 0x00, 0x00, 0x00, 0x00, 0x00, 0x00, 0x00, 0x00, 0x00, 0x00, 0x00, 0x00, 0x00, } },
  { .id = 2749, .a = 671, .b = 115, .token = {' ', 'p', 'a', 'r', 't', 's', 0x00, 0x00, 0x00, 0x00, 0x00, 0x00, 0x00, 0x00, 0x00, 0x00, 0x00, 0x00, 0x00, 0x00, 0x00, 0x00, 0x00, 0x00, 0x00, 0x00, 0x00, 0x00, 0x00, 0x00, 0x00, 0x00, } },
  { .id = 2750, .a = 972, .b = 601, .token = {' ', 'r', 'e', 'g', 'a', 'r', 'd', 0x00, 0x00, 0x00, 0x00, 0x00, 0x00, 0x00, 0x00, 0x00, 0x00, 0x00, 0x00, 0x00, 0x00, 0x00, 0x00, 0x00, 0x00, 0x00, 0x00, 0x00, 0x00, 0x00, 0x00, 0x00, } },
  { .id = 2751, .a = 317, .b = 115, .token = {'o', 'w', 's', 0x00, 0x00, 0x00, 0x00, 0x00, 0x00, 0x00, 0x00, 0x00, 0x00, 0x00, 0x00, 0x00, 0x00, 0x00, 0x00, 0x00, 0x00, 0x00, 0x00, 0x00, 0x00, 0x00, 0x00, 0x00, 0x00, 0x00, 0x00, 0x00, } },
  { .id = 2752, .a = 1497, .b = 1093, .token = {' ', 'e', 'm', 'o', 't', 'i', 'o', 'n', 'a', 'l', 0x00, 0x00, 0x00, 0x00, 0x00, 0x00, 0x00, 0x00, 0x00, 0x00, 0x00, 0x00, 0x00, 0x00, 0x00, 0x00, 0x00, 0x00, 0x00, 0x00, 0x00, 0x00, } },
  { .id = 2753, .a = 108, .b = 263, .token = {'l', 'e', 'r', 0x00, 0x00, 0x00, 0x00, 0x00, 0x00, 0x00, 0x00, 0x00, 0x00, 0x00, 0x00, 0x00, 0x00, 0x00, 0x00, 0x00, 0x00, 0x00, 0x00, 0x00, 0x00, 0x00, 0x00, 0x00, 0x00, 0x00, 0x00, 0x00, } },
  { .id = 2754, .a = 268, .b = 730, .token = {'a', 't', 'o', 'r', 's', 0x00, 0x00, 0x00, 0x00, 0x00, 0x00, 0x00, 0x00, 0x00, 0x00, 0x00, 0x00, 0x00, 0x00, 0x00, 0x00, 0x00, 0x00, 0x00, 0x00, 0x00, 0x00, 0x00, 0x00, 0x00, 0x00, 0x00, } },
  { .id = 2755, .a = 1767, .b = 290, .token = {' ', 's', 'c', 'e', 'n', 'a', 'r', 0x00, 0x00, 0x00, 0x00, 0x00, 0x00, 0x00, 0x00, 0x00, 0x00, 0x00, 0x00, 0x00, 0x00, 0x00, 0x00, 0x00, 0x00, 0x00, 0x00, 0x00, 0x00, 0x00, 0x00, 0x00, } },
  { .id = 2756, .a = 109, .b = 97, .token = {'m', 'a', 0x00, 0x00, 0x00, 0x00, 0x00, 0x00, 0x00, 0x00, 0x00, 0x00, 0x00, 0x00, 0x00, 0x00, 0x00, 0x00, 0x00, 0x00, 0x00, 0x00, 0x00, 0x00, 0x00, 0x00, 0x00, 0x00, 0x00, 0x00, 0x00, 0x00, } },
  { .id = 2757, .a = 1994, .b = 1182, .token = {' ', 'e', 's', 't', 'a', 'b', 'l', 'i', 's', 'h', 0x00, 0x00, 0x00, 0x00, 0x00, 0x00, 0x00, 0x00, 0x00, 0x00, 0x00, 0x00, 0x00, 0x00, 0x00, 0x00, 0x00, 0x00, 0x00, 0x00, 0x00, 0x00, } },
  { .id = 2758, .a = 32, .b = 117, .token = {' ', 'u', 0x00, 0x00, 0x00, 0x00, 0x00, 0x00, 0x00, 0x00, 0x00, 0x00, 0x00, 0x00, 0x00, 0x00, 0x00, 0x00, 0x00, 0x00, 0x00, 0x00, 0x00, 0x00, 0x00, 0x00, 0x00, 0x00, 0x00, 0x00, 0x00, 0x00, } },
  { .id = 2759, .a = 319, .b = 290, .token = {' ', 's', 't', 'a', 'r', 0x00, 0x00, 0x00, 0x00, 0x00, 0x00, 0x00, 0x00, 0x00, 0x00, 0x00, 0x00, 0x00, 0x00, 0x00, 0x00, 0x00, 0x00, 0x00, 0x00, 0x00, 0x00, 0x00, 0x00, 0x00, 0x00, 0x00, } },
  { .id = 2760, .a = 336, .b = 363, .token = {'i', 'f', 'u', 'l', 0x00, 0x00, 0x00, 0x00, 0x00, 0x00, 0x00, 0x00, 0x00, 0x00, 0x00, 0x00, 0x00, 0x00, 0x00, 0x00, 0x00, 0x00, 0x00, 0x00, 0x00, 0x00, 0x00, 0x00, 0x00, 0x00, 0x00, 0x00, } },
  { .id = 2761, .a = 262, .b = 121, .token = {'o', 'n', 'y', 0x00, 0x00, 0x00, 0x00, 0x00, 0x00, 0x00, 0x00, 0x00, 0x00, 0x00, 0x00, 0x00, 0x00, 0x00, 0x00, 0x00, 0x00, 0x00, 0x00, 0x00, 0x00, 0x00, 0x00, 0x00, 0x00, 0x00, 0x00, 0x00, } },
  { .id = 2762, .a = 280, .b = 295, .token = {' ', 'b', 'a', 's', 0x00, 0x00, 0x00, 0x00, 0x00, 0x00, 0x00, 0x00, 0x00, 0x00, 0x00, 0x00, 0x00, 0x00, 0x00, 0x00, 0x00, 0x00, 0x00, 0x00, 0x00, 0x00, 0x00, 0x00, 0x00, 0x00, 0x00, 0x00, } },
  { .id = 2763, .a = 533, .b = 115, .token = {' ', 'f', 'o', 'l', 'l', 'o', 'w', 's', 0x00, 0x00, 0x00, 0x00, 0x00, 0x00, 0x00, 0x00, 0x00, 0x00, 0x00, 0x00, 0x00, 0x00, 0x00, 0x00, 0x00, 0x00, 0x00, 0x00, 0x00, 0x00, 0x00, 0x00, } },
  { .id = 2764, .a = 540, .b = 109, .token = {' ', 'a', 'd', 'm', 0x00, 0x00, 0x00, 0x00, 0x00, 0x00, 0x00, 0x00, 0x00, 0x00, 0x00, 0x00, 0x00, 0x00, 0x00, 0x00, 0x00, 0x00, 0x00, 0x00, 0x00, 0x00, 0x00, 0x00, 0x00, 0x00, 0x00, 0x00, } },
  { .id = 2765, .a = 418, .b = 283, .token = {'a', 'c', 'e', 'd', 0x00, 0x00, 0x00, 0x00, 0x00, 0x00, 0x00, 0x00, 0x00, 0x00, 0x00, 0x00, 0x00, 0x00, 0x00, 0x00, 0x00, 0x00, 0x00, 0x00, 0x00, 0x00, 0x00, 0x00, 0x00, 0x00, 0x00, 0x00, } },
  { .id = 2766, .a = 557, .b = 294, .token = {'a', 's', 't', 'i', 'c', 0x00, 0x00, 0x00, 0x00, 0x00, 0x00, 0x00, 0x00, 0x00, 0x00, 0x00, 0x00, 0x00, 0x00, 0x00, 0x00, 0x00, 0x00, 0x00, 0x00, 0x00, 0x00, 0x00, 0x00, 0x00, 0x00, 0x00, } },
  { .id = 2767, .a = 689, .b = 1526, .token = {' ', 'g', 'r', 'a', 'm', 'm', 0x00, 0x00, 0x00, 0x00, 0x00, 0x00, 0x00, 0x00, 0x00, 0x00, 0x00, 0x00, 0x00, 0x00, 0x00, 0x00, 0x00, 0x00, 0x00, 0x00, 0x00, 0x00, 0x00, 0x00, 0x00, 0x00, } },
  { .id = 2768, .a = 103, .b = 283, .token = {'g', 'e', 'd', 0x00, 0x00, 0x00, 0x00, 0x00, 0x00, 0x00, 0x00, 0x00, 0x00, 0x00, 0x00, 0x00, 0x00, 0x00, 0x00, 0x00, 0x00, 0x00, 0x00, 0x00, 0x00, 0x00, 0x00, 0x00, 0x00, 0x00, 0x00, 0x00, } },
  { .id = 2769, .a = 620, .b = 2230, .token = {' ', 'Y', 'o', 'r', 'k', 0x00, 0x00, 0x00, 0x00, 0x00, 0x00, 0x00, 0x00, 0x00, 0x00, 0x00, 0x00, 0x00, 0x00, 0x00, 0x00, 0x00, 0x00, 0x00, 0x00, 0x00, 0x00, 0x00, 0x00, 0x00, 0x00, 0x00, } },
  { .id = 2770, .a = 539, .b = 316, .token = {'a', 'b', 'l', 'y', 0x00, 0x00, 0x00, 0x00, 0x00, 0x00, 0x00, 0x00, 0x00, 0x00, 0x00, 0x00, 0x00, 0x00, 0x00, 0x00, 0x00, 0x00, 0x00, 0x00, 0x00, 0x00, 0x00, 0x00, 0x00, 0x00, 0x00, 0x00, } },
  { .id = 2771, .a = 478, .b = 1377, .token = {' ', 'c', 'o', 'n', 't', 'a', 'i', 'n', 's', 0x00, 0x00, 0x00, 0x00, 0x00, 0x00, 0x00, 0x00, 0x00, 0x00, 0x00, 0x00, 0x00, 0x00, 0x00, 0x00, 0x00, 0x00, 0x00, 0x00, 0x00, 0x00, 0x00, } },
  { .id = 2772, .a = 1730, .b = 115, .token = {' ', 'c', 'e', 'l', 'l', 's', 0x00, 0x00, 0x00, 0x00, 0x00, 0x00, 0x00, 0x00, 0x00, 0x00, 0x00, 0x00, 0x00, 0x00, 0x00, 0x00, 0x00, 0x00, 0x00, 0x00, 0x00, 0x00, 0x00, 0x00, 0x00, 0x00, } },
  { .id = 2773, .a = 619, .b = 2351, .token = {' ', 'i', 'n', 'd', 'e', 'e', 'd', 0x00, 0x00, 0x00, 0x00, 0x00, 0x00, 0x00, 0x00, 0x00, 0x00, 0x00, 0x00, 0x00, 0x00, 0x00, 0x00, 0x00, 0x00, 0x00, 0x00, 0x00, 0x00, 0x00, 0x00, 0x00, } },
  { .id = 2774, .a = 82, .b = 101, .token = {'R', 'e', 0x00, 0x00, 0x00, 0x00, 0x00, 0x00, 0x00, 0x00, 0x00, 0x00, 0x00, 0x00, 0x00, 0x00, 0x00, 0x00, 0x00, 0x00, 0x00, 0x00, 0x00, 0x00, 0x00, 0x00, 0x00, 0x00, 0x00, 0x00, 0x00, 0x00, } },
  { .id = 2775, .a = 263, .b = 643, .token = {'e', 'r', 'i', 'a', 0x00, 0x00, 0x00, 0x00, 0x00, 0x00, 0x00, 0x00, 0x00, 0x00, 0x00, 0x00, 0x00, 0x00, 0x00, 0x00, 0x00, 0x00, 0x00, 0x00, 0x00, 0x00, 0x00, 0x00, 0x00, 0x00, 0x00, 0x00, } },
  { .id = 2776, .a = 32, .b = 270, .token = {' ', 'e', 's', 0x00, 0x00, 0x00, 0x00, 0x00, 0x00, 0x00, 0x00, 0x00, 0x00, 0x00, 0x00, 0x00, 0x00, 0x00, 0x00, 0x00, 0x00, 0x00, 0x00, 0x00, 0x00, 0x00, 0x00, 0x00, 0x00, 0x00, 0x00, 0x00, } },
  { .id = 2777, .a = 407, .b = 835, .token = {' ', 'P', 'r', 'e', 's', 0x00, 0x00, 0x00, 0x00, 0x00, 0x00, 0x00, 0x00, 0x00, 0x00, 0x00, 0x00, 0x00, 0x00, 0x00, 0x00, 0x00, 0x00, 0x00, 0x00, 0x00, 0x00, 0x00, 0x00, 0x00, 0x00, 0x00, } },
  { .id = 2778, .a = 445, .b = 100, .token = {'u', 'r', 'e', 'd', 0x00, 0x00, 0x00, 0x00, 0x00, 0x00, 0x00, 0x00, 0x00, 0x00, 0x00, 0x00, 0x00, 0x00, 0x00, 0x00, 0x00, 0x00, 0x00, 0x00, 0x00, 0x00, 0x00, 0x00, 0x00, 0x00, 0x00, 0x00, } },
  { .id = 2779, .a = 1373, .b = 337, .token = {' ', 's', 't', 'r', 'e', 'a', 'm', 0x00, 0x00, 0x00, 0x00, 0x00, 0x00, 0x00, 0x00, 0x00, 0x00, 0x00, 0x00, 0x00, 0x00, 0x00, 0x00, 0x00, 0x00, 0x00, 0x00, 0x00, 0x00, 0x00, 0x00, 0x00, } },
  { .id = 2780, .a = 651, .b = 348, .token = {' ', 'p', 'l', 'a', 'y', 'e', 'r', 's', 0x00, 0x00, 0x00, 0x00, 0x00, 0x00, 0x00, 0x00, 0x00, 0x00, 0x00, 0x00, 0x00, 0x00, 0x00, 0x00, 0x00, 0x00, 0x00, 0x00, 0x00, 0x00, 0x00, 0x00, } },
  { .id = 2781, .a = 81, .b = 117, .token = {'Q', 'u', 0x00, 0x00, 0x00, 0x00, 0x00, 0x00, 0x00, 0x00, 0x00, 0x00, 0x00, 0x00, 0x00, 0x00, 0x00, 0x00, 0x00, 0x00, 0x00, 0x00, 0x00, 0x00, 0x00, 0x00, 0x00, 0x00, 0x00, 0x00, 0x00, 0x00, } },
  { .id = 2782, .a = 354, .b = 2146, .token = {' ', 'C', 'o', 'n', 's', 'i', 'd', 'e', 'r', 0x00, 0x00, 0x00, 0x00, 0x00, 0x00, 0x00, 0x00, 0x00, 0x00, 0x00, 0x00, 0x00, 0x00, 0x00, 0x00, 0x00, 0x00, 0x00, 0x00, 0x00, 0x00, 0x00, } },
  { .id = 2783, .a = 535, .b = 116, .token = {'o', 'u', 'g', 'h', 't', 0x00, 0x00, 0x00, 0x00, 0x00, 0x00, 0x00, 0x00, 0x00, 0x00, 0x00, 0x00, 0x00, 0x00, 0x00, 0x00, 0x00, 0x00, 0x00, 0x00, 0x00, 0x00, 0x00, 0x00, 0x00, 0x00, 0x00, } },
  { .id = 2784, .a = 266, .b = 323, .token = {'r', 'e', 's', 't', 0x00, 0x00, 0x00, 0x00, 0x00, 0x00, 0x00, 0x00, 0x00, 0x00, 0x00, 0x00, 0x00, 0x00, 0x00, 0x00, 0x00, 0x00, 0x00, 0x00, 0x00, 0x00, 0x00, 0x00, 0x00, 0x00, 0x00, 0x00, } },
  { .id = 2785, .a = 1362, .b = 1051, .token = {' ', 'p', 'h', 'r', 'a', 's', 'e', 's', 0x00, 0x00, 0x00, 0x00, 0x00, 0x00, 0x00, 0x00, 0x00, 0x00, 0x00, 0x00, 0x00, 0x00, 0x00, 0x00, 0x00, 0x00, 0x00, 0x00, 0x00, 0x00, 0x00, 0x00, } },
  { .id = 2786, .a = 299, .b = 278, .token = {' ', 'h', 'o', 'r', 0x00, 0x00, 0x00, 0x00, 0x00, 0x00, 0x00, 0x00, 0x00, 0x00, 0x00, 0x00, 0x00, 0x00, 0x00, 0x00, 0x00, 0x00, 0x00, 0x00, 0x00, 0x00, 0x00, 0x00, 0x00, 0x00, 0x00, 0x00, } },
  { .id = 2787, .a = 276, .b = 582, .token = {'i', 't', 'a', 'r', 'y', 0x00, 0x00, 0x00, 0x00, 0x00, 0x00, 0x00, 0x00, 0x00, 0x00, 0x00, 0x00, 0x00, 0x00, 0x00, 0x00, 0x00, 0x00, 0x00, 0x00, 0x00, 0x00, 0x00, 0x00, 0x00, 0x00, 0x00, } },
  { .id = 2788, .a = 455, .b = 101, .token = {'u', 'd', 'e', 0x00, 0x00, 0x00, 0x00, 0x00, 0x00, 0x00, 0x00, 0x00, 0x00, 0x00, 0x00, 0x00, 0x00, 0x00, 0x00, 0x00, 0x00, 0x00, 0x00, 0x00, 0x00, 0x00, 0x00, 0x00, 0x00, 0x00, 0x00, 0x00, } },
  { .id = 2789, .a = 1716, .b = 745, .token = {'T', 'h', 'e', 'r', 'e', 'f', 'o', 'r', 'e', 0x00, 0x00, 0x00, 0x00, 0x00, 0x00, 0x00, 0x00, 0x00, 0x00, 0x00, 0x00, 0x00, 0x00, 0x00, 0x00, 0x00, 0x00, 0x00, 0x00, 0x00, 0x00, 0x00, } },
  { .id = 2790, .a = 437, .b = 430, .token = {' ', 's', 'e', 'e', 'm', 0x00, 0x00, 0x00, 0x00, 0x00, 0x00, 0x00, 0x00, 0x00, 0x00, 0x00, 0x00, 0x00, 0x00, 0x00, 0x00, 0x00, 0x00, 0x00, 0x00, 0x00, 0x00, 0x00, 0x00, 0x00, 0x00, 0x00, } },
  { .id = 2791, .a = 515, .b = 569, .token = {' ', 'k', 'i', 'n', 'd', 0x00, 0x00, 0x00, 0x00, 0x00, 0x00, 0x00, 0x00, 0x00, 0x00, 0x00, 0x00, 0x00, 0x00, 0x00, 0x00, 0x00, 0x00, 0x00, 0x00, 0x00, 0x00, 0x00, 0x00, 0x00, 0x00, 0x00, } },
  { .id = 2792, .a = 465, .b = 783, .token = {' ', 'd', 'e', 'c', 'r', 'e', 0x00, 0x00, 0x00, 0x00, 0x00, 0x00, 0x00, 0x00, 0x00, 0x00, 0x00, 0x00, 0x00, 0x00, 0x00, 0x00, 0x00, 0x00, 0x00, 0x00, 0x00, 0x00, 0x00, 0x00, 0x00, 0x00, } },
  { .id = 2793, .a = 272, .b = 310, .token = {' ', 'o', 'i', 'l', 0x00, 0x00, 0x00, 0x00, 0x00, 0x00, 0x00, 0x00, 0x00, 0x00, 0x00, 0x00, 0x00, 0x00, 0x00, 0x00, 0x00, 0x00, 0x00, 0x00, 0x00, 0x00, 0x00, 0x00, 0x00, 0x00, 0x00, 0x00, } },
  { .id = 2794, .a = 110, .b = 121, .token = {'n', 'y', 0x00, 0x00, 0x00, 0x00, 0x00, 0x00, 0x00, 0x00, 0x00, 0x00, 0x00, 0x00, 0x00, 0x00, 0x00, 0x00, 0x00, 0x00, 0x00, 0x00, 0x00, 0x00, 0x00, 0x00, 0x00, 0x00, 0x00, 0x00, 0x00, 0x00, } },
  { .id = 2795, .a = 265, .b = 447, .token = {' ', 's', 'l', 'o', 'w', 0x00, 0x00, 0x00, 0x00, 0x00, 0x00, 0x00, 0x00, 0x00, 0x00, 0x00, 0x00, 0x00, 0x00, 0x00, 0x00, 0x00, 0x00, 0x00, 0x00, 0x00, 0x00, 0x00, 0x00, 0x00, 0x00, 0x00, } },
  { .id = 2796, .a = 1141, .b = 554, .token = {' ', 't', 'a', 'l', 'k', 's', 0x00, 0x00, 0x00, 0x00, 0x00, 0x00, 0x00, 0x00, 0x00, 0x00, 0x00, 0x00, 0x00, 0x00, 0x00, 0x00, 0x00, 0x00, 0x00, 0x00, 0x00, 0x00, 0x00, 0x00, 0x00, 0x00, } },
  { .id = 2797, .a = 257, .b = 2627, .token = {' ', 't', 'a', 'r', 'g', 'e', 't', 0x00, 0x00, 0x00, 0x00, 0x00, 0x00, 0x00, 0x00, 0x00, 0x00, 0x00, 0x00, 0x00, 0x00, 0x00, 0x00, 0x00, 0x00, 0x00, 0x00, 0x00, 0x00, 0x00, 0x00, 0x00, } },
  { .id = 2798, .a = 424, .b = 1040, .token = {' ', 'r', 'i', 'v', 'e', 'r', 's', 0x00, 0x00, 0x00, 0x00, 0x00, 0x00, 0x00, 0x00, 0x00, 0x00, 0x00, 0x00, 0x00, 0x00, 0x00, 0x00, 0x00, 0x00, 0x00, 0x00, 0x00, 0x00, 0x00, 0x00, 0x00, } },
  { .id = 2799, .a = 101, .b = 278, .token = {'e', 'o', 'r', 0x00, 0x00, 0x00, 0x00, 0x00, 0x00, 0x00, 0x00, 0x00, 0x00, 0x00, 0x00, 0x00, 0x00, 0x00, 0x00, 0x00, 0x00, 0x00, 0x00, 0x00, 0x00, 0x00, 0x00, 0x00, 0x00, 0x00, 0x00, 0x00, } },
  { .id = 2800, .a = 50, .b = 51, .token = {'2', '3', 0x00, 0x00, 0x00, 0x00, 0x00, 0x00, 0x00, 0x00, 0x00, 0x00, 0x00, 0x00, 0x00, 0x00, 0x00, 0x00, 0x00, 0x00, 0x00, 0x00, 0x00, 0x00, 0x00, 0x00, 0x00, 0x00, 0x00, 0x00, 0x00, 0x00, } },
  { .id = 2801, .a = 1006, .b = 2492, .token = {' ', 's', 'u', 'r', 'r', 'o', 'u', 'n', 'd', 0x00, 0x00, 0x00, 0x00, 0x00, 0x00, 0x00, 0x00, 0x00, 0x00, 0x00, 0x00, 0x00, 0x00, 0x00, 0x00, 0x00, 0x00, 0x00, 0x00, 0x00, 0x00, 0x00, } },
  { .id = 2802, .a = 282, .b = 275, .token = {'a', 'l', 'i', 'n', 'g', 0x00, 0x00, 0x00, 0x00, 0x00, 0x00, 0x00, 0x00, 0x00, 0x00, 0x00, 0x00, 0x00, 0x00, 0x00, 0x00, 0x00, 0x00, 0x00, 0x00, 0x00, 0x00, 0x00, 0x00, 0x00, 0x00, 0x00, } },
  { .id = 2803, .a = 287, .b = 1227, .token = {' ', 'm', 'i', 'x', 0x00, 0x00, 0x00, 0x00, 0x00, 0x00, 0x00, 0x00, 0x00, 0x00, 0x00, 0x00, 0x00, 0x00, 0x00, 0x00, 0x00, 0x00, 0x00, 0x00, 0x00, 0x00, 0x00, 0x00, 0x00, 0x00, 0x00, 0x00, } },
  { .id = 2804, .a = 267, .b = 270, .token = {'i', 's', 'e', 's', 0x00, 0x00, 0x00, 0x00, 0x00, 0x00, 0x00, 0x00, 0x00, 0x00, 0x00, 0x00, 0x00, 0x00, 0x00, 0x00, 0x00, 0x00, 0x00, 0x00, 0x00, 0x00, 0x00, 0x00, 0x00, 0x00, 0x00, 0x00, } },
  { .id = 2805, .a = 1543, .b = 481, .token = {' ', 'i', 's', 's', 'u', 'e', 0x00, 0x00, 0x00, 0x00, 0x00, 0x00, 0x00, 0x00, 0x00, 0x00, 0x00, 0x00, 0x00, 0x00, 0x00, 0x00, 0x00, 0x00, 0x00, 0x00, 0x00, 0x00, 0x00, 0x00, 0x00, 0x00, } },
  { .id = 2806, .a = 2357, .b = 588, .token = {' ', 'w', 'e', 'b', 's', 'i', 't', 'e', 0x00, 0x00, 0x00, 0x00, 0x00, 0x00, 0x00, 0x00, 0x00, 0x00, 0x00, 0x00, 0x00, 0x00, 0x00, 0x00, 0x00, 0x00, 0x00, 0x00, 0x00, 0x00, 0x00, 0x00, } },
  { .id = 2807, .a = 803, .b = 281, .token = {' ', 'p', 'r', 'o', 'd', 'u', 'c', 't', 'i', 'o', 'n', 0x00, 0x00, 0x00, 0x00, 0x00, 0x00, 0x00, 0x00, 0x00, 0x00, 0x00, 0x00, 0x00, 0x00, 0x00, 0x00, 0x00, 0x00, 0x00, 0x00, 0x00, } },
  { .id = 2808, .a = 1079, .b = 720, .token = {' ', 'r', 'e', 'f', 'l', 'e', 'c', 't', 0x00, 0x00, 0x00, 0x00, 0x00, 0x00, 0x00, 0x00, 0x00, 0x00, 0x00, 0x00, 0x00, 0x00, 0x00, 0x00, 0x00, 0x00, 0x00, 0x00, 0x00, 0x00, 0x00, 0x00, } },
  { .id = 2809, .a = 633, .b = 2402, .token = {' ', 'p', 'e', 'r', 'f', 'e', 'c', 't', 0x00, 0x00, 0x00, 0x00, 0x00, 0x00, 0x00, 0x00, 0x00, 0x00, 0x00, 0x00, 0x00, 0x00, 0x00, 0x00, 0x00, 0x00, 0x00, 0x00, 0x00, 0x00, 0x00, 0x00, } },
  { .id = 2810, .a = 972, .b = 885, .token = {' ', 'r', 'e', 'g', 'u', 'l', 'a', 'r', 0x00, 0x00, 0x00, 0x00, 0x00, 0x00, 0x00, 0x00, 0x00, 0x00, 0x00, 0x00, 0x00, 0x00, 0x00, 0x00, 0x00, 0x00, 0x00, 0x00, 0x00, 0x00, 0x00, 0x00, } },
  { .id = 2811, .a = 308, .b = 622, .token = {' ', 'l', 'a', 'c', 'k', 0x00, 0x00, 0x00, 0x00, 0x00, 0x00, 0x00, 0x00, 0x00, 0x00, 0x00, 0x00, 0x00, 0x00, 0x00, 0x00, 0x00, 0x00, 0x00, 0x00, 0x00, 0x00, 0x00, 0x00, 0x00, 0x00, 0x00, } },
  { .id = 2812, .a = 1969, .b = 270, .token = {' ', 't', 'r', 'e', 'e', 's', 0x00, 0x00, 0x00, 0x00, 0x00, 0x00, 0x00, 0x00, 0x00, 0x00, 0x00, 0x00, 0x00, 0x00, 0x00, 0x00, 0x00, 0x00, 0x00, 0x00, 0x00, 0x00, 0x00, 0x00, 0x00, 0x00, } },
  { .id = 2813, .a = 2444, .b = 504, .token = {' ', 'v', 'i', 'l', 'l', 'a', 'g', 'e', 0x00, 0x00, 0x00, 0x00, 0x00, 0x00, 0x00, 0x00, 0x00, 0x00, 0x00, 0x00, 0x00, 0x00, 0x00, 0x00, 0x00, 0x00, 0x00, 0x00, 0x00, 0x00, 0x00, 0x00, } },
  { .id = 2814, .a = 287, .b = 631, .token = {' ', 'm', 'o', 'u', 'n', 't', 0x00, 0x00, 0x00, 0x00, 0x00, 0x00, 0x00, 0x00, 0x00, 0x00, 0x00, 0x00, 0x00, 0x00, 0x00, 0x00, 0x00, 0x00, 0x00, 0x00, 0x00, 0x00, 0x00, 0x00, 0x00, 0x00, } },
  { .id = 2815, .a = 104, .b = 275, .token = {'h', 'i', 'n', 'g', 0x00, 0x00, 0x00, 0x00, 0x00, 0x00, 0x00, 0x00, 0x00, 0x00, 0x00, 0x00, 0x00, 0x00, 0x00, 0x00, 0x00, 0x00, 0x00, 0x00, 0x00, 0x00, 0x00, 0x00, 0x00, 0x00, 0x00, 0x00, } },
  { .id = 2816, .a = 76, .b = 313, .token = {'L', 'e', 't', 0x00, 0x00, 0x00, 0x00, 0x00, 0x00, 0x00, 0x00, 0x00, 0x00, 0x00, 0x00, 0x00, 0x00, 0x00, 0x00, 0x00, 0x00, 0x00, 0x00, 0x00, 0x00, 0x00, 0x00, 0x00, 0x00, 0x00, 0x00, 0x00, } },
  { .id = 2817, .a = 312, .b = 1030, .token = {' ', 'g', 'a', 't', 'h', 'e', 'r', 0x00, 0x00, 0x00, 0x00, 0x00, 0x00, 0x00, 0x00, 0x00, 0x00, 0x00, 0x00, 0x00, 0x00, 0x00, 0x00, 0x00, 0x00, 0x00, 0x00, 0x00, 0x00, 0x00, 0x00, 0x00, } },
  { .id = 2818, .a = 1497, .b = 400, .token = {' ', 'e', 'm', 'o', 't', 'i', 'o', 'n', 's', 0x00, 0x00, 0x00, 0x00, 0x00, 0x00, 0x00, 0x00, 0x00, 0x00, 0x00, 0x00, 0x00, 0x00, 0x00, 0x00, 0x00, 0x00, 0x00, 0x00, 0x00, 0x00, 0x00, } },
  { .id = 2819, .a = 1760, .b = 516, .token = {' ', 'p', 'i', 'e', 'c', 'e', 's', 0x00, 0x00, 0x00, 0x00, 0x00, 0x00, 0x00, 0x00, 0x00, 0x00, 0x00, 0x00, 0x00, 0x00, 0x00, 0x00, 0x00, 0x00, 0x00, 0x00, 0x00, 0x00, 0x00, 0x00, 0x00, } },
  { .id = 2820, .a = 451, .b = 430, .token = {' ', 'R', 'e', 'm', 0x00, 0x00, 0x00, 0x00, 0x00, 0x00, 0x00, 0x00, 0x00, 0x00, 0x00, 0x00, 0x00, 0x00, 0x00, 0x00, 0x00, 0x00, 0x00, 0x00, 0x00, 0x00, 0x00, 0x00, 0x00, 0x00, 0x00, 0x00, } },
  { .id = 2821, .a = 2515, .b = 1954, .token = {' ', 'b', 'e', 'h', 'a', 'v', 'i', 'o', 'r', 0x00, 0x00, 0x00, 0x00, 0x00, 0x00, 0x00, 0x00, 0x00, 0x00, 0x00, 0x00, 0x00, 0x00, 0x00, 0x00, 0x00, 0x00, 0x00, 0x00, 0x00, 0x00, 0x00, } },
  { .id = 2822, .a = 650, .b = 2136, .token = {' ', 'b', 'e', 'c', 'o', 'm', 'e', 's', 0x00, 0x00, 0x00, 0x00, 0x00, 0x00, 0x00, 0x00, 0x00, 0x00, 0x00, 0x00, 0x00, 0x00, 0x00, 0x00, 0x00, 0x00, 0x00, 0x00, 0x00, 0x00, 0x00, 0x00, } },
  { .id = 2823, .a = 50, .b = 54, .token = {'2', '6', 0x00, 0x00, 0x00, 0x00, 0x00, 0x00, 0x00, 0x00, 0x00, 0x00, 0x00, 0x00, 0x00, 0x00, 0x00, 0x00, 0x00, 0x00, 0x00, 0x00, 0x00, 0x00, 0x00, 0x00, 0x00, 0x00, 0x00, 0x00, 0x00, 0x00, } },
  { .id = 2824, .a = 260, .b = 757, .token = {'i', 'n', 'a', 'l', 'l', 'y', 0x00, 0x00, 0x00, 0x00, 0x00, 0x00, 0x00, 0x00, 0x00, 0x00, 0x00, 0x00, 0x00, 0x00, 0x00, 0x00, 0x00, 0x00, 0x00, 0x00, 0x00, 0x00, 0x00, 0x00, 0x00, 0x00, } },
  { .id = 2825, .a = 269, .b = 371, .token = {' ', 'c', 'r', 'a', 0x00, 0x00, 0x00, 0x00, 0x00, 0x00, 0x00, 0x00, 0x00, 0x00, 0x00, 0x00, 0x00, 0x00, 0x00, 0x00, 0x00, 0x00, 0x00, 0x00, 0x00, 0x00, 0x00, 0x00, 0x00, 0x00, 0x00, 0x00, } },
  { .id = 2826, .a = 374, .b = 121, .token = {'k', 'e', 'y', 0x00, 0x00, 0x00, 0x00, 0x00, 0x00, 0x00, 0x00, 0x00, 0x00, 0x00, 0x00, 0x00, 0x00, 0x00, 0x00, 0x00, 0x00, 0x00, 0x00, 0x00, 0x00, 0x00, 0x00, 0x00, 0x00, 0x00, 0x00, 0x00, } },
  { .id = 2827, .a = 100, .b = 275, .token = {'d', 'i', 'n', 'g', 0x00, 0x00, 0x00, 0x00, 0x00, 0x00, 0x00, 0x00, 0x00, 0x00, 0x00, 0x00, 0x00, 0x00, 0x00, 0x00, 0x00, 0x00, 0x00, 0x00, 0x00, 0x00, 0x00, 0x00, 0x00, 0x00, 0x00, 0x00, } },
  { .id = 2828, .a = 427, .b = 268, .token = {' ', 'p', 'l', 'a', 't', 0x00, 0x00, 0x00, 0x00, 0x00, 0x00, 0x00, 0x00, 0x00, 0x00, 0x00, 0x00, 0x00, 0x00, 0x00, 0x00, 0x00, 0x00, 0x00, 0x00, 0x00, 0x00, 0x00, 0x00, 0x00, 0x00, 0x00, } },
  { .id = 2829, .a = 115, .b = 347, .token = {'s', 'e', 'l', 0x00, 0x00, 0x00, 0x00, 0x00, 0x00, 0x00, 0x00, 0x00, 0x00, 0x00, 0x00, 0x00, 0x00, 0x00, 0x00, 0x00, 0x00, 0x00, 0x00, 0x00, 0x00, 0x00, 0x00, 0x00, 0x00, 0x00, 0x00, 0x00, } },
  { .id = 2830, .a = 902, .b = 305, .token = {' ', 'r', 'a', 'c', 'e', 0x00, 0x00, 0x00, 0x00, 0x00, 0x00, 0x00, 0x00, 0x00, 0x00, 0x00, 0x00, 0x00, 0x00, 0x00, 0x00, 0x00, 0x00, 0x00, 0x00, 0x00, 0x00, 0x00, 0x00, 0x00, 0x00, 0x00, } },
  { .id = 2831, .a = 1028, .b = 578, .token = {' ', 'i', 'm', 'p', 'o', 'r', 't', 'a', 'n', 'c', 'e', 0x00, 0x00, 0x00, 0x00, 0x00, 0x00, 0x00, 0x00, 0x00, 0x00, 0x00, 0x00, 0x00, 0x00, 0x00, 0x00, 0x00, 0x00, 0x00, 0x00, 0x00, } },
  { .id = 2832, .a = 32, .b = 275, .token = {' ', 'i', 'n', 'g', 0x00, 0x00, 0x00, 0x00, 0x00, 0x00, 0x00, 0x00, 0x00, 0x00, 0x00, 0x00, 0x00, 0x00, 0x00, 0x00, 0x00, 0x00, 0x00, 0x00, 0x00, 0x00, 0x00, 0x00, 0x00, 0x00, 0x00, 0x00, } },
  { .id = 2833, .a = 354, .b = 420, .token = {' ', 'C', 'i', 't', 'y', 0x00, 0x00, 0x00, 0x00, 0x00, 0x00, 0x00, 0x00, 0x00, 0x00, 0x00, 0x00, 0x00, 0x00, 0x00, 0x00, 0x00, 0x00, 0x00, 0x00, 0x00, 0x00, 0x00, 0x00, 0x00, 0x00, 0x00, } },
  { .id = 2834, .a = 1244, .b = 115, .token = {' ', 'd', 'o', 'g', 's', 0x00, 0x00, 0x00, 0x00, 0x00, 0x00, 0x00, 0x00, 0x00, 0x00, 0x00, 0x00, 0x00, 0x00, 0x00, 0x00, 0x00, 0x00, 0x00, 0x00, 0x00, 0x00, 0x00, 0x00, 0x00, 0x00, 0x00, } },
  { .id = 2835, .a = 792, .b = 396, .token = {' ', 'l', 'e', 't', 't', 'e', 'r', 0x00, 0x00, 0x00, 0x00, 0x00, 0x00, 0x00, 0x00, 0x00, 0x00, 0x00, 0x00, 0x00, 0x00, 0x00, 0x00, 0x00, 0x00, 0x00, 0x00, 0x00, 0x00, 0x00, 0x00, 0x00, } },
  { .id = 2836, .a = 807, .b = 943, .token = {' ', 'r', 'e', 'c', 'o', 'r', 'd', 0x00, 0x00, 0x00, 0x00, 0x00, 0x00, 0x00, 0x00, 0x00, 0x00, 0x00, 0x00, 0x00, 0x00, 0x00, 0x00, 0x00, 0x00, 0x00, 0x00, 0x00, 0x00, 0x00, 0x00, 0x00, } },
  { .id = 2837, .a = 84, .b = 1146, .token = {'T', 'y', 'p', 'e', 0x00, 0x00, 0x00, 0x00, 0x00, 0x00, 0x00, 0x00, 0x00, 0x00, 0x00, 0x00, 0x00, 0x00, 0x00, 0x00, 0x00, 0x00, 0x00, 0x00, 0x00, 0x00, 0x00, 0x00, 0x00, 0x00, 0x00, 0x00, } },
  { .id = 2838, .a = 291, .b = 337, .token = {' ', 'd', 'a', 'm', 0x00, 0x00, 0x00, 0x00, 0x00, 0x00, 0x00, 0x00, 0x00, 0x00, 0x00, 0x00, 0x00, 0x00, 0x00, 0x00, 0x00, 0x00, 0x00, 0x00, 0x00, 0x00, 0x00, 0x00, 0x00, 0x00, 0x00, 0x00, } },
  { .id = 2839, .a = 1656, .b = 262, .token = {' ', 'd', 'e', 'm', 'o', 'n', 0x00, 0x00, 0x00, 0x00, 0x00, 0x00, 0x00, 0x00, 0x00, 0x00, 0x00, 0x00, 0x00, 0x00, 0x00, 0x00, 0x00, 0x00, 0x00, 0x00, 0x00, 0x00, 0x00, 0x00, 0x00, 0x00, } },
  { .id = 2840, .a = 103, .b = 341, .token = {'g', 'e', 's', 't', 0x00, 0x00, 0x00, 0x00, 0x00, 0x00, 0x00, 0x00, 0x00, 0x00, 0x00, 0x00, 0x00, 0x00, 0x00, 0x00, 0x00, 0x00, 0x00, 0x00, 0x00, 0x00, 0x00, 0x00, 0x00, 0x00, 0x00, 0x00, } },
  { .id = 2841, .a = 257, .b = 263, .token = {' ', 't', 'e', 'r', 0x00, 0x00, 0x00, 0x00, 0x00, 0x00, 0x00, 0x00, 0x00, 0x00, 0x00, 0x00, 0x00, 0x00, 0x00, 0x00, 0x00, 0x00, 0x00, 0x00, 0x00, 0x00, 0x00, 0x00, 0x00, 0x00, 0x00, 0x00, } },
  { .id = 2842, .a = 280, .b = 283, .token = {' ', 'b', 'e', 'd', 0x00, 0x00, 0x00, 0x00, 0x00, 0x00, 0x00, 0x00, 0x00, 0x00, 0x00, 0x00, 0x00, 0x00, 0x00, 0x00, 0x00, 0x00, 0x00, 0x00, 0x00, 0x00, 0x00, 0x00, 0x00, 0x00, 0x00, 0x00, } },
  { .id = 2843, .a = 1066, .b = 275, .token = {' ', 'b', 'r', 'i', 'n', 'g', 0x00, 0x00, 0x00, 0x00, 0x00, 0x00, 0x00, 0x00, 0x00, 0x00, 0x00, 0x00, 0x00, 0x00, 0x00, 0x00, 0x00, 0x00, 0x00, 0x00, 0x00, 0x00, 0x00, 0x00, 0x00, 0x00, } },
  { .id = 2844, .a = 311, .b = 101, .token = {'u', 's', 'e', 0x00, 0x00, 0x00, 0x00, 0x00, 0x00, 0x00, 0x00, 0x00, 0x00, 0x00, 0x00, 0x00, 0x00, 0x00, 0x00, 0x00, 0x00, 0x00, 0x00, 0x00, 0x00, 0x00, 0x00, 0x00, 0x00, 0x00, 0x00, 0x00, } },
  { .id = 2845, .a = 277, .b = 110, .token = {' ', 'a', 'n', 'n', 0x00, 0x00, 0x00, 0x00, 0x00, 0x00, 0x00, 0x00, 0x00, 0x00, 0x00, 0x00, 0x00, 0x00, 0x00, 0x00, 0x00, 0x00, 0x00, 0x00, 0x00, 0x00, 0x00, 0x00, 0x00, 0x00, 0x00, 0x00, } },
  { .id = 2846, .a = 559, .b = 718, .token = {' ', 'c', 'l', 'u', 'b', 0x00, 0x00, 0x00, 0x00, 0x00, 0x00, 0x00, 0x00, 0x00, 0x00, 0x00, 0x00, 0x00, 0x00, 0x00, 0x00, 0x00, 0x00, 0x00, 0x00, 0x00, 0x00, 0x00, 0x00, 0x00, 0x00, 0x00, } },
  { .id = 2847, .a = 634, .b = 1172, .token = {' ', 'i', 't', 's', 'e', 'l', 'f', 0x00, 0x00, 0x00, 0x00, 0x00, 0x00, 0x00, 0x00, 0x00, 0x00, 0x00, 0x00, 0x00, 0x00, 0x00, 0x00, 0x00, 0x00, 0x00, 0x00, 0x00, 0x00, 0x00, 0x00, 0x00, } },
  { .id = 2848, .a = 1319, .b = 1803, .token = {' ', 'c', 'o', 'm', 'm', 'u', 'n', 'i', 'c', 'a', 't', 'i', 'o', 'n', 0x00, 0x00, 0x00, 0x00, 0x00, 0x00, 0x00, 0x00, 0x00, 0x00, 0x00, 0x00, 0x00, 0x00, 0x00, 0x00, 0x00, 0x00, } },
  { .id = 2849, .a = 50, .b = 49, .token = {'2', '1', 0x00, 0x00, 0x00, 0x00, 0x00, 0x00, 0x00, 0x00, 0x00, 0x00, 0x00, 0x00, 0x00, 0x00, 0x00, 0x00, 0x00, 0x00, 0x00, 0x00, 0x00, 0x00, 0x00, 0x00, 0x00, 0x00, 0x00, 0x00, 0x00, 0x00, } },
  { .id = 2850, .a = 319, .b = 268, .token = {' ', 's', 't', 'a', 't', 0x00, 0x00, 0x00, 0x00, 0x00, 0x00, 0x00, 0x00, 0x00, 0x00, 0x00, 0x00, 0x00, 0x00, 0x00, 0x00, 0x00, 0x00, 0x00, 0x00, 0x00, 0x00, 0x00, 0x00, 0x00, 0x00, 0x00, } },
  { .id = 2851, .a = 602, .b = 359, .token = {' ', 'U', 's', 'e', 0x00, 0x00, 0x00, 0x00, 0x00, 0x00, 0x00, 0x00, 0x00, 0x00, 0x00, 0x00, 0x00, 0x00, 0x00, 0x00, 0x00, 0x00, 0x00, 0x00, 0x00, 0x00, 0x00, 0x00, 0x00, 0x00, 0x00, 0x00, } },
  { .id = 2852, .a = 490, .b = 121, .token = {' ', 't', 'r', 'y', 0x00, 0x00, 0x00, 0x00, 0x00, 0x00, 0x00, 0x00, 0x00, 0x00, 0x00, 0x00, 0x00, 0x00, 0x00, 0x00, 0x00, 0x00, 0x00, 0x00, 0x00, 0x00, 0x00, 0x00, 0x00, 0x00, 0x00, 0x00, } },
  { .id = 2853, .a = 115, .b = 117, .token = {'s', 'u', 0x00, 0x00, 0x00, 0x00, 0x00, 0x00, 0x00, 0x00, 0x00, 0x00, 0x00, 0x00, 0x00, 0x00, 0x00, 0x00, 0x00, 0x00, 0x00, 0x00, 0x00, 0x00, 0x00, 0x00, 0x00, 0x00, 0x00, 0x00, 0x00, 0x00, } },
  { .id = 2854, .a = 954, .b = 2342, .token = {' ', 'e', 'x', 'p', 'l', 'i', 'c', 'i', 't', 0x00, 0x00, 0x00, 0x00, 0x00, 0x00, 0x00, 0x00, 0x00, 0x00, 0x00, 0x00, 0x00, 0x00, 0x00, 0x00, 0x00, 0x00, 0x00, 0x00, 0x00, 0x00, 0x00, } },
  { .id = 2855, .a = 388, .b = 1125, .token = {'p', 'e', 'c', 'i', 'a', 'l', 0x00, 0x00, 0x00, 0x00, 0x00, 0x00, 0x00, 0x00, 0x00, 0x00, 0x00, 0x00, 0x00, 0x00, 0x00, 0x00, 0x00, 0x00, 0x00, 0x00, 0x00, 0x00, 0x00, 0x00, 0x00, 0x00, } },
  { .id = 2856, .a = 285, .b = 100, .token = {'o', 'u', 'd', 0x00, 0x00, 0x00, 0x00, 0x00, 0x00, 0x00, 0x00, 0x00, 0x00, 0x00, 0x00, 0x00, 0x00, 0x00, 0x00, 0x00, 0x00, 0x00, 0x00, 0x00, 0x00, 0x00, 0x00, 0x00, 0x00, 0x00, 0x00, 0x00, } },
  { .id = 2857, .a = 394, .b = 321, .token = {' ', 'e', 'x', 'i', 's', 't', 0x00, 0x00, 0x00, 0x00, 0x00, 0x00, 0x00, 0x00, 0x00, 0x00, 0x00, 0x00, 0x00, 0x00, 0x00, 0x00, 0x00, 0x00, 0x00, 0x00, 0x00, 0x00, 0x00, 0x00, 0x00, 0x00, } },
  { .id = 2858, .a = 679, .b = 276, .token = {' ', 'c', 'o', 'm', 'm', 'i', 't', 0x00, 0x00, 0x00, 0x00, 0x00, 0x00, 0x00, 0x00, 0x00, 0x00, 0x00, 0x00, 0x00, 0x00, 0x00, 0x00, 0x00, 0x00, 0x00, 0x00, 0x00, 0x00, 0x00, 0x00, 0x00, } },
  { .id = 2859, .a = 331, .b = 102, .token = {' ', 'A', 'f', 0x00, 0x00, 0x00, 0x00, 0x00, 0x00, 0x00, 0x00, 0x00, 0x00, 0x00, 0x00, 0x00, 0x00, 0x00, 0x00, 0x00, 0x00, 0x00, 0x00, 0x00, 0x00, 0x00, 0x00, 0x00, 0x00, 0x00, 0x00, 0x00, } },
  { .id = 2860, .a = 629, .b = 358, .token = {' ', 'r', 'o', 'a', 'd', 0x00, 0x00, 0x00, 0x00, 0x00, 0x00, 0x00, 0x00, 0x00, 0x00, 0x00, 0x00, 0x00, 0x00, 0x00, 0x00, 0x00, 0x00, 0x00, 0x00, 0x00, 0x00, 0x00, 0x00, 0x00, 0x00, 0x00, } },
  { .id = 2861, .a = 972, .b = 281, .token = {' ', 'r', 'e', 'g', 'i', 'o', 'n', 0x00, 0x00, 0x00, 0x00, 0x00, 0x00, 0x00, 0x00, 0x00, 0x00, 0x00, 0x00, 0x00, 0x00, 0x00, 0x00, 0x00, 0x00, 0x00, 0x00, 0x00, 0x00, 0x00, 0x00, 0x00, } },
  { .id = 2862, .a = 1248, .b = 574, .token = {' ', 'e', 'v', 'e', 'r', 'y', 'o', 'n', 'e', 0x00, 0x00, 0x00, 0x00, 0x00, 0x00, 0x00, 0x00, 0x00, 0x00, 0x00, 0x00, 0x00, 0x00, 0x00, 0x00, 0x00, 0x00, 0x00, 0x00, 0x00, 0x00, 0x00, } },
  { .id = 2863, .a = 347, .b = 116, .token = {'e', 'l', 't', 0x00, 0x00, 0x00, 0x00, 0x00, 0x00, 0x00, 0x00, 0x00, 0x00, 0x00, 0x00, 0x00, 0x00, 0x00, 0x00, 0x00, 0x00, 0x00, 0x00, 0x00, 0x00, 0x00, 0x00, 0x00, 0x00, 0x00, 0x00, 0x00, } },
  { .id = 2864, .a = 32, .b = 567, .token = {' ', 'u', 'l', 't', 0x00, 0x00, 0x00, 0x00, 0x00, 0x00, 0x00, 0x00, 0x00, 0x00, 0x00, 0x00, 0x00, 0x00, 0x00, 0x00, 0x00, 0x00, 0x00, 0x00, 0x00, 0x00, 0x00, 0x00, 0x00, 0x00, 0x00, 0x00, } },
  { .id = 2865, .a = 50, .b = 57, .token = {'2', '9', 0x00, 0x00, 0x00, 0x00, 0x00, 0x00, 0x00, 0x00, 0x00, 0x00, 0x00, 0x00, 0x00, 0x00, 0x00, 0x00, 0x00, 0x00, 0x00, 0x00, 0x00, 0x00, 0x00, 0x00, 0x00, 0x00, 0x00, 0x00, 0x00, 0x00, } },
  { .id = 2866, .a = 258, .b = 108, .token = {'h', 'e', 'l', 0x00, 0x00, 0x00, 0x00, 0x00, 0x00, 0x00, 0x00, 0x00, 0x00, 0x00, 0x00, 0x00, 0x00, 0x00, 0x00, 0x00, 0x00, 0x00, 0x00, 0x00, 0x00, 0x00, 0x00, 0x00, 0x00, 0x00, 0x00, 0x00, } },
  { .id = 2867, .a = 307, .b = 313, .token = {'o', 'm', 'e', 't', 0x00, 0x00, 0x00, 0x00, 0x00, 0x00, 0x00, 0x00, 0x00, 0x00, 0x00, 0x00, 0x00, 0x00, 0x00, 0x00, 0x00, 0x00, 0x00, 0x00, 0x00, 0x00, 0x00, 0x00, 0x00, 0x00, 0x00, 0x00, } },
  { .id = 2868, .a = 279, .b = 290, .token = {' ', 'f', 'a', 'r', 0x00, 0x00, 0x00, 0x00, 0x00, 0x00, 0x00, 0x00, 0x00, 0x00, 0x00, 0x00, 0x00, 0x00, 0x00, 0x00, 0x00, 0x00, 0x00, 0x00, 0x00, 0x00, 0x00, 0x00, 0x00, 0x00, 0x00, 0x00, } },
  { .id = 2869, .a = 294, .b = 342, .token = {'i', 'c', 'a', 't', 'e', 0x00, 0x00, 0x00, 0x00, 0x00, 0x00, 0x00, 0x00, 0x00, 0x00, 0x00, 0x00, 0x00, 0x00, 0x00, 0x00, 0x00, 0x00, 0x00, 0x00, 0x00, 0x00, 0x00, 0x00, 0x00, 0x00, 0x00, } },
  { .id = 2870, .a = 274, .b = 387, .token = {' ', 'p', 'r', 'i', 0x00, 0x00, 0x00, 0x00, 0x00, 0x00, 0x00, 0x00, 0x00, 0x00, 0x00, 0x00, 0x00, 0x00, 0x00, 0x00, 0x00, 0x00, 0x00, 0x00, 0x00, 0x00, 0x00, 0x00, 0x00, 0x00, 0x00, 0x00, } },
  { .id = 2871, .a = 519, .b = 2715, .token = {' ', 't', 'e', 'l', 'e', 'v', 'i', 's', 'i', 'o', 'n', 0x00, 0x00, 0x00, 0x00, 0x00, 0x00, 0x00, 0x00, 0x00, 0x00, 0x00, 0x00, 0x00, 0x00, 0x00, 0x00, 0x00, 0x00, 0x00, 0x00, 0x00, } },
  { .id = 2872, .a = 1494, .b = 358, .token = {' ', 'C', 'a', 'n', 'a', 'd', 0x00, 0x00, 0x00, 0x00, 0x00, 0x00, 0x00, 0x00, 0x00, 0x00, 0x00, 0x00, 0x00, 0x00, 0x00, 0x00, 0x00, 0x00, 0x00, 0x00, 0x00, 0x00, 0x00, 0x00, 0x00, 0x00, } },
  { .id = 2873, .a = 295, .b = 554, .token = {'a', 's', 'k', 's', 0x00, 0x00, 0x00, 0x00, 0x00, 0x00, 0x00, 0x00, 0x00, 0x00, 0x00, 0x00, 0x00, 0x00, 0x00, 0x00, 0x00, 0x00, 0x00, 0x00, 0x00, 0x00, 0x00, 0x00, 0x00, 0x00, 0x00, 0x00, } },
  { .id = 2874, .a = 319, .b = 101, .token = {' ', 's', 't', 'e', 0x00, 0x00, 0x00, 0x00, 0x00, 0x00, 0x00, 0x00, 0x00, 0x00, 0x00, 0x00, 0x00, 0x00, 0x00, 0x00, 0x00, 0x00, 0x00, 0x00, 0x00, 0x00, 0x00, 0x00, 0x00, 0x00, 0x00, 0x00, } },
  { .id = 2875, .a = 1884, .b = 115, .token = {' ', 'm', 'a', 't', 'e', 'r', 'i', 'a', 'l', 's', 0x00, 0x00, 0x00, 0x00, 0x00, 0x00, 0x00, 0x00, 0x00, 0x00, 0x00, 0x00, 0x00, 0x00, 0x00, 0x00, 0x00, 0x00, 0x00, 0x00, 0x00, 0x00, } },
  { .id = 2876, .a = 1929, .b = 293, .token = {'i', 'd', 'd', 'l', 'e', 0x00, 0x00, 0x00, 0x00, 0x00, 0x00, 0x00, 0x00, 0x00, 0x00, 0x00, 0x00, 0x00, 0x00, 0x00, 0x00, 0x00, 0x00, 0x00, 0x00, 0x00, 0x00, 0x00, 0x00, 0x00, 0x00, 0x00, } },
  { .id = 2877, .a = 72, .b = 657, .token = {'H', 'e', 'r', 'e', 0x00, 0x00, 0x00, 0x00, 0x00, 0x00, 0x00, 0x00, 0x00, 0x00, 0x00, 0x00, 0x00, 0x00, 0x00, 0x00, 0x00, 0x00, 0x00, 0x00, 0x00, 0x00, 0x00, 0x00, 0x00, 0x00, 0x00, 0x00, } },
  { .id = 2878, .a = 329, .b = 104, .token = {'u', 't', 'h', 0x00, 0x00, 0x00, 0x00, 0x00, 0x00, 0x00, 0x00, 0x00, 0x00, 0x00, 0x00, 0x00, 0x00, 0x00, 0x00, 0x00, 0x00, 0x00, 0x00, 0x00, 0x00, 0x00, 0x00, 0x00, 0x00, 0x00, 0x00, 0x00, } },
  { .id = 2879, .a = 257, .b = 548, .token = {' ', 't', 'o', 'u', 'r', 0x00, 0x00, 0x00, 0x00, 0x00, 0x00, 0x00, 0x00, 0x00, 0x00, 0x00, 0x00, 0x00, 0x00, 0x00, 0x00, 0x00, 0x00, 0x00, 0x00, 0x00, 0x00, 0x00, 0x00, 0x00, 0x00, 0x00, } },
  { .id = 2880, .a = 260, .b = 301, .token = {'i', 'n', 'c', 't', 0x00, 0x00, 0x00, 0x00, 0x00, 0x00, 0x00, 0x00, 0x00, 0x00, 0x00, 0x00, 0x00, 0x00, 0x00, 0x00, 0x00, 0x00, 0x00, 0x00, 0x00, 0x00, 0x00, 0x00, 0x00, 0x00, 0x00, 0x00, } },
  { .id = 2881, .a = 549, .b = 271, .token = {' ', 'J', 'a', 'n', 0x00, 0x00, 0x00, 0x00, 0x00, 0x00, 0x00, 0x00, 0x00, 0x00, 0x00, 0x00, 0x00, 0x00, 0x00, 0x00, 0x00, 0x00, 0x00, 0x00, 0x00, 0x00, 0x00, 0x00, 0x00, 0x00, 0x00, 0x00, } },
  { .id = 2882, .a = 1109, .b = 115, .token = {' ', 's', 'h', 'o', 'w', 's', 0x00, 0x00, 0x00, 0x00, 0x00, 0x00, 0x00, 0x00, 0x00, 0x00, 0x00, 0x00, 0x00, 0x00, 0x00, 0x00, 0x00, 0x00, 0x00, 0x00, 0x00, 0x00, 0x00, 0x00, 0x00, 0x00, } },
  { .id = 2883, .a = 2071, .b = 501, .token = {' ', 'p', 'a', 'p', 'e', 'r', 0x00, 0x00, 0x00, 0x00, 0x00, 0x00, 0x00, 0x00, 0x00, 0x00, 0x00, 0x00, 0x00, 0x00, 0x00, 0x00, 0x00, 0x00, 0x00, 0x00, 0x00, 0x00, 0x00, 0x00, 0x00, 0x00, } },
  { .id = 2884, .a = 708, .b = 307, .token = {' ', 'a', 'c', 'c', 'o', 'm', 0x00, 0x00, 0x00, 0x00, 0x00, 0x00, 0x00, 0x00, 0x00, 0x00, 0x00, 0x00, 0x00, 0x00, 0x00, 0x00, 0x00, 0x00, 0x00, 0x00, 0x00, 0x00, 0x00, 0x00, 0x00, 0x00, } },
  { .id = 2885, .a = 79, .b = 2605, .token = {'O', 'u', 't', 'p', 'u', 't', 0x00, 0x00, 0x00, 0x00, 0x00, 0x00, 0x00, 0x00, 0x00, 0x00, 0x00, 0x00, 0x00, 0x00, 0x00, 0x00, 0x00, 0x00, 0x00, 0x00, 0x00, 0x00, 0x00, 0x00, 0x00, 0x00, } },
  { .id = 2886, .a = 984, .b = 467, .token = {' ', 'r', 'e', 'p', 'o', 'r', 't', 0x00, 0x00, 0x00, 0x00, 0x00, 0x00, 0x00, 0x00, 0x00, 0x00, 0x00, 0x00, 0x00, 0x00, 0x00, 0x00, 0x00, 0x00, 0x00, 0x00, 0x00, 0x00, 0x00, 0x00, 0x00, } },
  { .id = 2887, .a = 332, .b = 1949, .token = {' ', 'S', 'o', 'l', 'v', 'e', 0x00, 0x00, 0x00, 0x00, 0x00, 0x00, 0x00, 0x00, 0x00, 0x00, 0x00, 0x00, 0x00, 0x00, 0x00, 0x00, 0x00, 0x00, 0x00, 0x00, 0x00, 0x00, 0x00, 0x00, 0x00, 0x00, } },
  { .id = 2888, .a = 111, .b = 565, .token = {'o', 'b', 'e', 'r', 0x00, 0x00, 0x00, 0x00, 0x00, 0x00, 0x00, 0x00, 0x00, 0x00, 0x00, 0x00, 0x00, 0x00, 0x00, 0x00, 0x00, 0x00, 0x00, 0x00, 0x00, 0x00, 0x00, 0x00, 0x00, 0x00, 0x00, 0x00, } },
  { .id = 2889, .a = 265, .b = 1172, .token = {' ', 's', 'e', 'l', 'f', 0x00, 0x00, 0x00, 0x00, 0x00, 0x00, 0x00, 0x00, 0x00, 0x00, 0x00, 0x00, 0x00, 0x00, 0x00, 0x00, 0x00, 0x00, 0x00, 0x00, 0x00, 0x00, 0x00, 0x00, 0x00, 0x00, 0x00, } },
  { .id = 2890, .a = 280, .b = 380, .token = {' ', 'b', 'a', 'g', 0x00, 0x00, 0x00, 0x00, 0x00, 0x00, 0x00, 0x00, 0x00, 0x00, 0x00, 0x00, 0x00, 0x00, 0x00, 0x00, 0x00, 0x00, 0x00, 0x00, 0x00, 0x00, 0x00, 0x00, 0x00, 0x00, 0x00, 0x00, } },
  { .id = 2891, .a = 424, .b = 264, .token = {' ', 'r', 'e', 'n', 0x00, 0x00, 0x00, 0x00, 0x00, 0x00, 0x00, 0x00, 0x00, 0x00, 0x00, 0x00, 0x00, 0x00, 0x00, 0x00, 0x00, 0x00, 0x00, 0x00, 0x00, 0x00, 0x00, 0x00, 0x00, 0x00, 0x00, 0x00, } },
  { .id = 2892, .a = 878, .b = 1377, .token = {' ', 'r', 'e', 'm', 'a', 'i', 'n', 's', 0x00, 0x00, 0x00, 0x00, 0x00, 0x00, 0x00, 0x00, 0x00, 0x00, 0x00, 0x00, 0x00, 0x00, 0x00, 0x00, 0x00, 0x00, 0x00, 0x00, 0x00, 0x00, 0x00, 0x00, } },
  { .id = 2893, .a = 431, .b = 1446, .token = {' ', 'D', 'o', 'e', 's', 0x00, 0x00, 0x00, 0x00, 0x00, 0x00, 0x00, 0x00, 0x00, 0x00, 0x00, 0x00, 0x00, 0x00, 0x00, 0x00, 0x00, 0x00, 0x00, 0x00, 0x00, 0x00, 0x00, 0x00, 0x00, 0x00, 0x00, } },
  { .id = 2894, .a = 539, .b = 121, .token = {'a', 'b', 'y', 0x00, 0x00, 0x00, 0x00, 0x00, 0x00, 0x00, 0x00, 0x00, 0x00, 0x00, 0x00, 0x00, 0x00, 0x00, 0x00, 0x00, 0x00, 0x00, 0x00, 0x00, 0x00, 0x00, 0x00, 0x00, 0x00, 0x00, 0x00, 0x00, } },
  { .id = 2895, .a = 2140, .b = 270, .token = {' ', 'c', 'h', 'a', 'l', 'l', 'e', 'n', 'g', 'e', 's', 0x00, 0x00, 0x00, 0x00, 0x00, 0x00, 0x00, 0x00, 0x00, 0x00, 0x00, 0x00, 0x00, 0x00, 0x00, 0x00, 0x00, 0x00, 0x00, 0x00, 0x00, } },
  { .id = 2896, .a = 414, .b = 345, .token = {' ', 'M', 'a', 'y', 0x00, 0x00, 0x00, 0x00, 0x00, 0x00, 0x00, 0x00, 0x00, 0x00, 0x00, 0x00, 0x00, 0x00, 0x00, 0x00, 0x00, 0x00, 0x00, 0x00, 0x00, 0x00, 0x00, 0x00, 0x00, 0x00, 0x00, 0x00, } },
  { .id = 2897, .a = 477, .b = 1769, .token = {' ', 'E', 'v', 'a', 'l', 0x00, 0x00, 0x00, 0x00, 0x00, 0x00, 0x00, 0x00, 0x00, 0x00, 0x00, 0x00, 0x00, 0x00, 0x00, 0x00, 0x00, 0x00, 0x00, 0x00, 0x00, 0x00, 0x00, 0x00, 0x00, 0x00, 0x00, } },
  { .id = 2898, .a = 463, .b = 268, .token = {' ', 'T', 'h', 'a', 't', 0x00, 0x00, 0x00, 0x00, 0x00, 0x00, 0x00, 0x00, 0x00, 0x00, 0x00, 0x00, 0x00, 0x00, 0x00, 0x00, 0x00, 0x00, 0x00, 0x00, 0x00, 0x00, 0x00, 0x00, 0x00, 0x00, 0x00, } },
  { .id = 2899, .a = 312, .b = 295, .token = {' ', 'g', 'a', 's', 0x00, 0x00, 0x00, 0x00, 0x00, 0x00, 0x00, 0x00, 0x00, 0x00, 0x00, 0x00, 0x00, 0x00, 0x00, 0x00, 0x00, 0x00, 0x00, 0x00, 0x00, 0x00, 0x00, 0x00, 0x00, 0x00, 0x00, 0x00, } },
  { .id = 2900, .a = 112, .b = 316, .token = {'p', 'l', 'y', 0x00, 0x00, 0x00, 0x00, 0x00, 0x00, 0x00, 0x00, 0x00, 0x00, 0x00, 0x00, 0x00, 0x00, 0x00, 0x00, 0x00, 0x00, 0x00, 0x00, 0x00, 0x00, 0x00, 0x00, 0x00, 0x00, 0x00, 0x00, 0x00, } },
  { .id = 2901, .a = 650, .b = 511, .token = {' ', 'b', 'e', 'c', 'a', 'm', 'e', 0x00, 0x00, 0x00, 0x00, 0x00, 0x00, 0x00, 0x00, 0x00, 0x00, 0x00, 0x00, 0x00, 0x00, 0x00, 0x00, 0x00, 0x00, 0x00, 0x00, 0x00, 0x00, 0x00, 0x00, 0x00, } },
  { .id = 2902, .a = 743, .b = 960, .token = {' ', 's', 'e', 'r', 'v', 'e', 's', 0x00, 0x00, 0x00, 0x00, 0x00, 0x00, 0x00, 0x00, 0x00, 0x00, 0x00, 0x00, 0x00, 0x00, 0x00, 0x00, 0x00, 0x00, 0x00, 0x00, 0x00, 0x00, 0x00, 0x00, 0x00, } },
  { .id = 2903, .a = 269, .b = 584, .token = {' ', 'c', 'u', 'p', 0x00, 0x00, 0x00, 0x00, 0x00, 0x00, 0x00, 0x00, 0x00, 0x00, 0x00, 0x00, 0x00, 0x00, 0x00, 0x00, 0x00, 0x00, 0x00, 0x00, 0x00, 0x00, 0x00, 0x00, 0x00, 0x00, 0x00, 0x00, } },
  { .id = 2904, .a = 312, .b = 402, .token = {' ', 'g', 'a', 'i', 'n', 0x00, 0x00, 0x00, 0x00, 0x00, 0x00, 0x00, 0x00, 0x00, 0x00, 0x00, 0x00, 0x00, 0x00, 0x00, 0x00, 0x00, 0x00, 0x00, 0x00, 0x00, 0x00, 0x00, 0x00, 0x00, 0x00, 0x00, } },
  { .id = 2905, .a = 2222, .b = 1737, .token = {' ', 'j', 'o', 'u', 'r', 'n', 'e', 'y', 0x00, 0x00, 0x00, 0x00, 0x00, 0x00, 0x00, 0x00, 0x00, 0x00, 0x00, 0x00, 0x00, 0x00, 0x00, 0x00, 0x00, 0x00, 0x00, 0x00, 0x00, 0x00, 0x00, 0x00, } },
  { .id = 2906, .a = 357, .b = 343, .token = {'u', 'n', 'c', 'h', 0x00, 0x00, 0x00, 0x00, 0x00, 0x00, 0x00, 0x00, 0x00, 0x00, 0x00, 0x00, 0x00, 0x00, 0x00, 0x00, 0x00, 0x00, 0x00, 0x00, 0x00, 0x00, 0x00, 0x00, 0x00, 0x00, 0x00, 0x00, } },
  { .id = 2907, .a = 454, .b = 111, .token = {' ', 's', 'h', 'o', 0x00, 0x00, 0x00, 0x00, 0x00, 0x00, 0x00, 0x00, 0x00, 0x00, 0x00, 0x00, 0x00, 0x00, 0x00, 0x00, 0x00, 0x00, 0x00, 0x00, 0x00, 0x00, 0x00, 0x00, 0x00, 0x00, 0x00, 0x00, } },
  { .id = 2908, .a = 1012, .b = 108, .token = {' ', 'p', 'o', 'l', 'l', 0x00, 0x00, 0x00, 0x00, 0x00, 0x00, 0x00, 0x00, 0x00, 0x00, 0x00, 0x00, 0x00, 0x00, 0x00, 0x00, 0x00, 0x00, 0x00, 0x00, 0x00, 0x00, 0x00, 0x00, 0x00, 0x00, 0x00, } },
  { .id = 2909, .a = 1239, .b = 316, .token = {' ', 'p', 'o', 't', 'e', 'n', 't', 'i', 'a', 'l', 'l', 'y', 0x00, 0x00, 0x00, 0x00, 0x00, 0x00, 0x00, 0x00, 0x00, 0x00, 0x00, 0x00, 0x00, 0x00, 0x00, 0x00, 0x00, 0x00, 0x00, 0x00, } },
  { .id = 2910, .a = 109, .b = 494, .token = {'m', 'o', 'r', 'e', 0x00, 0x00, 0x00, 0x00, 0x00, 0x00, 0x00, 0x00, 0x00, 0x00, 0x00, 0x00, 0x00, 0x00, 0x00, 0x00, 0x00, 0x00, 0x00, 0x00, 0x00, 0x00, 0x00, 0x00, 0x00, 0x00, 0x00, 0x00, } },
  { .id = 2911, .a = 549, .b = 479, .token = {' ', 'J', 'u', 's', 't', 0x00, 0x00, 0x00, 0x00, 0x00, 0x00, 0x00, 0x00, 0x00, 0x00, 0x00, 0x00, 0x00, 0x00, 0x00, 0x00, 0x00, 0x00, 0x00, 0x00, 0x00, 0x00, 0x00, 0x00, 0x00, 0x00, 0x00, } },
  { .id = 2912, .a = 1129, .b = 115, .token = {' ', 'r', 'e', 's', 'u', 'l', 't', 's', 0x00, 0x00, 0x00, 0x00, 0x00, 0x00, 0x00, 0x00, 0x00, 0x00, 0x00, 0x00, 0x00, 0x00, 0x00, 0x00, 0x00, 0x00, 0x00, 0x00, 0x00, 0x00, 0x00, 0x00, } },
  { .id = 2913, .a = 2292, .b = 470, .token = {' ', 'o', 'f', 'f', 'i', 'c', 'i', 'a', 'l', 0x00, 0x00, 0x00, 0x00, 0x00, 0x00, 0x00, 0x00, 0x00, 0x00, 0x00, 0x00, 0x00, 0x00, 0x00, 0x00, 0x00, 0x00, 0x00, 0x00, 0x00, 0x00, 0x00, } },
  { .id = 2914, .a = 2314, .b = 453, .token = {' ', 'm', 'a', 'c', 'h', 'i', 'n', 'e', 0x00, 0x00, 0x00, 0x00, 0x00, 0x00, 0x00, 0x00, 0x00, 0x00, 0x00, 0x00, 0x00, 0x00, 0x00, 0x00, 0x00, 0x00, 0x00, 0x00, 0x00, 0x00, 0x00, 0x00, } },
  { .id = 2915, .a = 711, .b = 1082, .token = {'i', 'o', 'u', 's', 'n', 'e', 's', 's', 0x00, 0x00, 0x00, 0x00, 0x00, 0x00, 0x00, 0x00, 0x00, 0x00, 0x00, 0x00, 0x00, 0x00, 0x00, 0x00, 0x00, 0x00, 0x00, 0x00, 0x00, 0x00, 0x00, 0x00, } },
  { .id = 2916, .a = 117, .b = 316, .token = {'u', 'l', 'y', 0x00, 0x00, 0x00, 0x00, 0x00, 0x00, 0x00, 0x00, 0x00, 0x00, 0x00, 0x00, 0x00, 0x00, 0x00, 0x00, 0x00, 0x00, 0x00, 0x00, 0x00, 0x00, 0x00, 0x00, 0x00, 0x00, 0x00, 0x00, 0x00, } },
  { .id = 2917, .a = 264, .b = 99, .token = {'e', 'n', 'c', 0x00, 0x00, 0x00, 0x00, 0x00, 0x00, 0x00, 0x00, 0x00, 0x00, 0x00, 0x00, 0x00, 0x00, 0x00, 0x00, 0x00, 0x00, 0x00, 0x00, 0x00, 0x00, 0x00, 0x00, 0x00, 0x00, 0x00, 0x00, 0x00, } },
  { .id = 2918, .a = 386, .b = 290, .token = {' ', 'B', 'a', 'r', 0x00, 0x00, 0x00, 0x00, 0x00, 0x00, 0x00, 0x00, 0x00, 0x00, 0x00, 0x00, 0x00, 0x00, 0x00, 0x00, 0x00, 0x00, 0x00, 0x00, 0x00, 0x00, 0x00, 0x00, 0x00, 0x00, 0x00, 0x00, } },
  { .id = 2919, .a = 280, .b = 358, .token = {' ', 'b', 'a', 'd', 0x00, 0x00, 0x00, 0x00, 0x00, 0x00, 0x00, 0x00, 0x00, 0x00, 0x00, 0x00, 0x00, 0x00, 0x00, 0x00, 0x00, 0x00, 0x00, 0x00, 0x00, 0x00, 0x00, 0x00, 0x00, 0x00, 0x00, 0x00, } },
  { .id = 2920, .a = 122, .b = 275, .token = {'z', 'i', 'n', 'g', 0x00, 0x00, 0x00, 0x00, 0x00, 0x00, 0x00, 0x00, 0x00, 0x00, 0x00, 0x00, 0x00, 0x00, 0x00, 0x00, 0x00, 0x00, 0x00, 0x00, 0x00, 0x00, 0x00, 0x00, 0x00, 0x00, 0x00, 0x00, } },
  { .id = 2921, .a = 566, .b = 523, .token = {' ', 'c', 'o', 'm', 'p', 'a', 'r', 'e', 0x00, 0x00, 0x00, 0x00, 0x00, 0x00, 0x00, 0x00, 0x00, 0x00, 0x00, 0x00, 0x00, 0x00, 0x00, 0x00, 0x00, 0x00, 0x00, 0x00, 0x00, 0x00, 0x00, 0x00, } },
  { .id = 2922, .a = 737, .b = 574, .token = {' ', 'p', 'h', 'o', 'n', 'e', 0x00, 0x00, 0x00, 0x00, 0x00, 0x00, 0x00, 0x00, 0x00, 0x00, 0x00, 0x00, 0x00, 0x00, 0x00, 0x00, 0x00, 0x00, 0x00, 0x00, 0x00, 0x00, 0x00, 0x00, 0x00, 0x00, } },
  { .id = 2923, .a = 103, .b = 655, .token = {'g', 'r', 'e', 's', 's', 0x00, 0x00, 0x00, 0x00, 0x00, 0x00, 0x00, 0x00, 0x00, 0x00, 0x00, 0x00, 0x00, 0x00, 0x00, 0x00, 0x00, 0x00, 0x00, 0x00, 0x00, 0x00, 0x00, 0x00, 0x00, 0x00, 0x00, } },
  { .id = 2924, .a = 406, .b = 464, .token = {' ', 'v', 'i', 'd', 'e', 0x00, 0x00, 0x00, 0x00, 0x00, 0x00, 0x00, 0x00, 0x00, 0x00, 0x00, 0x00, 0x00, 0x00, 0x00, 0x00, 0x00, 0x00, 0x00, 0x00, 0x00, 0x00, 0x00, 0x00, 0x00, 0x00, 0x00, } },
  { .id = 2925, .a = 114, .b = 345, .token = {'r', 'a', 'y', 0x00, 0x00, 0x00, 0x00, 0x00, 0x00, 0x00, 0x00, 0x00, 0x00, 0x00, 0x00, 0x00, 0x00, 0x00, 0x00, 0x00, 0x00, 0x00, 0x00, 0x00, 0x00, 0x00, 0x00, 0x00, 0x00, 0x00, 0x00, 0x00, } },
  { .id = 2926, .a = 1405, .b = 722, .token = {' ', 't', 'h', 'o', 'u', 'g', 'h', 't', 's', 0x00, 0x00, 0x00, 0x00, 0x00, 0x00, 0x00, 0x00, 0x00, 0x00, 0x00, 0x00, 0x00, 0x00, 0x00, 0x00, 0x00, 0x00, 0x00, 0x00, 0x00, 0x00, 0x00, } },
  { .id = 2927, .a = 1590, .b = 104, .token = {' ', 'v', 'e', 'h', 0x00, 0x00, 0x00, 0x00, 0x00, 0x00, 0x00, 0x00, 0x00, 0x00, 0x00, 0x00, 0x00, 0x00, 0x00, 0x00, 0x00, 0x00, 0x00, 0x00, 0x00, 0x00, 0x00, 0x00, 0x00, 0x00, 0x00, 0x00, } },
  { .id = 2928, .a = 1814, .b = 644, .token = {' ', 'd', 'e', 'f', 'i', 'n', 'i', 't', 'i', 'o', 'n', 0x00, 0x00, 0x00, 0x00, 0x00, 0x00, 0x00, 0x00, 0x00, 0x00, 0x00, 0x00, 0x00, 0x00, 0x00, 0x00, 0x00, 0x00, 0x00, 0x00, 0x00, } },
  { .id = 2929, .a = 32, .b = 194, .token = {' ', 0xc2, 0x00, 0x00, 0x00, 0x00, 0x00, 0x00, 0x00, 0x00, 0x00, 0x00, 0x00, 0x00, 0x00, 0x00, 0x00, 0x00, 0x00, 0x00, 0x00, 0x00, 0x00, 0x00, 0x00, 0x00, 0x00, 0x00, 0x00, 0x00, 0x00, 0x00, } },
  { .id = 2930, .a = 407, .b = 290, .token = {' ', 'P', 'a', 'r', 0x00, 0x00, 0x00, 0x00, 0x00, 0x00, 0x00, 0x00, 0x00, 0x00, 0x00, 0x00, 0x00, 0x00, 0x00, 0x00, 0x00, 0x00, 0x00, 0x00, 0x00, 0x00, 0x00, 0x00, 0x00, 0x00, 0x00, 0x00, } },
  { .id = 2931, .a = 566, .b = 290, .token = {' ', 'c', 'o', 'm', 'p', 'a', 'r', 0x00, 0x00, 0x00, 0x00, 0x00, 0x00, 0x00, 0x00, 0x00, 0x00, 0x00, 0x00, 0x00, 0x00, 0x00, 0x00, 0x00, 0x00, 0x00, 0x00, 0x00, 0x00, 0x00, 0x00, 0x00, } },
  { .id = 2932, .a = 2195, .b = 1932, .token = {' ', 's', 'o', 'f', 't', 'w', 'a', 'r', 'e', 0x00, 0x00, 0x00, 0x00, 0x00, 0x00, 0x00, 0x00, 0x00, 0x00, 0x00, 0x00, 0x00, 0x00, 0x00, 0x00, 0x00, 0x00, 0x00, 0x00, 0x00, 0x00, 0x00, } },
  { .id = 2933, .a = 1536, .b = 270, .token = {' ', 'm', 'i', 'l', 'e', 's', 0x00, 0x00, 0x00, 0x00, 0x00, 0x00, 0x00, 0x00, 0x00, 0x00, 0x00, 0x00, 0x00, 0x00, 0x00, 0x00, 0x00, 0x00, 0x00, 0x00, 0x00, 0x00, 0x00, 0x00, 0x00, 0x00, } },
  { .id = 2934, .a = 2245, .b = 445, .token = {' ', 'p', 'r', 'e', 's', 's', 'u', 'r', 'e', 0x00, 0x00, 0x00, 0x00, 0x00, 0x00, 0x00, 0x00, 0x00, 0x00, 0x00, 0x00, 0x00, 0x00, 0x00, 0x00, 0x00, 0x00, 0x00, 0x00, 0x00, 0x00, 0x00, } },
  { .id = 2935, .a = 539, .b = 347, .token = {'a', 'b', 'e', 'l', 0x00, 0x00, 0x00, 0x00, 0x00, 0x00, 0x00, 0x00, 0x00, 0x00, 0x00, 0x00, 0x00, 0x00, 0x00, 0x00, 0x00, 0x00, 0x00, 0x00, 0x00, 0x00, 0x00, 0x00, 0x00, 0x00, 0x00, 0x00, } },
  { .id = 2936, .a = 923, .b = 870, .token = {' ', 'a', 't', 't', 'r', 'a', 'c', 't', 0x00, 0x00, 0x00, 0x00, 0x00, 0x00, 0x00, 0x00, 0x00, 0x00, 0x00, 0x00, 0x00, 0x00, 0x00, 0x00, 0x00, 0x00, 0x00, 0x00, 0x00, 0x00, 0x00, 0x00, } },
  { .id = 2937, .a = 510, .b = 323, .token = {' ', 'I', 'n', 's', 't', 0x00, 0x00, 0x00, 0x00, 0x00, 0x00, 0x00, 0x00, 0x00, 0x00, 0x00, 0x00, 0x00, 0x00, 0x00, 0x00, 0x00, 0x00, 0x00, 0x00, 0x00, 0x00, 0x00, 0x00, 0x00, 0x00, 0x00, } },
  { .id = 2938, .a = 1097, .b = 109, .token = {' ', 'c', 'h', 'e', 'm', 0x00, 0x00, 0x00, 0x00, 0x00, 0x00, 0x00, 0x00, 0x00, 0x00, 0x00, 0x00, 0x00, 0x00, 0x00, 0x00, 0x00, 0x00, 0x00, 0x00, 0x00, 0x00, 0x00, 0x00, 0x00, 0x00, 0x00, } },
  { .id = 2939, .a = 2184, .b = 720, .token = {'S', 'e', 'l', 'e', 'c', 't', 0x00, 0x00, 0x00, 0x00, 0x00, 0x00, 0x00, 0x00, 0x00, 0x00, 0x00, 0x00, 0x00, 0x00, 0x00, 0x00, 0x00, 0x00, 0x00, 0x00, 0x00, 0x00, 0x00, 0x00, 0x00, 0x00, } },
  { .id = 2940, .a = 287, .b = 590, .token = {' ', 'm', 'a', 's', 's', 0x00, 0x00, 0x00, 0x00, 0x00, 0x00, 0x00, 0x00, 0x00, 0x00, 0x00, 0x00, 0x00, 0x00, 0x00, 0x00, 0x00, 0x00, 0x00, 0x00, 0x00, 0x00, 0x00, 0x00, 0x00, 0x00, 0x00, } },
  { .id = 2941, .a = 593, .b = 115, .token = {'i', 'p', 's', 0x00, 0x00, 0x00, 0x00, 0x00, 0x00, 0x00, 0x00, 0x00, 0x00, 0x00, 0x00, 0x00, 0x00, 0x00, 0x00, 0x00, 0x00, 0x00, 0x00, 0x00, 0x00, 0x00, 0x00, 0x00, 0x00, 0x00, 0x00, 0x00, } },
  { .id = 2942, .a = 394, .b = 486, .token = {' ', 'e', 'x', 'a', 'c', 't', 0x00, 0x00, 0x00, 0x00, 0x00, 0x00, 0x00, 0x00, 0x00, 0x00, 0x00, 0x00, 0x00, 0x00, 0x00, 0x00, 0x00, 0x00, 0x00, 0x00, 0x00, 0x00, 0x00, 0x00, 0x00, 0x00, } },
  { .id = 2943, .a = 754, .b = 517, .token = {' ', 'c', 'r', 'e', 'a', 't', 'e', 'd', 0x00, 0x00, 0x00, 0x00, 0x00, 0x00, 0x00, 0x00, 0x00, 0x00, 0x00, 0x00, 0x00, 0x00, 0x00, 0x00, 0x00, 0x00, 0x00, 0x00, 0x00, 0x00, 0x00, 0x00, } },
  { .id = 2944, .a = 1122, .b = 538, .token = {' ', 'i', 'n', 'c', 'r', 'e', 'a', 's', 'e', 'd', 0x00, 0x00, 0x00, 0x00, 0x00, 0x00, 0x00, 0x00, 0x00, 0x00, 0x00, 0x00, 0x00, 0x00, 0x00, 0x00, 0x00, 0x00, 0x00, 0x00, 0x00, 0x00, } },
  { .id = 2945, .a = 477, .b = 108, .token = {' ', 'E', 'l', 0x00, 0x00, 0x00, 0x00, 0x00, 0x00, 0x00, 0x00, 0x00, 0x00, 0x00, 0x00, 0x00, 0x00, 0x00, 0x00, 0x00, 0x00, 0x00, 0x00, 0x00, 0x00, 0x00, 0x00, 0x00, 0x00, 0x00, 0x00, 0x00, } },
  { .id = 2946, .a = 2828, .b = 441, .token = {' ', 'p', 'l', 'a', 't', 'f', 'o', 'r', 'm', 0x00, 0x00, 0x00, 0x00, 0x00, 0x00, 0x00, 0x00, 0x00, 0x00, 0x00, 0x00, 0x00, 0x00, 0x00, 0x00, 0x00, 0x00, 0x00, 0x00, 0x00, 0x00, 0x00, } },
  { .id = 2947, .a = 103, .b = 278, .token = {'g', 'o', 'r', 0x00, 0x00, 0x00, 0x00, 0x00, 0x00, 0x00, 0x00, 0x00, 0x00, 0x00, 0x00, 0x00, 0x00, 0x00, 0x00, 0x00, 0x00, 0x00, 0x00, 0x00, 0x00, 0x00, 0x00, 0x00, 0x00, 0x00, 0x00, 0x00, } },
  { .id = 2948, .a = 291, .b = 776, .token = {' ', 'd', 'a', 'r', 'k', 0x00, 0x00, 0x00, 0x00, 0x00, 0x00, 0x00, 0x00, 0x00, 0x00, 0x00, 0x00, 0x00, 0x00, 0x00, 0x00, 0x00, 0x00, 0x00, 0x00, 0x00, 0x00, 0x00, 0x00, 0x00, 0x00, 0x00, } },
  { .id = 2949, .a = 858, .b = 432, .token = {' ', 't', 'h', 'r', 'o', 'u', 'g', 'h', 'o', 'u', 't', 0x00, 0x00, 0x00, 0x00, 0x00, 0x00, 0x00, 0x00, 0x00, 0x00, 0x00, 0x00, 0x00, 0x00, 0x00, 0x00, 0x00, 0x00, 0x00, 0x00, 0x00, } },
  { .id = 2950, .a = 102, .b = 2000, .token = {'f', 'r', 'i', 'e', 'n', 'd', 'l', 'y', 0x00, 0x00, 0x00, 0x00, 0x00, 0x00, 0x00, 0x00, 0x00, 0x00, 0x00, 0x00, 0x00, 0x00, 0x00, 0x00, 0x00, 0x00, 0x00, 0x00, 0x00, 0x00, 0x00, 0x00, } },
  { .id = 2951, .a = 1144, .b = 1842, .token = {' ', 'c', 'a', 'r', 'e', 'f', 'u', 'l', 'l', 'y', 0x00, 0x00, 0x00, 0x00, 0x00, 0x00, 0x00, 0x00, 0x00, 0x00, 0x00, 0x00, 0x00, 0x00, 0x00, 0x00, 0x00, 0x00, 0x00, 0x00, 0x00, 0x00, } },
  { .id = 2952, .a = 79, .b = 78, .token = {'O', 'N', 0x00, 0x00, 0x00, 0x00, 0x00, 0x00, 0x00, 0x00, 0x00, 0x00, 0x00, 0x00, 0x00, 0x00, 0x00, 0x00, 0x00, 0x00, 0x00, 0x00, 0x00, 0x00, 0x00, 0x00, 0x00, 0x00, 0x00, 0x00, 0x00, 0x00, } },
  { .id = 2953, .a = 117, .b = 347, .token = {'u', 'e', 'l', 0x00, 0x00, 0x00, 0x00, 0x00, 0x00, 0x00, 0x00, 0x00, 0x00, 0x00, 0x00, 0x00, 0x00, 0x00, 0x00, 0x00, 0x00, 0x00, 0x00, 0x00, 0x00, 0x00, 0x00, 0x00, 0x00, 0x00, 0x00, 0x00, } },
  { .id = 2954, .a = 522, .b = 122, .token = {'i', 'z', 'z', 0x00, 0x00, 0x00, 0x00, 0x00, 0x00, 0x00, 0x00, 0x00, 0x00, 0x00, 0x00, 0x00, 0x00, 0x00, 0x00, 0x00, 0x00, 0x00, 0x00, 0x00, 0x00, 0x00, 0x00, 0x00, 0x00, 0x00, 0x00, 0x00, } },
  { .id = 2955, .a = 431, .b = 270, .token = {' ', 'D', 'e', 's', 0x00, 0x00, 0x00, 0x00, 0x00, 0x00, 0x00, 0x00, 0x00, 0x00, 0x00, 0x00, 0x00, 0x00, 0x00, 0x00, 0x00, 0x00, 0x00, 0x00, 0x00, 0x00, 0x00, 0x00, 0x00, 0x00, 0x00, 0x00, } },
  { .id = 2956, .a = 480, .b = 402, .token = {'p', 'l', 'a', 'i', 'n', 0x00, 0x00, 0x00, 0x00, 0x00, 0x00, 0x00, 0x00, 0x00, 0x00, 0x00, 0x00, 0x00, 0x00, 0x00, 0x00, 0x00, 0x00, 0x00, 0x00, 0x00, 0x00, 0x00, 0x00, 0x00, 0x00, 0x00, } },
  { .id = 2957, .a = 923, .b = 2026, .token = {' ', 'a', 't', 't', 'e', 'n', 't', 'i', 'o', 'n', 0x00, 0x00, 0x00, 0x00, 0x00, 0x00, 0x00, 0x00, 0x00, 0x00, 0x00, 0x00, 0x00, 0x00, 0x00, 0x00, 0x00, 0x00, 0x00, 0x00, 0x00, 0x00, } },
  { .id = 2958, .a = 306, .b = 641, .token = {' ', 'e', 'a', 't', 'i', 'n', 'g', 0x00, 0x00, 0x00, 0x00, 0x00, 0x00, 0x00, 0x00, 0x00, 0x00, 0x00, 0x00, 0x00, 0x00, 0x00, 0x00, 0x00, 0x00, 0x00, 0x00, 0x00, 0x00, 0x00, 0x00, 0x00, } },
  { .id = 2959, .a = 540, .b = 1523, .token = {' ', 'a', 'd', 'a', 'p', 't', 0x00, 0x00, 0x00, 0x00, 0x00, 0x00, 0x00, 0x00, 0x00, 0x00, 0x00, 0x00, 0x00, 0x00, 0x00, 0x00, 0x00, 0x00, 0x00, 0x00, 0x00, 0x00, 0x00, 0x00, 0x00, 0x00, } },
  { .id = 2960, .a = 385, .b = 1634, .token = {' ', 'c', 'o', 'm', 'f', 'o', 'r', 't', 0x00, 0x00, 0x00, 0x00, 0x00, 0x00, 0x00, 0x00, 0x00, 0x00, 0x00, 0x00, 0x00, 0x00, 0x00, 0x00, 0x00, 0x00, 0x00, 0x00, 0x00, 0x00, 0x00, 0x00, } },
  { .id = 2961, .a = 1230, .b = 283, .token = {' ', 's', 't', 'a', 'r', 't', 'e', 'd', 0x00, 0x00, 0x00, 0x00, 0x00, 0x00, 0x00, 0x00, 0x00, 0x00, 0x00, 0x00, 0x00, 0x00, 0x00, 0x00, 0x00, 0x00, 0x00, 0x00, 0x00, 0x00, 0x00, 0x00, } },
  { .id = 2962, .a = 1644, .b = 101, .token = {' ', 'c', 'o', 'n', 't', 'r', 'i', 'b', 'u', 't', 'e', 0x00, 0x00, 0x00, 0x00, 0x00, 0x00, 0x00, 0x00, 0x00, 0x00, 0x00, 0x00, 0x00, 0x00, 0x00, 0x00, 0x00, 0x00, 0x00, 0x00, 0x00, } },
  { .id = 2963, .a = 56, .b = 48, .token = {'8', '0', 0x00, 0x00, 0x00, 0x00, 0x00, 0x00, 0x00, 0x00, 0x00, 0x00, 0x00, 0x00, 0x00, 0x00, 0x00, 0x00, 0x00, 0x00, 0x00, 0x00, 0x00, 0x00, 0x00, 0x00, 0x00, 0x00, 0x00, 0x00, 0x00, 0x00, } },
  { .id = 2964, .a = 331, .b = 327, .token = {' ', 'A', 'i', 'r', 0x00, 0x00, 0x00, 0x00, 0x00, 0x00, 0x00, 0x00, 0x00, 0x00, 0x00, 0x00, 0x00, 0x00, 0x00, 0x00, 0x00, 0x00, 0x00, 0x00, 0x00, 0x00, 0x00, 0x00, 0x00, 0x00, 0x00, 0x00, } },
  { .id = 2965, .a = 332, .b = 1665, .token = {' ', 'S', 'o', 'u', 't', 'h', 0x00, 0x00, 0x00, 0x00, 0x00, 0x00, 0x00, 0x00, 0x00, 0x00, 0x00, 0x00, 0x00, 0x00, 0x00, 0x00, 0x00, 0x00, 0x00, 0x00, 0x00, 0x00, 0x00, 0x00, 0x00, 0x00, } },
  { .id = 2966, .a = 460, .b = 115, .token = {'i', 'g', 'h', 't', 's', 0x00, 0x00, 0x00, 0x00, 0x00, 0x00, 0x00, 0x00, 0x00, 0x00, 0x00, 0x00, 0x00, 0x00, 0x00, 0x00, 0x00, 0x00, 0x00, 0x00, 0x00, 0x00, 0x00, 0x00, 0x00, 0x00, 0x00, } },
  { .id = 2967, .a = 1809, .b = 464, .token = {' ', 'd', 'i', 'v', 'i', 'd', 'e', 0x00, 0x00, 0x00, 0x00, 0x00, 0x00, 0x00, 0x00, 0x00, 0x00, 0x00, 0x00, 0x00, 0x00, 0x00, 0x00, 0x00, 0x00, 0x00, 0x00, 0x00, 0x00, 0x00, 0x00, 0x00, } },
  { .id = 2968, .a = 2113, .b = 281, .token = {' ', 'v', 'e', 'r', 's', 'i', 'o', 'n', 0x00, 0x00, 0x00, 0x00, 0x00, 0x00, 0x00, 0x00, 0x00, 0x00, 0x00, 0x00, 0x00, 0x00, 0x00, 0x00, 0x00, 0x00, 0x00, 0x00, 0x00, 0x00, 0x00, 0x00, } },
  { .id = 2969, .a = 111, .b = 293, .token = {'o', 'l', 'e', 0x00, 0x00, 0x00, 0x00, 0x00, 0x00, 0x00, 0x00, 0x00, 0x00, 0x00, 0x00, 0x00, 0x00, 0x00, 0x00, 0x00, 0x00, 0x00, 0x00, 0x00, 0x00, 0x00, 0x00, 0x00, 0x00, 0x00, 0x00, 0x00, } },
  { .id = 2970, .a = 2015, .b = 294, .token = {' ', 'e', 'c', 'o', 'n', 'o', 'm', 'i', 'c', 0x00, 0x00, 0x00, 0x00, 0x00, 0x00, 0x00, 0x00, 0x00, 0x00, 0x00, 0x00, 0x00, 0x00, 0x00, 0x00, 0x00, 0x00, 0x00, 0x00, 0x00, 0x00, 0x00, } },
  { .id = 2971, .a = 297, .b = 2088, .token = {' ', 't', 'h', 'i', 'n', 'k', 'i', 'n', 'g', 0x00, 0x00, 0x00, 0x00, 0x00, 0x00, 0x00, 0x00, 0x00, 0x00, 0x00, 0x00, 0x00, 0x00, 0x00, 0x00, 0x00, 0x00, 0x00, 0x00, 0x00, 0x00, 0x00, } },
  { .id = 2972, .a = 989, .b = 301, .token = {' ', 'f', 'u', 'n', 'c', 't', 0x00, 0x00, 0x00, 0x00, 0x00, 0x00, 0x00, 0x00, 0x00, 0x00, 0x00, 0x00, 0x00, 0x00, 0x00, 0x00, 0x00, 0x00, 0x00, 0x00, 0x00, 0x00, 0x00, 0x00, 0x00, 0x00, } },
  { .id = 2973, .a = 385, .b = 270, .token = {' ', 'c', 'o', 'm', 'e', 's', 0x00, 0x00, 0x00, 0x00, 0x00, 0x00, 0x00, 0x00, 0x00, 0x00, 0x00, 0x00, 0x00, 0x00, 0x00, 0x00, 0x00, 0x00, 0x00, 0x00, 0x00, 0x00, 0x00, 0x00, 0x00, 0x00, } },
  { .id = 2974, .a = 702, .b = 866, .token = {' ', 'g', 'o', 'a', 'l', 's', 0x00, 0x00, 0x00, 0x00, 0x00, 0x00, 0x00, 0x00, 0x00, 0x00, 0x00, 0x00, 0x00, 0x00, 0x00, 0x00, 0x00, 0x00, 0x00, 0x00, 0x00, 0x00, 0x00, 0x00, 0x00, 0x00, } },
  { .id = 2975, .a = 422, .b = 275, .token = {'i', 'l', 'l', 'i', 'n', 'g', 0x00, 0x00, 0x00, 0x00, 0x00, 0x00, 0x00, 0x00, 0x00, 0x00, 0x00, 0x00, 0x00, 0x00, 0x00, 0x00, 0x00, 0x00, 0x00, 0x00, 0x00, 0x00, 0x00, 0x00, 0x00, 0x00, } },
  { .id = 2976, .a = 103, .b = 290, .token = {'g', 'a', 'r', 0x00, 0x00, 0x00, 0x00, 0x00, 0x00, 0x00, 0x00, 0x00, 0x00, 0x00, 0x00, 0x00, 0x00, 0x00, 0x00, 0x00, 0x00, 0x00, 0x00, 0x00, 0x00, 0x00, 0x00, 0x00, 0x00, 0x00, 0x00, 0x00, } },
  { .id = 2977, .a = 67, .b = 271, .token = {'C', 'a', 'n', 0x00, 0x00, 0x00, 0x00, 0x00, 0x00, 0x00, 0x00, 0x00, 0x00, 0x00, 0x00, 0x00, 0x00, 0x00, 0x00, 0x00, 0x00, 0x00, 0x00, 0x00, 0x00, 0x00, 0x00, 0x00, 0x00, 0x00, 0x00, 0x00, } },
  { .id = 2978, .a = 312, .b = 101, .token = {' ', 'g', 'e', 0x00, 0x00, 0x00, 0x00, 0x00, 0x00, 0x00, 0x00, 0x00, 0x00, 0x00, 0x00, 0x00, 0x00, 0x00, 0x00, 0x00, 0x00, 0x00, 0x00, 0x00, 0x00, 0x00, 0x00, 0x00, 0x00, 0x00, 0x00, 0x00, } },
  { .id = 2979, .a = 2231, .b = 2760, .token = {' ', 'b', 'e', 'a', 'u', 't', 'i', 'f', 'u', 'l', 0x00, 0x00, 0x00, 0x00, 0x00, 0x00, 0x00, 0x00, 0x00, 0x00, 0x00, 0x00, 0x00, 0x00, 0x00, 0x00, 0x00, 0x00, 0x00, 0x00, 0x00, 0x00, } },
  { .id = 2980, .a = 264, .b = 101, .token = {'e', 'n', 'e', 0x00, 0x00, 0x00, 0x00, 0x00, 0x00, 0x00, 0x00, 0x00, 0x00, 0x00, 0x00, 0x00, 0x00, 0x00, 0x00, 0x00, 0x00, 0x00, 0x00, 0x00, 0x00, 0x00, 0x00, 0x00, 0x00, 0x00, 0x00, 0x00, } },
  { .id = 2981, .a = 307, .b = 260, .token = {'o', 'm', 'i', 'n', 0x00, 0x00, 0x00, 0x00, 0x00, 0x00, 0x00, 0x00, 0x00, 0x00, 0x00, 0x00, 0x00, 0x00, 0x00, 0x00, 0x00, 0x00, 0x00, 0x00, 0x00, 0x00, 0x00, 0x00, 0x00, 0x00, 0x00, 0x00, } },
  { .id = 2982, .a = 326, .b = 969, .token = {' ', 'b', 'e', 'g', 'a', 'n', 0x00, 0x00, 0x00, 0x00, 0x00, 0x00, 0x00, 0x00, 0x00, 0x00, 0x00, 0x00, 0x00, 0x00, 0x00, 0x00, 0x00, 0x00, 0x00, 0x00, 0x00, 0x00, 0x00, 0x00, 0x00, 0x00, } },
  { .id = 2983, .a = 331, .b = 789, .token = {' ', 'A', 'l', 'l', 0x00, 0x00, 0x00, 0x00, 0x00, 0x00, 0x00, 0x00, 0x00, 0x00, 0x00, 0x00, 0x00, 0x00, 0x00, 0x00, 0x00, 0x00, 0x00, 0x00, 0x00, 0x00, 0x00, 0x00, 0x00, 0x00, 0x00, 0x00, } },
  { .id = 2984, .a = 421, .b = 267, .token = {' ', 'H', 'i', 's', 0x00, 0x00, 0x00, 0x00, 0x00, 0x00, 0x00, 0x00, 0x00, 0x00, 0x00, 0x00, 0x00, 0x00, 0x00, 0x00, 0x00, 0x00, 0x00, 0x00, 0x00, 0x00, 0x00, 0x00, 0x00, 0x00, 0x00, 0x00, } },
  { .id = 2985, .a = 1654, .b = 1256, .token = {' ', 'p', 'a', 't', 't', 'e', 'r', 'n', 0x00, 0x00, 0x00, 0x00, 0x00, 0x00, 0x00, 0x00, 0x00, 0x00, 0x00, 0x00, 0x00, 0x00, 0x00, 0x00, 0x00, 0x00, 0x00, 0x00, 0x00, 0x00, 0x00, 0x00, } },
  { .id = 2986, .a = 433, .b = 557, .token = {' ', 'l', 'e', 'a', 's', 't', 0x00, 0x00, 0x00, 0x00, 0x00, 0x00, 0x00, 0x00, 0x00, 0x00, 0x00, 0x00, 0x00, 0x00, 0x00, 0x00, 0x00, 0x00, 0x00, 0x00, 0x00, 0x00, 0x00, 0x00, 0x00, 0x00, } },
  { .id = 2987, .a = 269, .b = 282, .token = {' ', 'c', 'a', 'l', 0x00, 0x00, 0x00, 0x00, 0x00, 0x00, 0x00, 0x00, 0x00, 0x00, 0x00, 0x00, 0x00, 0x00, 0x00, 0x00, 0x00, 0x00, 0x00, 0x00, 0x00, 0x00, 0x00, 0x00, 0x00, 0x00, 0x00, 0x00, } },
  { .id = 2988, .a = 727, .b = 343, .token = {'e', 'a', 'r', 'c', 'h', 0x00, 0x00, 0x00, 0x00, 0x00, 0x00, 0x00, 0x00, 0x00, 0x00, 0x00, 0x00, 0x00, 0x00, 0x00, 0x00, 0x00, 0x00, 0x00, 0x00, 0x00, 0x00, 0x00, 0x00, 0x00, 0x00, 0x00, } },
  { .id = 2989, .a = 32, .b = 195, .token = {' ', 0xc3, 0x00, 0x00, 0x00, 0x00, 0x00, 0x00, 0x00, 0x00, 0x00, 0x00, 0x00, 0x00, 0x00, 0x00, 0x00, 0x00, 0x00, 0x00, 0x00, 0x00, 0x00, 0x00, 0x00, 0x00, 0x00, 0x00, 0x00, 0x00, 0x00, 0x00, } },
  { .id = 2990, .a = 702, .b = 270, .token = {' ', 'g', 'o', 'e', 's', 0x00, 0x00, 0x00, 0x00, 0x00, 0x00, 0x00, 0x00, 0x00, 0x00, 0x00, 0x00, 0x00, 0x00, 0x00, 0x00, 0x00, 0x00, 0x00, 0x00, 0x00, 0x00, 0x00, 0x00, 0x00, 0x00, 0x00, } },
  { .id = 2991, .a = 324, .b = 260, .token = {'i', 'm', 'i', 'n', 0x00, 0x00, 0x00, 0x00, 0x00, 0x00, 0x00, 0x00, 0x00, 0x00, 0x00, 0x00, 0x00, 0x00, 0x00, 0x00, 0x00, 0x00, 0x00, 0x00, 0x00, 0x00, 0x00, 0x00, 0x00, 0x00, 0x00, 0x00, } },
  { .id = 2992, .a = 1074, .b = 750, .token = {' ', 'f', 'e', 'e', 'l', 'i', 'n', 'g', 's', 0x00, 0x00, 0x00, 0x00, 0x00, 0x00, 0x00, 0x00, 0x00, 0x00, 0x00, 0x00, 0x00, 0x00, 0x00, 0x00, 0x00, 0x00, 0x00, 0x00, 0x00, 0x00, 0x00, } },
  { .id = 2993, .a = 1760, .b = 305, .token = {' ', 'p', 'i', 'e', 'c', 'e', 0x00, 0x00, 0x00, 0x00, 0x00, 0x00, 0x00, 0x00, 0x00, 0x00, 0x00, 0x00, 0x00, 0x00, 0x00, 0x00, 0x00, 0x00, 0x00, 0x00, 0x00, 0x00, 0x00, 0x00, 0x00, 0x00, } },
  { .id = 2994, .a = 412, .b = 396, .token = {'o', 'u', 'n', 't', 'e', 'r', 0x00, 0x00, 0x00, 0x00, 0x00, 0x00, 0x00, 0x00, 0x00, 0x00, 0x00, 0x00, 0x00, 0x00, 0x00, 0x00, 0x00, 0x00, 0x00, 0x00, 0x00, 0x00, 0x00, 0x00, 0x00, 0x00, } },
  { .id = 2995, .a = 1281, .b = 453, .token = {' ', 'e', 'n', 'g', 'i', 'n', 'e', 0x00, 0x00, 0x00, 0x00, 0x00, 0x00, 0x00, 0x00, 0x00, 0x00, 0x00, 0x00, 0x00, 0x00, 0x00, 0x00, 0x00, 0x00, 0x00, 0x00, 0x00, 0x00, 0x00, 0x00, 0x00, } },
  { .id = 2996, .a = 658, .b = 53, .token = {'1', '9', '5', 0x00, 0x00, 0x00, 0x00, 0x00, 0x00, 0x00, 0x00, 0x00, 0x00, 0x00, 0x00, 0x00, 0x00, 0x00, 0x00, 0x00, 0x00, 0x00, 0x00, 0x00, 0x00, 0x00, 0x00, 0x00, 0x00, 0x00, 0x00, 0x00, } },
  { .id = 2997, .a = 810, .b = 100, .token = {' ', 's', 'o', 'l', 'd', 0x00, 0x00, 0x00, 0x00, 0x00, 0x00, 0x00, 0x00, 0x00, 0x00, 0x00, 0x00, 0x00, 0x00, 0x00, 0x00, 0x00, 0x00, 0x00, 0x00, 0x00, 0x00, 0x00, 0x00, 0x00, 0x00, 0x00, } },
  { .id = 2998, .a = 74, .b = 479, .token = {'J', 'u', 's', 't', 0x00, 0x00, 0x00, 0x00, 0x00, 0x00, 0x00, 0x00, 0x00, 0x00, 0x00, 0x00, 0x00, 0x00, 0x00, 0x00, 0x00, 0x00, 0x00, 0x00, 0x00, 0x00, 0x00, 0x00, 0x00, 0x00, 0x00, 0x00, } },
  { .id = 2999, .a = 440, .b = 348, .token = {' ', 'u', 's', 'e', 'r', 's', 0x00, 0x00, 0x00, 0x00, 0x00, 0x00, 0x00, 0x00, 0x00, 0x00, 0x00, 0x00, 0x00, 0x00, 0x00, 0x00, 0x00, 0x00, 0x00, 0x00, 0x00, 0x00, 0x00, 0x00, 0x00, 0x00, } },
  { .id = 3000, .a = 257, .b = 2533, .token = {' ', 't', 'a', 'k', 'e', 'n', 0x00, 0x00, 0x00, 0x00, 0x00, 0x00, 0x00, 0x00, 0x00, 0x00, 0x00, 0x00, 0x00, 0x00, 0x00, 0x00, 0x00, 0x00, 0x00, 0x00, 0x00, 0x00, 0x00, 0x00, 0x00, 0x00, } },
  { .id = 3001, .a = 265, .b = 1284, .token = {' ', 's', 'l', 'i', 'g', 'h', 't', 0x00, 0x00, 0x00, 0x00, 0x00, 0x00, 0x00, 0x00, 0x00, 0x00, 0x00, 0x00, 0x00, 0x00, 0x00, 0x00, 0x00, 0x00, 0x00, 0x00, 0x00, 0x00, 0x00, 0x00, 0x00, } },
  { .id = 3002, .a = 630, .b = 263, .token = {'a', 'n', 'g', 'e', 'r', 0x00, 0x00, 0x00, 0x00, 0x00, 0x00, 0x00, 0x00, 0x00, 0x00, 0x00, 0x00, 0x00, 0x00, 0x00, 0x00, 0x00, 0x00, 0x00, 0x00, 0x00, 0x00, 0x00, 0x00, 0x00, 0x00, 0x00, } },
  { .id = 3003, .a = 77, .b = 101, .token = {'M', 'e', 0x00, 0x00, 0x00, 0x00, 0x00, 0x00, 0x00, 0x00, 0x00, 0x00, 0x00, 0x00, 0x00, 0x00, 0x00, 0x00, 0x00, 0x00, 0x00, 0x00, 0x00, 0x00, 0x00, 0x00, 0x00, 0x00, 0x00, 0x00, 0x00, 0x00, } },
  { .id = 3004, .a = 1006, .b = 118, .token = {' ', 's', 'u', 'r', 'v', 0x00, 0x00, 0x00, 0x00, 0x00, 0x00, 0x00, 0x00, 0x00, 0x00, 0x00, 0x00, 0x00, 0x00, 0x00, 0x00, 0x00, 0x00, 0x00, 0x00, 0x00, 0x00, 0x00, 0x00, 0x00, 0x00, 0x00, } },
  { .id = 3005, .a = 1801, .b = 314, .token = {' ', 'e', 'd', 'u', 'c', 'a', 't', 'i', 'o', 'n', 0x00, 0x00, 0x00, 0x00, 0x00, 0x00, 0x00, 0x00, 0x00, 0x00, 0x00, 0x00, 0x00, 0x00, 0x00, 0x00, 0x00, 0x00, 0x00, 0x00, 0x00, 0x00, } },
  { .id = 3006, .a = 1955, .b = 275, .token = {' ', 'w', 'a', 't', 'c', 'h', 'i', 'n', 'g', 0x00, 0x00, 0x00, 0x00, 0x00, 0x00, 0x00, 0x00, 0x00, 0x00, 0x00, 0x00, 0x00, 0x00, 0x00, 0x00, 0x00, 0x00, 0x00, 0x00, 0x00, 0x00, 0x00, } },
  { .id = 3007, .a = 326, .b = 580, .token = {' ', 'b', 'e', 'a', 'c', 'h', 0x00, 0x00, 0x00, 0x00, 0x00, 0x00, 0x00, 0x00, 0x00, 0x00, 0x00, 0x00, 0x00, 0x00, 0x00, 0x00, 0x00, 0x00, 0x00, 0x00, 0x00, 0x00, 0x00, 0x00, 0x00, 0x00, } },
  { .id = 3008, .a = 414, .b = 121, .token = {' ', 'M', 'y', 0x00, 0x00, 0x00, 0x00, 0x00, 0x00, 0x00, 0x00, 0x00, 0x00, 0x00, 0x00, 0x00, 0x00, 0x00, 0x00, 0x00, 0x00, 0x00, 0x00, 0x00, 0x00, 0x00, 0x00, 0x00, 0x00, 0x00, 0x00, 0x00, } },
  { .id = 3009, .a = 111, .b = 318, .token = {'o', 's', 's', 0x00, 0x00, 0x00, 0x00, 0x00, 0x00, 0x00, 0x00, 0x00, 0x00, 0x00, 0x00, 0x00, 0x00, 0x00, 0x00, 0x00, 0x00, 0x00, 0x00, 0x00, 0x00, 0x00, 0x00, 0x00, 0x00, 0x00, 0x00, 0x00, } },
  { .id = 3010, .a = 409, .b = 2684, .token = {' ', 'p', 'r', 'e', 'v', 'i', 'o', 'u', 's', 0x00, 0x00, 0x00, 0x00, 0x00, 0x00, 0x00, 0x00, 0x00, 0x00, 0x00, 0x00, 0x00, 0x00, 0x00, 0x00, 0x00, 0x00, 0x00, 0x00, 0x00, 0x00, 0x00, } },
  { .id = 3011, .a = 708, .b = 2063, .token = {' ', 'a', 'c', 'c', 'o', 'r', 'd', 'i', 'n', 'g', 0x00, 0x00, 0x00, 0x00, 0x00, 0x00, 0x00, 0x00, 0x00, 0x00, 0x00, 0x00, 0x00, 0x00, 0x00, 0x00, 0x00, 0x00, 0x00, 0x00, 0x00, 0x00, } },
  { .id = 3012, .a = 1646, .b = 324, .token = {' ', 's', 'w', 'i', 'm', 0x00, 0x00, 0x00, 0x00, 0x00, 0x00, 0x00, 0x00, 0x00, 0x00, 0x00, 0x00, 0x00, 0x00, 0x00, 0x00, 0x00, 0x00, 0x00, 0x00, 0x00, 0x00, 0x00, 0x00, 0x00, 0x00, 0x00, } },
  { .id = 3013, .a = 489, .b = 101, .token = {' ', 'N', 'e', 0x00, 0x00, 0x00, 0x00, 0x00, 0x00, 0x00, 0x00, 0x00, 0x00, 0x00, 0x00, 0x00, 0x00, 0x00, 0x00, 0x00, 0x00, 0x00, 0x00, 0x00, 0x00, 0x00, 0x00, 0x00, 0x00, 0x00, 0x00, 0x00, } },
  { .id = 3014, .a = 114, .b = 278, .token = {'r', 'o', 'r', 0x00, 0x00, 0x00, 0x00, 0x00, 0x00, 0x00, 0x00, 0x00, 0x00, 0x00, 0x00, 0x00, 0x00, 0x00, 0x00, 0x00, 0x00, 0x00, 0x00, 0x00, 0x00, 0x00, 0x00, 0x00, 0x00, 0x00, 0x00, 0x00, } },
  { .id = 3015, .a = 354, .b = 282, .token = {' ', 'C', 'a', 'l', 0x00, 0x00, 0x00, 0x00, 0x00, 0x00, 0x00, 0x00, 0x00, 0x00, 0x00, 0x00, 0x00, 0x00, 0x00, 0x00, 0x00, 0x00, 0x00, 0x00, 0x00, 0x00, 0x00, 0x00, 0x00, 0x00, 0x00, 0x00, } },
  { .id = 3016, .a = 1810, .b = 337, .token = {' ', 'p', 'r', 'o', 'g', 'r', 'a', 'm', 0x00, 0x00, 0x00, 0x00, 0x00, 0x00, 0x00, 0x00, 0x00, 0x00, 0x00, 0x00, 0x00, 0x00, 0x00, 0x00, 0x00, 0x00, 0x00, 0x00, 0x00, 0x00, 0x00, 0x00, } },
  { .id = 3017, .a = 1072, .b = 580, .token = {' ', 'a', 'p', 'p', 'r', 'o', 'a', 'c', 'h', 0x00, 0x00, 0x00, 0x00, 0x00, 0x00, 0x00, 0x00, 0x00, 0x00, 0x00, 0x00, 0x00, 0x00, 0x00, 0x00, 0x00, 0x00, 0x00, 0x00, 0x00, 0x00, 0x00, } },
  { .id = 3018, .a = 114, .b = 553, .token = {'r', 'o', 'n', 'g', 0x00, 0x00, 0x00, 0x00, 0x00, 0x00, 0x00, 0x00, 0x00, 0x00, 0x00, 0x00, 0x00, 0x00, 0x00, 0x00, 0x00, 0x00, 0x00, 0x00, 0x00, 0x00, 0x00, 0x00, 0x00, 0x00, 0x00, 0x00, } },
  { .id = 3019, .a = 306, .b = 372, .token = {' ', 'e', 'v', 'e', 'r', 0x00, 0x00, 0x00, 0x00, 0x00, 0x00, 0x00, 0x00, 0x00, 0x00, 0x00, 0x00, 0x00, 0x00, 0x00, 0x00, 0x00, 0x00, 0x00, 0x00, 0x00, 0x00, 0x00, 0x00, 0x00, 0x00, 0x00, } },
  { .id = 3020, .a = 771, .b = 486, .token = {' ', 'i', 'n', 't', 'e', 'r', 'a', 'c', 't', 0x00, 0x00, 0x00, 0x00, 0x00, 0x00, 0x00, 0x00, 0x00, 0x00, 0x00, 0x00, 0x00, 0x00, 0x00, 0x00, 0x00, 0x00, 0x00, 0x00, 0x00, 0x00, 0x00, } },
  { .id = 3021, .a = 1007, .b = 457, .token = {'W', 'h', 'i', 'c', 'h', 0x00, 0x00, 0x00, 0x00, 0x00, 0x00, 0x00, 0x00, 0x00, 0x00, 0x00, 0x00, 0x00, 0x00, 0x00, 0x00, 0x00, 0x00, 0x00, 0x00, 0x00, 0x00, 0x00, 0x00, 0x00, 0x00, 0x00, } },
  { .id = 3022, .a = 121, .b = 974, .token = {'y', 's', 't', 'e', 'm', 0x00, 0x00, 0x00, 0x00, 0x00, 0x00, 0x00, 0x00, 0x00, 0x00, 0x00, 0x00, 0x00, 0x00, 0x00, 0x00, 0x00, 0x00, 0x00, 0x00, 0x00, 0x00, 0x00, 0x00, 0x00, 0x00, 0x00, } },
  { .id = 3023, .a = 1128, .b = 1725, .token = {' ', 'e', 'f', 'f', 'e', 'c', 't', 'i', 'v', 'e', 'l', 'y', 0x00, 0x00, 0x00, 0x00, 0x00, 0x00, 0x00, 0x00, 0x00, 0x00, 0x00, 0x00, 0x00, 0x00, 0x00, 0x00, 0x00, 0x00, 0x00, 0x00, } },
  { .id = 3024, .a = 116, .b = 116, .token = {'t', 't', 0x00, 0x00, 0x00, 0x00, 0x00, 0x00, 0x00, 0x00, 0x00, 0x00, 0x00, 0x00, 0x00, 0x00, 0x00, 0x00, 0x00, 0x00, 0x00, 0x00, 0x00, 0x00, 0x00, 0x00, 0x00, 0x00, 0x00, 0x00, 0x00, 0x00, } },
  { .id = 3025, .a = 332, .b = 263, .token = {' ', 'S', 'e', 'r', 0x00, 0x00, 0x00, 0x00, 0x00, 0x00, 0x00, 0x00, 0x00, 0x00, 0x00, 0x00, 0x00, 0x00, 0x00, 0x00, 0x00, 0x00, 0x00, 0x00, 0x00, 0x00, 0x00, 0x00, 0x00, 0x00, 0x00, 0x00, } },
  { .id = 3026, .a = 947, .b = 2900, .token = {' ', 's', 'i', 'm', 'p', 'l', 'y', 0x00, 0x00, 0x00, 0x00, 0x00, 0x00, 0x00, 0x00, 0x00, 0x00, 0x00, 0x00, 0x00, 0x00, 0x00, 0x00, 0x00, 0x00, 0x00, 0x00, 0x00, 0x00, 0x00, 0x00, 0x00, } },
  { .id = 3027, .a = 424, .b = 358, .token = {' ', 'r', 'a', 'd', 0x00, 0x00, 0x00, 0x00, 0x00, 0x00, 0x00, 0x00, 0x00, 0x00, 0x00, 0x00, 0x00, 0x00, 0x00, 0x00, 0x00, 0x00, 0x00, 0x00, 0x00, 0x00, 0x00, 0x00, 0x00, 0x00, 0x00, 0x00, } },
  { .id = 3028, .a = 2322, .b = 316, .token = {' ', 'q', 'u', 'i', 'c', 'k', 'l', 'y', 0x00, 0x00, 0x00, 0x00, 0x00, 0x00, 0x00, 0x00, 0x00, 0x00, 0x00, 0x00, 0x00, 0x00, 0x00, 0x00, 0x00, 0x00, 0x00, 0x00, 0x00, 0x00, 0x00, 0x00, } },
  { .id = 3029, .a = 111, .b = 118, .token = {'o', 'v', 0x00, 0x00, 0x00, 0x00, 0x00, 0x00, 0x00, 0x00, 0x00, 0x00, 0x00, 0x00, 0x00, 0x00, 0x00, 0x00, 0x00, 0x00, 0x00, 0x00, 0x00, 0x00, 0x00, 0x00, 0x00, 0x00, 0x00, 0x00, 0x00, 0x00, } },
  { .id = 3030, .a = 446, .b = 797, .token = {' ', 'w', 'a', 's', 't', 'e', 0x00, 0x00, 0x00, 0x00, 0x00, 0x00, 0x00, 0x00, 0x00, 0x00, 0x00, 0x00, 0x00, 0x00, 0x00, 0x00, 0x00, 0x00, 0x00, 0x00, 0x00, 0x00, 0x00, 0x00, 0x00, 0x00, } },
  { .id = 3031, .a = 693, .b = 262, .token = {' ', 'u', 'p', 'o', 'n', 0x00, 0x00, 0x00, 0x00, 0x00, 0x00, 0x00, 0x00, 0x00, 0x00, 0x00, 0x00, 0x00, 0x00, 0x00, 0x00, 0x00, 0x00, 0x00, 0x00, 0x00, 0x00, 0x00, 0x00, 0x00, 0x00, 0x00, } },
  { .id = 3032, .a = 713, .b = 260, .token = {' ', 'p', 'r', 'i', 'n', 0x00, 0x00, 0x00, 0x00, 0x00, 0x00, 0x00, 0x00, 0x00, 0x00, 0x00, 0x00, 0x00, 0x00, 0x00, 0x00, 0x00, 0x00, 0x00, 0x00, 0x00, 0x00, 0x00, 0x00, 0x00, 0x00, 0x00, } },
  { .id = 3033, .a = 953, .b = 42, .token = {' ', '*', '*', 0x00, 0x00, 0x00, 0x00, 0x00, 0x00, 0x00, 0x00, 0x00, 0x00, 0x00, 0x00, 0x00, 0x00, 0x00, 0x00, 0x00, 0x00, 0x00, 0x00, 0x00, 0x00, 0x00, 0x00, 0x00, 0x00, 0x00, 0x00, 0x00, } },
  { .id = 3034, .a = 1616, .b = 121, .token = {'r', 'e', 'a', 'd', 'y', 0x00, 0x00, 0x00, 0x00, 0x00, 0x00, 0x00, 0x00, 0x00, 0x00, 0x00, 0x00, 0x00, 0x00, 0x00, 0x00, 0x00, 0x00, 0x00, 0x00, 0x00, 0x00, 0x00, 0x00, 0x00, 0x00, 0x00, } },
  { .id = 3035, .a = 1155, .b = 115, .token = {' ', 'h', 'a', 'n', 'd', 's', 0x00, 0x00, 0x00, 0x00, 0x00, 0x00, 0x00, 0x00, 0x00, 0x00, 0x00, 0x00, 0x00, 0x00, 0x00, 0x00, 0x00, 0x00, 0x00, 0x00, 0x00, 0x00, 0x00, 0x00, 0x00, 0x00, } },
  { .id = 3036, .a = 100, .b = 307, .token = {'d', 'o', 'm', 0x00, 0x00, 0x00, 0x00, 0x00, 0x00, 0x00, 0x00, 0x00, 0x00, 0x00, 0x00, 0x00, 0x00, 0x00, 0x00, 0x00, 0x00, 0x00, 0x00, 0x00, 0x00, 0x00, 0x00, 0x00, 0x00, 0x00, 0x00, 0x00, } },
  { .id = 3037, .a = 328, .b = 305, .token = {' ', 'o', 'n', 'c', 'e', 0x00, 0x00, 0x00, 0x00, 0x00, 0x00, 0x00, 0x00, 0x00, 0x00, 0x00, 0x00, 0x00, 0x00, 0x00, 0x00, 0x00, 0x00, 0x00, 0x00, 0x00, 0x00, 0x00, 0x00, 0x00, 0x00, 0x00, } },
  { .id = 3038, .a = 294, .b = 97, .token = {'i', 'c', 'a', 0x00, 0x00, 0x00, 0x00, 0x00, 0x00, 0x00, 0x00, 0x00, 0x00, 0x00, 0x00, 0x00, 0x00, 0x00, 0x00, 0x00, 0x00, 0x00, 0x00, 0x00, 0x00, 0x00, 0x00, 0x00, 0x00, 0x00, 0x00, 0x00, } },
  { .id = 3039, .a = 361, .b = 554, .token = {' ', 'a', 's', 'k', 's', 0x00, 0x00, 0x00, 0x00, 0x00, 0x00, 0x00, 0x00, 0x00, 0x00, 0x00, 0x00, 0x00, 0x00, 0x00, 0x00, 0x00, 0x00, 0x00, 0x00, 0x00, 0x00, 0x00, 0x00, 0x00, 0x00, 0x00, } },
  { .id = 3040, .a = 313, .b = 121, .token = {'e', 't', 'y', 0x00, 0x00, 0x00, 0x00, 0x00, 0x00, 0x00, 0x00, 0x00, 0x00, 0x00, 0x00, 0x00, 0x00, 0x00, 0x00, 0x00, 0x00, 0x00, 0x00, 0x00, 0x00, 0x00, 0x00, 0x00, 0x00, 0x00, 0x00, 0x00, } },
  { .id = 3041, .a = 2897, .b = 1938, .token = {' ', 'E', 'v', 'a', 'l', 'u', 'a', 't', 'e', 0x00, 0x00, 0x00, 0x00, 0x00, 0x00, 0x00, 0x00, 0x00, 0x00, 0x00, 0x00, 0x00, 0x00, 0x00, 0x00, 0x00, 0x00, 0x00, 0x00, 0x00, 0x00, 0x00, } },
  { .id = 3042, .a = 2781, .b = 443, .token = {'Q', 'u', 'e', 's', 't', 'i', 'o', 'n', 0x00, 0x00, 0x00, 0x00, 0x00, 0x00, 0x00, 0x00, 0x00, 0x00, 0x00, 0x00, 0x00, 0x00, 0x00, 0x00, 0x00, 0x00, 0x00, 0x00, 0x00, 0x00, 0x00, 0x00, } },
  { .id = 3043, .a = 114, .b = 98, .token = {'r', 'b', 0x00, 0x00, 0x00, 0x00, 0x00, 0x00, 0x00, 0x00, 0x00, 0x00, 0x00, 0x00, 0x00, 0x00, 0x00, 0x00, 0x00, 0x00, 0x00, 0x00, 0x00, 0x00, 0x00, 0x00, 0x00, 0x00, 0x00, 0x00, 0x00, 0x00, } },
  { .id = 3044, .a = 901, .b = 109, .token = {' ', 'C', 'o', 'm', 'm', 0x00, 0x00, 0x00, 0x00, 0x00, 0x00, 0x00, 0x00, 0x00, 0x00, 0x00, 0x00, 0x00, 0x00, 0x00, 0x00, 0x00, 0x00, 0x00, 0x00, 0x00, 0x00, 0x00, 0x00, 0x00, 0x00, 0x00, } },
  { .id = 3045, .a = 1886, .b = 2511, .token = {' ', 's', 'e', 'c', 'u', 'r', 'i', 't', 'y', 0x00, 0x00, 0x00, 0x00, 0x00, 0x00, 0x00, 0x00, 0x00, 0x00, 0x00, 0x00, 0x00, 0x00, 0x00, 0x00, 0x00, 0x00, 0x00, 0x00, 0x00, 0x00, 0x00, } },
  { .id = 3046, .a = 611, .b = 2423, .token = {'a', 'p', 'h', 'r', 0x00, 0x00, 0x00, 0x00, 0x00, 0x00, 0x00, 0x00, 0x00, 0x00, 0x00, 0x00, 0x00, 0x00, 0x00, 0x00, 0x00, 0x00, 0x00, 0x00, 0x00, 0x00, 0x00, 0x00, 0x00, 0x00, 0x00, 0x00, } },
  { .id = 3047, .a = 801, .b = 100, .token = {' ', 'c', 'o', 'l', 'd', 0x00, 0x00, 0x00, 0x00, 0x00, 0x00, 0x00, 0x00, 0x00, 0x00, 0x00, 0x00, 0x00, 0x00, 0x00, 0x00, 0x00, 0x00, 0x00, 0x00, 0x00, 0x00, 0x00, 0x00, 0x00, 0x00, 0x00, } },
  { .id = 3048, .a = 257, .b = 2873, .token = {' ', 't', 'a', 's', 'k', 's', 0x00, 0x00, 0x00, 0x00, 0x00, 0x00, 0x00, 0x00, 0x00, 0x00, 0x00, 0x00, 0x00, 0x00, 0x00, 0x00, 0x00, 0x00, 0x00, 0x00, 0x00, 0x00, 0x00, 0x00, 0x00, 0x00, } },
  { .id = 3049, .a = 332, .b = 119, .token = {' ', 'S', 'w', 0x00, 0x00, 0x00, 0x00, 0x00, 0x00, 0x00, 0x00, 0x00, 0x00, 0x00, 0x00, 0x00, 0x00, 0x00, 0x00, 0x00, 0x00, 0x00, 0x00, 0x00, 0x00, 0x00, 0x00, 0x00, 0x00, 0x00, 0x00, 0x00, } },
  { .id = 3050, .a = 288, .b = 1240, .token = {' ', 't', 'o', 'd', 'a', 'y', 0x00, 0x00, 0x00, 0x00, 0x00, 0x00, 0x00, 0x00, 0x00, 0x00, 0x00, 0x00, 0x00, 0x00, 0x00, 0x00, 0x00, 0x00, 0x00, 0x00, 0x00, 0x00, 0x00, 0x00, 0x00, 0x00, } },
  { .id = 3051, .a = 97, .b = 573, .token = {'a', 'f', 'f', 0x00, 0x00, 0x00, 0x00, 0x00, 0x00, 0x00, 0x00, 0x00, 0x00, 0x00, 0x00, 0x00, 0x00, 0x00, 0x00, 0x00, 0x00, 0x00, 0x00, 0x00, 0x00, 0x00, 0x00, 0x00, 0x00, 0x00, 0x00, 0x00, } },
  { .id = 3052, .a = 105, .b = 534, .token = {'i', 'o', 's', 0x00, 0x00, 0x00, 0x00, 0x00, 0x00, 0x00, 0x00, 0x00, 0x00, 0x00, 0x00, 0x00, 0x00, 0x00, 0x00, 0x00, 0x00, 0x00, 0x00, 0x00, 0x00, 0x00, 0x00, 0x00, 0x00, 0x00, 0x00, 0x00, } },
  { .id = 3053, .a = 280, .b = 879, .token = {' ', 'b', 'r', 'e', 'a', 't', 0x00, 0x00, 0x00, 0x00, 0x00, 0x00, 0x00, 0x00, 0x00, 0x00, 0x00, 0x00, 0x00, 0x00, 0x00, 0x00, 0x00, 0x00, 0x00, 0x00, 0x00, 0x00, 0x00, 0x00, 0x00, 0x00, } },
  { .id = 3054, .a = 515, .b = 1786, .token = {' ', 'k', 'i', 'd', 's', 0x00, 0x00, 0x00, 0x00, 0x00, 0x00, 0x00, 0x00, 0x00, 0x00, 0x00, 0x00, 0x00, 0x00, 0x00, 0x00, 0x00, 0x00, 0x00, 0x00, 0x00, 0x00, 0x00, 0x00, 0x00, 0x00, 0x00, } },
  { .id = 3055, .a = 1984, .b = 275, .token = {' ', 'r', 'e', 'm', 'a', 'i', 'n', 'i', 'n', 'g', 0x00, 0x00, 0x00, 0x00, 0x00, 0x00, 0x00, 0x00, 0x00, 0x00, 0x00, 0x00, 0x00, 0x00, 0x00, 0x00, 0x00, 0x00, 0x00, 0x00, 0x00, 0x00, } },
  { .id = 3056, .a = 279, .b = 557, .token = {' ', 'f', 'a', 's', 't', 0x00, 0x00, 0x00, 0x00, 0x00, 0x00, 0x00, 0x00, 0x00, 0x00, 0x00, 0x00, 0x00, 0x00, 0x00, 0x00, 0x00, 0x00, 0x00, 0x00, 0x00, 0x00, 0x00, 0x00, 0x00, 0x00, 0x00, } },
  { .id = 3057, .a = 333, .b = 2077, .token = {' ', 'c', 'o', 'n', 's', 'e', 'q', 'u', 0x00, 0x00, 0x00, 0x00, 0x00, 0x00, 0x00, 0x00, 0x00, 0x00, 0x00, 0x00, 0x00, 0x00, 0x00, 0x00, 0x00, 0x00, 0x00, 0x00, 0x00, 0x00, 0x00, 0x00, } },
  { .id = 3058, .a = 1427, .b = 316, .token = {' ', 'c', 'l', 'e', 'a', 'r', 'l', 'y', 0x00, 0x00, 0x00, 0x00, 0x00, 0x00, 0x00, 0x00, 0x00, 0x00, 0x00, 0x00, 0x00, 0x00, 0x00, 0x00, 0x00, 0x00, 0x00, 0x00, 0x00, 0x00, 0x00, 0x00, } },
  { .id = 3059, .a = 332, .b = 324, .token = {' ', 'S', 'i', 'm', 0x00, 0x00, 0x00, 0x00, 0x00, 0x00, 0x00, 0x00, 0x00, 0x00, 0x00, 0x00, 0x00, 0x00, 0x00, 0x00, 0x00, 0x00, 0x00, 0x00, 0x00, 0x00, 0x00, 0x00, 0x00, 0x00, 0x00, 0x00, } },
  { .id = 3060, .a = 418, .b = 468, .token = {'a', 'c', 'h', 'e', 's', 0x00, 0x00, 0x00, 0x00, 0x00, 0x00, 0x00, 0x00, 0x00, 0x00, 0x00, 0x00, 0x00, 0x00, 0x00, 0x00, 0x00, 0x00, 0x00, 0x00, 0x00, 0x00, 0x00, 0x00, 0x00, 0x00, 0x00, } },
  { .id = 3061, .a = 114, .b = 460, .token = {'r', 'i', 'g', 'h', 't', 0x00, 0x00, 0x00, 0x00, 0x00, 0x00, 0x00, 0x00, 0x00, 0x00, 0x00, 0x00, 0x00, 0x00, 0x00, 0x00, 0x00, 0x00, 0x00, 0x00, 0x00, 0x00, 0x00, 0x00, 0x00, 0x00, 0x00, } },
  { .id = 3062, .a = 308, .b = 609, .token = {' ', 'l', 'a', 't', 'e', 'r', 0x00, 0x00, 0x00, 0x00, 0x00, 0x00, 0x00, 0x00, 0x00, 0x00, 0x00, 0x00, 0x00, 0x00, 0x00, 0x00, 0x00, 0x00, 0x00, 0x00, 0x00, 0x00, 0x00, 0x00, 0x00, 0x00, } },
  { .id = 3063, .a = 51, .b = 54, .token = {'3', '6', 0x00, 0x00, 0x00, 0x00, 0x00, 0x00, 0x00, 0x00, 0x00, 0x00, 0x00, 0x00, 0x00, 0x00, 0x00, 0x00, 0x00, 0x00, 0x00, 0x00, 0x00, 0x00, 0x00, 0x00, 0x00, 0x00, 0x00, 0x00, 0x00, 0x00, } },
  { .id = 3064, .a = 271, .b = 97, .token = {'a', 'n', 'a', 0x00, 0x00, 0x00, 0x00, 0x00, 0x00, 0x00, 0x00, 0x00, 0x00, 0x00, 0x00, 0x00, 0x00, 0x00, 0x00, 0x00, 0x00, 0x00, 0x00, 0x00, 0x00, 0x00, 0x00, 0x00, 0x00, 0x00, 0x00, 0x00, } },
  { .id = 3065, .a = 965, .b = 1895, .token = {' ', 'i', 'n', 's', 't', 'e', 'a', 'd', 0x00, 0x00, 0x00, 0x00, 0x00, 0x00, 0x00, 0x00, 0x00, 0x00, 0x00, 0x00, 0x00, 0x00, 0x00, 0x00, 0x00, 0x00, 0x00, 0x00, 0x00, 0x00, 0x00, 0x00, } },
  { .id = 3066, .a = 301, .b = 278, .token = {'c', 't', 'o', 'r', 0x00, 0x00, 0x00, 0x00, 0x00, 0x00, 0x00, 0x00, 0x00, 0x00, 0x00, 0x00, 0x00, 0x00, 0x00, 0x00, 0x00, 0x00, 0x00, 0x00, 0x00, 0x00, 0x00, 0x00, 0x00, 0x00, 0x00, 0x00, } },
  { .id = 3067, .a = 926, .b = 115, .token = {'h', 'e', 'n', 's', 0x00, 0x00, 0x00, 0x00, 0x00, 0x00, 0x00, 0x00, 0x00, 0x00, 0x00, 0x00, 0x00, 0x00, 0x00, 0x00, 0x00, 0x00, 0x00, 0x00, 0x00, 0x00, 0x00, 0x00, 0x00, 0x00, 0x00, 0x00, } },
  { .id = 3068, .a = 378, .b = 101, .token = {' ', 'n', 'o', 't', 'e', 0x00, 0x00, 0x00, 0x00, 0x00, 0x00, 0x00, 0x00, 0x00, 0x00, 0x00, 0x00, 0x00, 0x00, 0x00, 0x00, 0x00, 0x00, 0x00, 0x00, 0x00, 0x00, 0x00, 0x00, 0x00, 0x00, 0x00, } },
  { .id = 3069, .a = 1801, .b = 900, .token = {' ', 'e', 'd', 'u', 'c', 'a', 't', 'i', 'o', 'n', 'a', 'l', 0x00, 0x00, 0x00, 0x00, 0x00, 0x00, 0x00, 0x00, 0x00, 0x00, 0x00, 0x00, 0x00, 0x00, 0x00, 0x00, 0x00, 0x00, 0x00, 0x00, } },
  { .id = 3070, .a = 2829, .b = 960, .token = {'s', 'e', 'l', 'v', 'e', 's', 0x00, 0x00, 0x00, 0x00, 0x00, 0x00, 0x00, 0x00, 0x00, 0x00, 0x00, 0x00, 0x00, 0x00, 0x00, 0x00, 0x00, 0x00, 0x00, 0x00, 0x00, 0x00, 0x00, 0x00, 0x00, 0x00, } },
  { .id = 3071, .a = 824, .b = 645, .token = {' ', 'c', 'a', 'r', 'r', 'y', 0x00, 0x00, 0x00, 0x00, 0x00, 0x00, 0x00, 0x00, 0x00, 0x00, 0x00, 0x00, 0x00, 0x00, 0x00, 0x00, 0x00, 0x00, 0x00, 0x00, 0x00, 0x00, 0x00, 0x00, 0x00, 0x00, } },
};
Token_Sorted vocabulary_by_size[MAX_VOCAB] = {
  { .id = 2385, .size = 15 },
  { .id = 2848, .size = 14 },
  { .id = 1859, .size = 14 },
  { .id = 1456, .size = 13 },
  { .id = 2680, .size = 13 },
  { .id = 1823, .size = 13 },
  { .id = 2379, .size = 13 },
  { .id = 2194, .size = 13 },
  { .id = 1971, .size = 12 },
  { .id = 1325, .size = 12 },
  { .id = 2520, .size = 12 },
  { .id = 503, .size = 12 },
  { .id = 2725, .size = 12 },
  { .id = 2346, .size = 12 },
  { .id = 1658, .size = 12 },
  { .id = 1529, .size = 12 },
  { .id = 2909, .size = 12 },
  { .id = 2438, .size = 12 },
  { .id = 2523, .size = 12 },
  { .id = 3023, .size = 12 },
  { .id = 1917, .size = 12 },
  { .id = 3069, .size = 12 },
  { .id = 2068, .size = 12 },
  { .id = 1401, .size = 11 },
  { .id = 2603, .size = 11 },
  { .id = 2962, .size = 11 },
  { .id = 2211, .size = 11 },
  { .id = 2120, .size = 11 },
  { .id = 2297, .size = 11 },
  { .id = 2949, .size = 11 },
  { .id = 2871, .size = 11 },
  { .id = 2407, .size = 11 },
  { .id = 1176, .size = 11 },
  { .id = 570, .size = 11 },
  { .id = 2300, .size = 11 },
  { .id = 2626, .size = 11 },
  { .id = 2421, .size = 11 },
  { .id = 1044, .size = 11 },
  { .id = 2042, .size = 11 },
  { .id = 2039, .size = 11 },
  { .id = 2928, .size = 11 },
  { .id = 2831, .size = 11 },
  { .id = 2172, .size = 11 },
  { .id = 2807, .size = 11 },
  { .id = 1933, .size = 11 },
  { .id = 1205, .size = 11 },
  { .id = 2138, .size = 11 },
  { .id = 2298, .size = 11 },
  { .id = 2004, .size = 11 },
  { .id = 2895, .size = 11 },
  { .id = 1188, .size = 11 },
  { .id = 1752, .size = 11 },
  { .id = 2278, .size = 11 },
  { .id = 1926, .size = 11 },
  { .id = 604, .size = 10 },
  { .id = 2752, .size = 10 },
  { .id = 1390, .size = 10 },
  { .id = 2951, .size = 10 },
  { .id = 2190, .size = 10 },
  { .id = 1055, .size = 10 },
  { .id = 2748, .size = 10 },
  { .id = 2405, .size = 10 },
  { .id = 2979, .size = 10 },
  { .id = 2315, .size = 10 },
  { .id = 2165, .size = 10 },
  { .id = 1239, .size = 10 },
  { .id = 2944, .size = 10 },
  { .id = 1419, .size = 10 },
  { .id = 2745, .size = 10 },
  { .id = 2158, .size = 10 },
  { .id = 2659, .size = 10 },
  { .id = 3055, .size = 10 },
  { .id = 2495, .size = 10 },
  { .id = 2275, .size = 10 },
  { .id = 1209, .size = 10 },
  { .id = 1912, .size = 10 },
  { .id = 2311, .size = 10 },
  { .id = 2578, .size = 10 },
  { .id = 1363, .size = 10 },
  { .id = 1889, .size = 10 },
  { .id = 2122, .size = 10 },
  { .id = 3011, .size = 10 },
  { .id = 2111, .size = 10 },
  { .id = 1359, .size = 10 },
  { .id = 1160, .size = 10 },
  { .id = 2622, .size = 10 },
  { .id = 1611, .size = 10 },
  { .id = 1644, .size = 10 },
  { .id = 2308, .size = 10 },
  { .id = 2517, .size = 10 },
  { .id = 1645, .size = 10 },
  { .id = 2078, .size = 10 },
  { .id = 1653, .size = 10 },
  { .id = 2875, .size = 10 },
  { .id = 2597, .size = 10 },
  { .id = 1411, .size = 10 },
  { .id = 2057, .size = 10 },
  { .id = 1537, .size = 10 },
  { .id = 1383, .size = 10 },
  { .id = 3005, .size = 10 },
  { .id = 635, .size = 10 },
  { .id = 2957, .size = 10 },
  { .id = 998, .size = 10 },
  { .id = 1407, .size = 10 },
  { .id = 2757, .size = 10 },
  { .id = 1474, .size = 10 },
  { .id = 2008, .size = 10 },
  { .id = 1468, .size = 10 },
  { .id = 903, .size = 10 },
  { .id = 1663, .size = 10 },
  { .id = 2717, .size = 10 },
  { .id = 875, .size = 10 },
  { .id = 1457, .size = 10 },
  { .id = 3020, .size = 9 },
  { .id = 3006, .size = 9 },
  { .id = 1735, .size = 9 },
  { .id = 1727, .size = 9 },
  { .id = 2303, .size = 9 },
  { .id = 2789, .size = 9 },
  { .id = 3017, .size = 9 },
  { .id = 2296, .size = 9 },
  { .id = 2782, .size = 9 },
  { .id = 2274, .size = 9 },
  { .id = 2971, .size = 9 },
  { .id = 1641, .size = 9 },
  { .id = 2970, .size = 9 },
  { .id = 2771, .size = 9 },
  { .id = 2571, .size = 9 },
  { .id = 2248, .size = 9 },
  { .id = 2240, .size = 9 },
  { .id = 1715, .size = 9 },
  { .id = 774, .size = 9 },
  { .id = 1713, .size = 9 },
  { .id = 2179, .size = 9 },
  { .id = 2161, .size = 9 },
  { .id = 2157, .size = 9 },
  { .id = 2739, .size = 9 },
  { .id = 2140, .size = 9 },
  { .id = 2137, .size = 9 },
  { .id = 1711, .size = 9 },
  { .id = 2435, .size = 9 },
  { .id = 1339, .size = 9 },
  { .id = 2913, .size = 9 },
  { .id = 2065, .size = 9 },
  { .id = 2060, .size = 9 },
  { .id = 1595, .size = 9 },
  { .id = 2046, .size = 9 },
  { .id = 2036, .size = 9 },
  { .id = 527, .size = 9 },
  { .id = 1591, .size = 9 },
  { .id = 2013, .size = 9 },
  { .id = 2011, .size = 9 },
  { .id = 1314, .size = 9 },
  { .id = 2009, .size = 9 },
  { .id = 2412, .size = 9 },
  { .id = 1298, .size = 9 },
  { .id = 2714, .size = 9 },
  { .id = 2821, .size = 9 },
  { .id = 1694, .size = 9 },
  { .id = 1989, .size = 9 },
  { .id = 681, .size = 9 },
  { .id = 1979, .size = 9 },
  { .id = 1693, .size = 9 },
  { .id = 2703, .size = 9 },
  { .id = 2697, .size = 9 },
  { .id = 2946, .size = 9 },
  { .id = 2685, .size = 9 },
  { .id = 1254, .size = 9 },
  { .id = 2818, .size = 9 },
  { .id = 2588, .size = 9 },
  { .id = 1235, .size = 9 },
  { .id = 2934, .size = 9 },
  { .id = 2657, .size = 9 },
  { .id = 1921, .size = 9 },
  { .id = 2393, .size = 9 },
  { .id = 2649, .size = 9 },
  { .id = 1189, .size = 9 },
  { .id = 2862, .size = 9 },
  { .id = 2932, .size = 9 },
  { .id = 1884, .size = 9 },
  { .id = 1883, .size = 9 },
  { .id = 369, .size = 9 },
  { .id = 1167, .size = 9 },
  { .id = 1563, .size = 9 },
  { .id = 1862, .size = 9 },
  { .id = 2926, .size = 9 },
  { .id = 1682, .size = 9 },
  { .id = 2612, .size = 9 },
  { .id = 2611, .size = 9 },
  { .id = 3010, .size = 9 },
  { .id = 2854, .size = 9 },
  { .id = 1131, .size = 9 },
  { .id = 1680, .size = 9 },
  { .id = 2383, .size = 9 },
  { .id = 2992, .size = 9 },
  { .id = 1106, .size = 9 },
  { .id = 1679, .size = 9 },
  { .id = 3045, .size = 9 },
  { .id = 1521, .size = 9 },
  { .id = 1520, .size = 9 },
  { .id = 425, .size = 9 },
  { .id = 1748, .size = 9 },
  { .id = 1033, .size = 9 },
  { .id = 488, .size = 9 },
  { .id = 1019, .size = 9 },
  { .id = 2474, .size = 9 },
  { .id = 2801, .size = 9 },
  { .id = 2349, .size = 9 },
  { .id = 994, .size = 9 },
  { .id = 1669, .size = 9 },
  { .id = 2473, .size = 9 },
  { .id = 913, .size = 9 },
  { .id = 2579, .size = 9 },
  { .id = 910, .size = 9 },
  { .id = 3041, .size = 9 },
  { .id = 861, .size = 9 },
  { .id = 838, .size = 9 },
  { .id = 2333, .size = 9 },
  { .id = 1819, .size = 8 },
  { .id = 1805, .size = 8 },
  { .id = 1789, .size = 8 },
  { .id = 1788, .size = 8 },
  { .id = 1782, .size = 8 },
  { .id = 1777, .size = 8 },
  { .id = 1772, .size = 8 },
  { .id = 1763, .size = 8 },
  { .id = 2912, .size = 8 },
  { .id = 1754, .size = 8 },
  { .id = 2559, .size = 8 },
  { .id = 1726, .size = 8 },
  { .id = 1723, .size = 8 },
  { .id = 1695, .size = 8 },
  { .id = 2558, .size = 8 },
  { .id = 2557, .size = 8 },
  { .id = 2905, .size = 8 },
  { .id = 2535, .size = 8 },
  { .id = 1667, .size = 8 },
  { .id = 1652, .size = 8 },
  { .id = 1651, .size = 8 },
  { .id = 2522, .size = 8 },
  { .id = 1638, .size = 8 },
  { .id = 1632, .size = 8 },
  { .id = 1612, .size = 8 },
  { .id = 2892, .size = 8 },
  { .id = 3016, .size = 8 },
  { .id = 2499, .size = 8 },
  { .id = 1574, .size = 8 },
  { .id = 1570, .size = 8 },
  { .id = 1561, .size = 8 },
  { .id = 1559, .size = 8 },
  { .id = 1547, .size = 8 },
  { .id = 1533, .size = 8 },
  { .id = 1512, .size = 8 },
  { .id = 1508, .size = 8 },
  { .id = 3065, .size = 8 },
  { .id = 1505, .size = 8 },
  { .id = 1477, .size = 8 },
  { .id = 2467, .size = 8 },
  { .id = 1467, .size = 8 },
  { .id = 1449, .size = 8 },
  { .id = 2462, .size = 8 },
  { .id = 1424, .size = 8 },
  { .id = 3058, .size = 8 },
  { .id = 1422, .size = 8 },
  { .id = 788, .size = 8 },
  { .id = 1421, .size = 8 },
  { .id = 1420, .size = 8 },
  { .id = 1418, .size = 8 },
  { .id = 1414, .size = 8 },
  { .id = 1412, .size = 8 },
  { .id = 3057, .size = 8 },
  { .id = 1408, .size = 8 },
  { .id = 2447, .size = 8 },
  { .id = 2439, .size = 8 },
  { .id = 1375, .size = 8 },
  { .id = 1350, .size = 8 },
  { .id = 1344, .size = 8 },
  { .id = 1341, .size = 8 },
  { .id = 2822, .size = 8 },
  { .id = 2429, .size = 8 },
  { .id = 1322, .size = 8 },
  { .id = 2417, .size = 8 },
  { .id = 2410, .size = 8 },
  { .id = 1286, .size = 8 },
  { .id = 1276, .size = 8 },
  { .id = 2394, .size = 8 },
  { .id = 1228, .size = 8 },
  { .id = 2389, .size = 8 },
  { .id = 1180, .size = 8 },
  { .id = 1152, .size = 8 },
  { .id = 1147, .size = 8 },
  { .id = 1145, .size = 8 },
  { .id = 2384, .size = 8 },
  { .id = 1136, .size = 8 },
  { .id = 563, .size = 8 },
  { .id = 2374, .size = 8 },
  { .id = 2813, .size = 8 },
  { .id = 1086, .size = 8 },
  { .id = 2810, .size = 8 },
  { .id = 1050, .size = 8 },
  { .id = 1041, .size = 8 },
  { .id = 2809, .size = 8 },
  { .id = 2369, .size = 8 },
  { .id = 2808, .size = 8 },
  { .id = 3042, .size = 8 },
  { .id = 2806, .size = 8 },
  { .id = 942, .size = 8 },
  { .id = 934, .size = 8 },
  { .id = 918, .size = 8 },
  { .id = 2985, .size = 8 },
  { .id = 906, .size = 8 },
  { .id = 2337, .size = 8 },
  { .id = 858, .size = 8 },
  { .id = 850, .size = 8 },
  { .id = 2329, .size = 8 },
  { .id = 809, .size = 8 },
  { .id = 803, .size = 8 },
  { .id = 799, .size = 8 },
  { .id = 790, .size = 8 },
  { .id = 3028, .size = 8 },
  { .id = 2326, .size = 8 },
  { .id = 2325, .size = 8 },
  { .id = 2310, .size = 8 },
  { .id = 2306, .size = 8 },
  { .id = 2785, .size = 8 },
  { .id = 2780, .size = 8 },
  { .id = 2266, .size = 8 },
  { .id = 2263, .size = 8 },
  { .id = 2252, .size = 8 },
  { .id = 2251, .size = 8 },
  { .id = 2243, .size = 8 },
  { .id = 2239, .size = 8 },
  { .id = 2238, .size = 8 },
  { .id = 2763, .size = 8 },
  { .id = 2234, .size = 8 },
  { .id = 2968, .size = 8 },
  { .id = 2218, .size = 8 },
  { .id = 2212, .size = 8 },
  { .id = 2201, .size = 8 },
  { .id = 2189, .size = 8 },
  { .id = 2187, .size = 8 },
  { .id = 2180, .size = 8 },
  { .id = 2128, .size = 8 },
  { .id = 2738, .size = 8 },
  { .id = 2096, .size = 8 },
  { .id = 2093, .size = 8 },
  { .id = 2092, .size = 8 },
  { .id = 2084, .size = 8 },
  { .id = 2081, .size = 8 },
  { .id = 2961, .size = 8 },
  { .id = 2960, .size = 8 },
  { .id = 2054, .size = 8 },
  { .id = 2047, .size = 8 },
  { .id = 2045, .size = 8 },
  { .id = 2723, .size = 8 },
  { .id = 2016, .size = 8 },
  { .id = 2010, .size = 8 },
  { .id = 2003, .size = 8 },
  { .id = 2715, .size = 8 },
  { .id = 2713, .size = 8 },
  { .id = 2711, .size = 8 },
  { .id = 1980, .size = 8 },
  { .id = 1978, .size = 8 },
  { .id = 1976, .size = 8 },
  { .id = 2950, .size = 8 },
  { .id = 2695, .size = 8 },
  { .id = 1957, .size = 8 },
  { .id = 2679, .size = 8 },
  { .id = 2675, .size = 8 },
  { .id = 2943, .size = 8 },
  { .id = 2936, .size = 8 },
  { .id = 1934, .size = 8 },
  { .id = 1922, .size = 8 },
  { .id = 2652, .size = 8 },
  { .id = 2651, .size = 8 },
  { .id = 1906, .size = 8 },
  { .id = 2647, .size = 8 },
  { .id = 2634, .size = 8 },
  { .id = 1897, .size = 8 },
  { .id = 1881, .size = 8 },
  { .id = 367, .size = 8 },
  { .id = 2624, .size = 8 },
  { .id = 1867, .size = 8 },
  { .id = 1864, .size = 8 },
  { .id = 1857, .size = 8 },
  { .id = 2921, .size = 8 },
  { .id = 2613, .size = 8 },
  { .id = 2915, .size = 8 },
  { .id = 2914, .size = 8 },
  { .id = 1821, .size = 8 },
  { .id = 1817, .size = 8 },
  { .id = 1266, .size = 7 },
  { .id = 764, .size = 7 },
  { .id = 742, .size = 7 },
  { .id = 734, .size = 7 },
  { .id = 724, .size = 7 },
  { .id = 684, .size = 7 },
  { .id = 659, .size = 7 },
  { .id = 3001, .size = 7 },
  { .id = 2995, .size = 7 },
  { .id = 2967, .size = 7 },
  { .id = 2958, .size = 7 },
  { .id = 2931, .size = 7 },
  { .id = 2902, .size = 7 },
  { .id = 2901, .size = 7 },
  { .id = 2886, .size = 7 },
  { .id = 2861, .size = 7 },
  { .id = 2858, .size = 7 },
  { .id = 2847, .size = 7 },
  { .id = 2836, .size = 7 },
  { .id = 2835, .size = 7 },
  { .id = 2819, .size = 7 },
  { .id = 2817, .size = 7 },
  { .id = 2798, .size = 7 },
  { .id = 2797, .size = 7 },
  { .id = 2779, .size = 7 },
  { .id = 2773, .size = 7 },
  { .id = 2755, .size = 7 },
  { .id = 2750, .size = 7 },
  { .id = 2743, .size = 7 },
  { .id = 2731, .size = 7 },
  { .id = 2728, .size = 7 },
  { .id = 2722, .size = 7 },
  { .id = 2718, .size = 7 },
  { .id = 2709, .size = 7 },
  { .id = 2707, .size = 7 },
  { .id = 2693, .size = 7 },
  { .id = 2690, .size = 7 },
  { .id = 2674, .size = 7 },
  { .id = 2673, .size = 7 },
  { .id = 2666, .size = 7 },
  { .id = 2663, .size = 7 },
  { .id = 2633, .size = 7 },
  { .id = 2628, .size = 7 },
  { .id = 2625, .size = 7 },
  { .id = 2619, .size = 7 },
  { .id = 2616, .size = 7 },
  { .id = 2601, .size = 7 },
  { .id = 2600, .size = 7 },
  { .id = 2595, .size = 7 },
  { .id = 2569, .size = 7 },
  { .id = 2561, .size = 7 },
  { .id = 2553, .size = 7 },
  { .id = 2534, .size = 7 },
  { .id = 2521, .size = 7 },
  { .id = 2519, .size = 7 },
  { .id = 2518, .size = 7 },
  { .id = 2513, .size = 7 },
  { .id = 2507, .size = 7 },
  { .id = 2497, .size = 7 },
  { .id = 2494, .size = 7 },
  { .id = 2493, .size = 7 },
  { .id = 2491, .size = 7 },
  { .id = 2479, .size = 7 },
  { .id = 2476, .size = 7 },
  { .id = 2466, .size = 7 },
  { .id = 2456, .size = 7 },
  { .id = 2453, .size = 7 },
  { .id = 2451, .size = 7 },
  { .id = 2432, .size = 7 },
  { .id = 2411, .size = 7 },
  { .id = 2408, .size = 7 },
  { .id = 2395, .size = 7 },
  { .id = 2381, .size = 7 },
  { .id = 2373, .size = 7 },
  { .id = 2371, .size = 7 },
  { .id = 2370, .size = 7 },
  { .id = 2366, .size = 7 },
  { .id = 2361, .size = 7 },
  { .id = 2358, .size = 7 },
  { .id = 2352, .size = 7 },
  { .id = 2338, .size = 7 },
  { .id = 2324, .size = 7 },
  { .id = 2302, .size = 7 },
  { .id = 2299, .size = 7 },
  { .id = 2295, .size = 7 },
  { .id = 2289, .size = 7 },
  { .id = 2269, .size = 7 },
  { .id = 2262, .size = 7 },
  { .id = 2254, .size = 7 },
  { .id = 2236, .size = 7 },
  { .id = 2233, .size = 7 },
  { .id = 2226, .size = 7 },
  { .id = 2204, .size = 7 },
  { .id = 2202, .size = 7 },
  { .id = 2182, .size = 7 },
  { .id = 2159, .size = 7 },
  { .id = 2151, .size = 7 },
  { .id = 2146, .size = 7 },
  { .id = 2106, .size = 7 },
  { .id = 2074, .size = 7 },
  { .id = 2073, .size = 7 },
  { .id = 2058, .size = 7 },
  { .id = 2035, .size = 7 },
  { .id = 2024, .size = 7 },
  { .id = 2015, .size = 7 },
  { .id = 2000, .size = 7 },
  { .id = 1999, .size = 7 },
  { .id = 1997, .size = 7 },
  { .id = 1996, .size = 7 },
  { .id = 1995, .size = 7 },
  { .id = 1984, .size = 7 },
  { .id = 1974, .size = 7 },
  { .id = 1973, .size = 7 },
  { .id = 1965, .size = 7 },
  { .id = 1964, .size = 7 },
  { .id = 1963, .size = 7 },
  { .id = 1961, .size = 7 },
  { .id = 1958, .size = 7 },
  { .id = 1956, .size = 7 },
  { .id = 1953, .size = 7 },
  { .id = 1945, .size = 7 },
  { .id = 1944, .size = 7 },
  { .id = 1943, .size = 7 },
  { .id = 1941, .size = 7 },
  { .id = 1939, .size = 7 },
  { .id = 1937, .size = 7 },
  { .id = 1930, .size = 7 },
  { .id = 1920, .size = 7 },
  { .id = 1913, .size = 7 },
  { .id = 1909, .size = 7 },
  { .id = 1900, .size = 7 },
  { .id = 1899, .size = 7 },
  { .id = 1894, .size = 7 },
  { .id = 1879, .size = 7 },
  { .id = 1878, .size = 7 },
  { .id = 1875, .size = 7 },
  { .id = 1872, .size = 7 },
  { .id = 1865, .size = 7 },
  { .id = 1856, .size = 7 },
  { .id = 1847, .size = 7 },
  { .id = 1841, .size = 7 },
  { .id = 1840, .size = 7 },
  { .id = 1835, .size = 7 },
  { .id = 1834, .size = 7 },
  { .id = 1831, .size = 7 },
  { .id = 1825, .size = 7 },
  { .id = 1822, .size = 7 },
  { .id = 1803, .size = 7 },
  { .id = 1791, .size = 7 },
  { .id = 1787, .size = 7 },
  { .id = 1784, .size = 7 },
  { .id = 1761, .size = 7 },
  { .id = 1759, .size = 7 },
  { .id = 1746, .size = 7 },
  { .id = 1743, .size = 7 },
  { .id = 1692, .size = 7 },
  { .id = 1691, .size = 7 },
  { .id = 1676, .size = 7 },
  { .id = 1674, .size = 7 },
  { .id = 1673, .size = 7 },
  { .id = 1657, .size = 7 },
  { .id = 1647, .size = 7 },
  { .id = 439, .size = 7 },
  { .id = 1636, .size = 7 },
  { .id = 1629, .size = 7 },
  { .id = 1607, .size = 7 },
  { .id = 1604, .size = 7 },
  { .id = 1598, .size = 7 },
  { .id = 1596, .size = 7 },
  { .id = 1578, .size = 7 },
  { .id = 1575, .size = 7 },
  { .id = 1569, .size = 7 },
  { .id = 1568, .size = 7 },
  { .id = 1564, .size = 7 },
  { .id = 1555, .size = 7 },
  { .id = 1553, .size = 7 },
  { .id = 1496, .size = 7 },
  { .id = 1491, .size = 7 },
  { .id = 1475, .size = 7 },
  { .id = 1472, .size = 7 },
  { .id = 1436, .size = 7 },
  { .id = 1435, .size = 7 },
  { .id = 1426, .size = 7 },
  { .id = 495, .size = 7 },
  { .id = 1409, .size = 7 },
  { .id = 1405, .size = 7 },
  { .id = 1404, .size = 7 },
  { .id = 1385, .size = 7 },
  { .id = 1343, .size = 7 },
  { .id = 1336, .size = 7 },
  { .id = 1326, .size = 7 },
  { .id = 526, .size = 7 },
  { .id = 1319, .size = 7 },
  { .id = 1301, .size = 7 },
  { .id = 1294, .size = 7 },
  { .id = 533, .size = 7 },
  { .id = 1287, .size = 7 },
  { .id = 3026, .size = 7 },
  { .id = 1261, .size = 7 },
  { .id = 1251, .size = 7 },
  { .id = 1236, .size = 7 },
  { .id = 1219, .size = 7 },
  { .id = 1183, .size = 7 },
  { .id = 1151, .size = 7 },
  { .id = 1138, .size = 7 },
  { .id = 1129, .size = 7 },
  { .id = 1128, .size = 7 },
  { .id = 1110, .size = 7 },
  { .id = 1095, .size = 7 },
  { .id = 1092, .size = 7 },
  { .id = 1067, .size = 7 },
  { .id = 1038, .size = 7 },
  { .id = 1032, .size = 7 },
  { .id = 1028, .size = 7 },
  { .id = 1018, .size = 7 },
  { .id = 1017, .size = 7 },
  { .id = 1000, .size = 7 },
  { .id = 997, .size = 7 },
  { .id = 949, .size = 7 },
  { .id = 912, .size = 7 },
  { .id = 900, .size = 7 },
  { .id = 834, .size = 7 },
  { .id = 831, .size = 7 },
  { .id = 3071, .size = 6 },
  { .id = 443, .size = 6 },
  { .id = 475, .size = 6 },
  { .id = 493, .size = 6 },
  { .id = 505, .size = 6 },
  { .id = 544, .size = 6 },
  { .id = 572, .size = 6 },
  { .id = 583, .size = 6 },
  { .id = 600, .size = 6 },
  { .id = 613, .size = 6 },
  { .id = 614, .size = 6 },
  { .id = 628, .size = 6 },
  { .id = 648, .size = 6 },
  { .id = 663, .size = 6 },
  { .id = 669, .size = 6 },
  { .id = 695, .size = 6 },
  { .id = 732, .size = 6 },
  { .id = 752, .size = 6 },
  { .id = 758, .size = 6 },
  { .id = 771, .size = 6 },
  { .id = 786, .size = 6 },
  { .id = 802, .size = 6 },
  { .id = 818, .size = 6 },
  { .id = 821, .size = 6 },
  { .id = 826, .size = 6 },
  { .id = 830, .size = 6 },
  { .id = 844, .size = 6 },
  { .id = 849, .size = 6 },
  { .id = 865, .size = 6 },
  { .id = 905, .size = 6 },
  { .id = 915, .size = 6 },
  { .id = 922, .size = 6 },
  { .id = 931, .size = 6 },
  { .id = 955, .size = 6 },
  { .id = 973, .size = 6 },
  { .id = 995, .size = 6 },
  { .id = 999, .size = 6 },
  { .id = 1008, .size = 6 },
  { .id = 1014, .size = 6 },
  { .id = 1016, .size = 6 },
  { .id = 1031, .size = 6 },
  { .id = 1046, .size = 6 },
  { .id = 1064, .size = 6 },
  { .id = 1072, .size = 6 },
  { .id = 1081, .size = 6 },
  { .id = 1089, .size = 6 },
  { .id = 1098, .size = 6 },
  { .id = 1117, .size = 6 },
  { .id = 1122, .size = 6 },
  { .id = 1132, .size = 6 },
  { .id = 1137, .size = 6 },
  { .id = 1162, .size = 6 },
  { .id = 1175, .size = 6 },
  { .id = 1202, .size = 6 },
  { .id = 1203, .size = 6 },
  { .id = 1207, .size = 6 },
  { .id = 1230, .size = 6 },
  { .id = 1233, .size = 6 },
  { .id = 1248, .size = 6 },
  { .id = 1249, .size = 6 },
  { .id = 1250, .size = 6 },
  { .id = 1252, .size = 6 },
  { .id = 1257, .size = 6 },
  { .id = 1267, .size = 6 },
  { .id = 1304, .size = 6 },
  { .id = 1306, .size = 6 },
  { .id = 1308, .size = 6 },
  { .id = 1311, .size = 6 },
  { .id = 1328, .size = 6 },
  { .id = 1330, .size = 6 },
  { .id = 1331, .size = 6 },
  { .id = 1332, .size = 6 },
  { .id = 1333, .size = 6 },
  { .id = 1335, .size = 6 },
  { .id = 1338, .size = 6 },
  { .id = 1347, .size = 6 },
  { .id = 1357, .size = 6 },
  { .id = 1360, .size = 6 },
  { .id = 1366, .size = 6 },
  { .id = 1368, .size = 6 },
  { .id = 1371, .size = 6 },
  { .id = 1378, .size = 6 },
  { .id = 1381, .size = 6 },
  { .id = 1382, .size = 6 },
  { .id = 1384, .size = 6 },
  { .id = 1391, .size = 6 },
  { .id = 1397, .size = 6 },
  { .id = 1415, .size = 6 },
  { .id = 1416, .size = 6 },
  { .id = 1427, .size = 6 },
  { .id = 1428, .size = 6 },
  { .id = 1448, .size = 6 },
  { .id = 1455, .size = 6 },
  { .id = 1465, .size = 6 },
  { .id = 1473, .size = 6 },
  { .id = 1481, .size = 6 },
  { .id = 1482, .size = 6 },
  { .id = 1484, .size = 6 },
  { .id = 1495, .size = 6 },
  { .id = 1500, .size = 6 },
  { .id = 1507, .size = 6 },
  { .id = 1513, .size = 6 },
  { .id = 1516, .size = 6 },
  { .id = 1524, .size = 6 },
  { .id = 1541, .size = 6 },
  { .id = 1548, .size = 6 },
  { .id = 1562, .size = 6 },
  { .id = 1573, .size = 6 },
  { .id = 1581, .size = 6 },
  { .id = 1583, .size = 6 },
  { .id = 1586, .size = 6 },
  { .id = 1588, .size = 6 },
  { .id = 1593, .size = 6 },
  { .id = 1597, .size = 6 },
  { .id = 1601, .size = 6 },
  { .id = 1603, .size = 6 },
  { .id = 1610, .size = 6 },
  { .id = 1613, .size = 6 },
  { .id = 1620, .size = 6 },
  { .id = 1625, .size = 6 },
  { .id = 1642, .size = 6 },
  { .id = 1662, .size = 6 },
  { .id = 1664, .size = 6 },
  { .id = 1686, .size = 6 },
  { .id = 1696, .size = 6 },
  { .id = 1703, .size = 6 },
  { .id = 1709, .size = 6 },
  { .id = 1714, .size = 6 },
  { .id = 1729, .size = 6 },
  { .id = 1742, .size = 6 },
  { .id = 1745, .size = 6 },
  { .id = 1747, .size = 6 },
  { .id = 1753, .size = 6 },
  { .id = 1755, .size = 6 },
  { .id = 1770, .size = 6 },
  { .id = 1797, .size = 6 },
  { .id = 1798, .size = 6 },
  { .id = 1800, .size = 6 },
  { .id = 1810, .size = 6 },
  { .id = 1814, .size = 6 },
  { .id = 1816, .size = 6 },
  { .id = 1826, .size = 6 },
  { .id = 1843, .size = 6 },
  { .id = 1844, .size = 6 },
  { .id = 1845, .size = 6 },
  { .id = 1850, .size = 6 },
  { .id = 1851, .size = 6 },
  { .id = 1854, .size = 6 },
  { .id = 1855, .size = 6 },
  { .id = 1863, .size = 6 },
  { .id = 1866, .size = 6 },
  { .id = 1868, .size = 6 },
  { .id = 1877, .size = 6 },
  { .id = 1888, .size = 6 },
  { .id = 1893, .size = 6 },
  { .id = 1902, .size = 6 },
  { .id = 1928, .size = 6 },
  { .id = 1935, .size = 6 },
  { .id = 1955, .size = 6 },
  { .id = 1962, .size = 6 },
  { .id = 1967, .size = 6 },
  { .id = 1975, .size = 6 },
  { .id = 1983, .size = 6 },
  { .id = 1992, .size = 6 },
  { .id = 1994, .size = 6 },
  { .id = 2006, .size = 6 },
  { .id = 2007, .size = 6 },
  { .id = 2019, .size = 6 },
  { .id = 2026, .size = 6 },
  { .id = 2027, .size = 6 },
  { .id = 2044, .size = 6 },
  { .id = 2063, .size = 6 },
  { .id = 2064, .size = 6 },
  { .id = 2076, .size = 6 },
  { .id = 2079, .size = 6 },
  { .id = 2082, .size = 6 },
  { .id = 2087, .size = 6 },
  { .id = 2088, .size = 6 },
  { .id = 2091, .size = 6 },
  { .id = 2100, .size = 6 },
  { .id = 2102, .size = 6 },
  { .id = 2103, .size = 6 },
  { .id = 2108, .size = 6 },
  { .id = 2109, .size = 6 },
  { .id = 2125, .size = 6 },
  { .id = 2132, .size = 6 },
  { .id = 2135, .size = 6 },
  { .id = 2139, .size = 6 },
  { .id = 2143, .size = 6 },
  { .id = 2150, .size = 6 },
  { .id = 2153, .size = 6 },
  { .id = 2162, .size = 6 },
  { .id = 2164, .size = 6 },
  { .id = 2166, .size = 6 },
  { .id = 2171, .size = 6 },
  { .id = 2181, .size = 6 },
  { .id = 2191, .size = 6 },
  { .id = 2203, .size = 6 },
  { .id = 2216, .size = 6 },
  { .id = 2224, .size = 6 },
  { .id = 2231, .size = 6 },
  { .id = 2232, .size = 6 },
  { .id = 2237, .size = 6 },
  { .id = 2245, .size = 6 },
  { .id = 2259, .size = 6 },
  { .id = 2280, .size = 6 },
  { .id = 2282, .size = 6 },
  { .id = 2284, .size = 6 },
  { .id = 2286, .size = 6 },
  { .id = 2287, .size = 6 },
  { .id = 2290, .size = 6 },
  { .id = 2292, .size = 6 },
  { .id = 2305, .size = 6 },
  { .id = 2318, .size = 6 },
  { .id = 2322, .size = 6 },
  { .id = 2348, .size = 6 },
  { .id = 2350, .size = 6 },
  { .id = 2376, .size = 6 },
  { .id = 2390, .size = 6 },
  { .id = 2420, .size = 6 },
  { .id = 2428, .size = 6 },
  { .id = 2431, .size = 6 },
  { .id = 2437, .size = 6 },
  { .id = 2441, .size = 6 },
  { .id = 2443, .size = 6 },
  { .id = 2448, .size = 6 },
  { .id = 2454, .size = 6 },
  { .id = 2472, .size = 6 },
  { .id = 2477, .size = 6 },
  { .id = 2478, .size = 6 },
  { .id = 2480, .size = 6 },
  { .id = 2483, .size = 6 },
  { .id = 2501, .size = 6 },
  { .id = 2506, .size = 6 },
  { .id = 2508, .size = 6 },
  { .id = 2512, .size = 6 },
  { .id = 2515, .size = 6 },
  { .id = 2516, .size = 6 },
  { .id = 2525, .size = 6 },
  { .id = 2526, .size = 6 },
  { .id = 2527, .size = 6 },
  { .id = 2529, .size = 6 },
  { .id = 2536, .size = 6 },
  { .id = 2538, .size = 6 },
  { .id = 2539, .size = 6 },
  { .id = 2547, .size = 6 },
  { .id = 2550, .size = 6 },
  { .id = 2551, .size = 6 },
  { .id = 2556, .size = 6 },
  { .id = 2566, .size = 6 },
  { .id = 2567, .size = 6 },
  { .id = 2574, .size = 6 },
  { .id = 2575, .size = 6 },
  { .id = 2581, .size = 6 },
  { .id = 2584, .size = 6 },
  { .id = 2587, .size = 6 },
  { .id = 2593, .size = 6 },
  { .id = 2602, .size = 6 },
  { .id = 2608, .size = 6 },
  { .id = 2623, .size = 6 },
  { .id = 2632, .size = 6 },
  { .id = 2640, .size = 6 },
  { .id = 2645, .size = 6 },
  { .id = 2646, .size = 6 },
  { .id = 2654, .size = 6 },
  { .id = 2664, .size = 6 },
  { .id = 2672, .size = 6 },
  { .id = 2683, .size = 6 },
  { .id = 2688, .size = 6 },
  { .id = 2691, .size = 6 },
  { .id = 2706, .size = 6 },
  { .id = 2708, .size = 6 },
  { .id = 2710, .size = 6 },
  { .id = 2719, .size = 6 },
  { .id = 2737, .size = 6 },
  { .id = 2742, .size = 6 },
  { .id = 2746, .size = 6 },
  { .id = 2749, .size = 6 },
  { .id = 2767, .size = 6 },
  { .id = 2772, .size = 6 },
  { .id = 2792, .size = 6 },
  { .id = 2796, .size = 6 },
  { .id = 2805, .size = 6 },
  { .id = 2812, .size = 6 },
  { .id = 2814, .size = 6 },
  { .id = 2824, .size = 6 },
  { .id = 2839, .size = 6 },
  { .id = 2843, .size = 6 },
  { .id = 2855, .size = 6 },
  { .id = 2857, .size = 6 },
  { .id = 2872, .size = 6 },
  { .id = 2882, .size = 6 },
  { .id = 2883, .size = 6 },
  { .id = 2884, .size = 6 },
  { .id = 2885, .size = 6 },
  { .id = 2887, .size = 6 },
  { .id = 2922, .size = 6 },
  { .id = 2933, .size = 6 },
  { .id = 2939, .size = 6 },
  { .id = 2942, .size = 6 },
  { .id = 2959, .size = 6 },
  { .id = 2965, .size = 6 },
  { .id = 2972, .size = 6 },
  { .id = 2973, .size = 6 },
  { .id = 2974, .size = 6 },
  { .id = 2975, .size = 6 },
  { .id = 2982, .size = 6 },
  { .id = 2986, .size = 6 },
  { .id = 2993, .size = 6 },
  { .id = 2994, .size = 6 },
  { .id = 2999, .size = 6 },
  { .id = 3000, .size = 6 },
  { .id = 3007, .size = 6 },
  { .id = 3030, .size = 6 },
  { .id = 3035, .size = 6 },
  { .id = 3048, .size = 6 },
  { .id = 3050, .size = 6 },
  { .id = 3053, .size = 6 },
  { .id = 3062, .size = 6 },
  { .id = 3070, .size = 6 },
  { .id = 2177, .size = 5 },
  { .id = 2176, .size = 5 },
  { .id = 2175, .size = 5 },
  { .id = 917, .size = 5 },
  { .id = 500, .size = 5 },
  { .id = 2173, .size = 5 },
  { .id = 1096, .size = 5 },
  { .id = 941, .size = 5 },
  { .id = 2170, .size = 5 },
  { .id = 498, .size = 5 },
  { .id = 2168, .size = 5 },
  { .id = 2160, .size = 5 },
  { .id = 2154, .size = 5 },
  { .id = 1423, .size = 5 },
  { .id = 2149, .size = 5 },
  { .id = 636, .size = 5 },
  { .id = 2148, .size = 5 },
  { .id = 2759, .size = 5 },
  { .id = 916, .size = 5 },
  { .id = 1429, .size = 5 },
  { .id = 1101, .size = 5 },
  { .id = 2754, .size = 5 },
  { .id = 1432, .size = 5 },
  { .id = 2147, .size = 5 },
  { .id = 2747, .size = 5 },
  { .id = 2940, .size = 5 },
  { .id = 3068, .size = 5 },
  { .id = 2938, .size = 5 },
  { .id = 1104, .size = 5 },
  { .id = 2134, .size = 5 },
  { .id = 1440, .size = 5 },
  { .id = 2741, .size = 5 },
  { .id = 2937, .size = 5 },
  { .id = 2129, .size = 5 },
  { .id = 2735, .size = 5 },
  { .id = 1107, .size = 5 },
  { .id = 2123, .size = 5 },
  { .id = 1447, .size = 5 },
  { .id = 3039, .size = 5 },
  { .id = 1108, .size = 5 },
  { .id = 1109, .size = 5 },
  { .id = 2119, .size = 5 },
  { .id = 566, .size = 5 },
  { .id = 840, .size = 5 },
  { .id = 839, .size = 5 },
  { .id = 2118, .size = 5 },
  { .id = 2117, .size = 5 },
  { .id = 2113, .size = 5 },
  { .id = 2112, .size = 5 },
  { .id = 2730, .size = 5 },
  { .id = 952, .size = 5 },
  { .id = 1461, .size = 5 },
  { .id = 1115, .size = 5 },
  { .id = 2729, .size = 5 },
  { .id = 2724, .size = 5 },
  { .id = 990, .size = 5 },
  { .id = 1466, .size = 5 },
  { .id = 3022, .size = 5 },
  { .id = 2107, .size = 5 },
  { .id = 2699, .size = 5 },
  { .id = 2105, .size = 5 },
  { .id = 1471, .size = 5 },
  { .id = 2097, .size = 5 },
  { .id = 2846, .size = 5 },
  { .id = 2083, .size = 5 },
  { .id = 2075, .size = 5 },
  { .id = 1476, .size = 5 },
  { .id = 2069, .size = 5 },
  { .id = 2067, .size = 5 },
  { .id = 2696, .size = 5 },
  { .id = 3021, .size = 5 },
  { .id = 2924, .size = 5 },
  { .id = 2923, .size = 5 },
  { .id = 1483, .size = 5 },
  { .id = 2059, .size = 5 },
  { .id = 2056, .size = 5 },
  { .id = 2055, .size = 5 },
  { .id = 991, .size = 5 },
  { .id = 606, .size = 5 },
  { .id = 1489, .size = 5 },
  { .id = 993, .size = 5 },
  { .id = 478, .size = 5 },
  { .id = 1492, .size = 5 },
  { .id = 2689, .size = 5 },
  { .id = 2777, .size = 5 },
  { .id = 2850, .size = 5 },
  { .id = 2053, .size = 5 },
  { .id = 1497, .size = 5 },
  { .id = 2687, .size = 5 },
  { .id = 2787, .size = 5 },
  { .id = 829, .size = 5 },
  { .id = 2050, .size = 5 },
  { .id = 2049, .size = 5 },
  { .id = 1503, .size = 5 },
  { .id = 2040, .size = 5 },
  { .id = 2686, .size = 5 },
  { .id = 2684, .size = 5 },
  { .id = 828, .size = 5 },
  { .id = 2038, .size = 5 },
  { .id = 595, .size = 5 },
  { .id = 2031, .size = 5 },
  { .id = 2030, .size = 5 },
  { .id = 2022, .size = 5 },
  { .id = 2021, .size = 5 },
  { .id = 2014, .size = 5 },
  { .id = 816, .size = 5 },
  { .id = 2012, .size = 5 },
  { .id = 1517, .size = 5 },
  { .id = 314, .size = 5 },
  { .id = 1519, .size = 5 },
  { .id = 1998, .size = 5 },
  { .id = 3019, .size = 5 },
  { .id = 2802, .size = 5 },
  { .id = 1987, .size = 5 },
  { .id = 325, .size = 5 },
  { .id = 1525, .size = 5 },
  { .id = 1977, .size = 5 },
  { .id = 2682, .size = 5 },
  { .id = 954, .size = 5 },
  { .id = 1966, .size = 5 },
  { .id = 1001, .size = 5 },
  { .id = 1531, .size = 5 },
  { .id = 2911, .size = 5 },
  { .id = 1952, .size = 5 },
  { .id = 1951, .size = 5 },
  { .id = 596, .size = 5 },
  { .id = 815, .size = 5 },
  { .id = 1947, .size = 5 },
  { .id = 814, .size = 5 },
  { .id = 1144, .size = 5 },
  { .id = 2908, .size = 5 },
  { .id = 1925, .size = 5 },
  { .id = 1542, .size = 5 },
  { .id = 2670, .size = 5 },
  { .id = 1544, .size = 5 },
  { .id = 1914, .size = 5 },
  { .id = 2665, .size = 5 },
  { .id = 1910, .size = 5 },
  { .id = 1908, .size = 5 },
  { .id = 1905, .size = 5 },
  { .id = 1903, .size = 5 },
  { .id = 362, .size = 5 },
  { .id = 1890, .size = 5 },
  { .id = 1887, .size = 5 },
  { .id = 558, .size = 5 },
  { .id = 366, .size = 5 },
  { .id = 1148, .size = 5 },
  { .id = 2904, .size = 5 },
  { .id = 1558, .size = 5 },
  { .id = 1874, .size = 5 },
  { .id = 1871, .size = 5 },
  { .id = 1870, .size = 5 },
  { .id = 1858, .size = 5 },
  { .id = 379, .size = 5 },
  { .id = 2662, .size = 5 },
  { .id = 1565, .size = 5 },
  { .id = 1005, .size = 5 },
  { .id = 1567, .size = 5 },
  { .id = 2653, .size = 5 },
  { .id = 1853, .size = 5 },
  { .id = 1852, .size = 5 },
  { .id = 2643, .size = 5 },
  { .id = 1153, .size = 5 },
  { .id = 2898, .size = 5 },
  { .id = 2897, .size = 5 },
  { .id = 1849, .size = 5 },
  { .id = 909, .size = 5 },
  { .id = 1577, .size = 5 },
  { .id = 1848, .size = 5 },
  { .id = 1155, .size = 5 },
  { .id = 1846, .size = 5 },
  { .id = 2860, .size = 5 },
  { .id = 1842, .size = 5 },
  { .id = 2893, .size = 5 },
  { .id = 1156, .size = 5 },
  { .id = 1157, .size = 5 },
  { .id = 390, .size = 5 },
  { .id = 1587, .size = 5 },
  { .id = 1815, .size = 5 },
  { .id = 1813, .size = 5 },
  { .id = 1812, .size = 5 },
  { .id = 1811, .size = 5 },
  { .id = 1802, .size = 5 },
  { .id = 1158, .size = 5 },
  { .id = 1159, .size = 5 },
  { .id = 1801, .size = 5 },
  { .id = 2889, .size = 5 },
  { .id = 1799, .size = 5 },
  { .id = 3047, .size = 5 },
  { .id = 2639, .size = 5 },
  { .id = 2638, .size = 5 },
  { .id = 1795, .size = 5 },
  { .id = 1793, .size = 5 },
  { .id = 813, .size = 5 },
  { .id = 1792, .size = 5 },
  { .id = 3012, .size = 5 },
  { .id = 1773, .size = 5 },
  { .id = 1767, .size = 5 },
  { .id = 1757, .size = 5 },
  { .id = 1751, .size = 5 },
  { .id = 805, .size = 5 },
  { .id = 3044, .size = 5 },
  { .id = 1740, .size = 5 },
  { .id = 2869, .size = 5 },
  { .id = 2631, .size = 5 },
  { .id = 908, .size = 5 },
  { .id = 2627, .size = 5 },
  { .id = 1739, .size = 5 },
  { .id = 1733, .size = 5 },
  { .id = 1168, .size = 5 },
  { .id = 1169, .size = 5 },
  { .id = 1731, .size = 5 },
  { .id = 2620, .size = 5 },
  { .id = 1730, .size = 5 },
  { .id = 1725, .size = 5 },
  { .id = 1724, .size = 5 },
  { .id = 1171, .size = 5 },
  { .id = 1627, .size = 5 },
  { .id = 1628, .size = 5 },
  { .id = 2618, .size = 5 },
  { .id = 2617, .size = 5 },
  { .id = 1631, .size = 5 },
  { .id = 1721, .size = 5 },
  { .id = 1719, .size = 5 },
  { .id = 794, .size = 5 },
  { .id = 1635, .size = 5 },
  { .id = 907, .size = 5 },
  { .id = 2609, .size = 5 },
  { .id = 442, .size = 5 },
  { .id = 597, .size = 5 },
  { .id = 1178, .size = 5 },
  { .id = 898, .size = 5 },
  { .id = 1717, .size = 5 },
  { .id = 1716, .size = 5 },
  { .id = 2879, .size = 5 },
  { .id = 1707, .size = 5 },
  { .id = 1701, .size = 5 },
  { .id = 2876, .size = 5 },
  { .id = 2790, .size = 5 },
  { .id = 1649, .size = 5 },
  { .id = 1650, .size = 5 },
  { .id = 1683, .size = 5 },
  { .id = 1672, .size = 5 },
  { .id = 1666, .size = 5 },
  { .id = 3031, .size = 5 },
  { .id = 1655, .size = 5 },
  { .id = 2791, .size = 5 },
  { .id = 1661, .size = 5 },
  { .id = 1659, .size = 5 },
  { .id = 2606, .size = 5 },
  { .id = 2605, .size = 5 },
  { .id = 2599, .size = 5 },
  { .id = 1186, .size = 5 },
  { .id = 2592, .size = 5 },
  { .id = 2591, .size = 5 },
  { .id = 2590, .size = 5 },
  { .id = 895, .size = 5 },
  { .id = 1191, .size = 5 },
  { .id = 1192, .size = 5 },
  { .id = 1193, .size = 5 },
  { .id = 2589, .size = 5 },
  { .id = 782, .size = 5 },
  { .id = 781, .size = 5 },
  { .id = 2586, .size = 5 },
  { .id = 2582, .size = 5 },
  { .id = 2577, .size = 5 },
  { .id = 1200, .size = 5 },
  { .id = 1201, .size = 5 },
  { .id = 3034, .size = 5 },
  { .id = 2576, .size = 5 },
  { .id = 3004, .size = 5 },
  { .id = 2573, .size = 5 },
  { .id = 932, .size = 5 },
  { .id = 2570, .size = 5 },
  { .id = 3002, .size = 5 },
  { .id = 2565, .size = 5 },
  { .id = 1210, .size = 5 },
  { .id = 0, .size = 5 },
  { .id = 1212, .size = 5 },
  { .id = 894, .size = 5 },
  { .id = 1214, .size = 5 },
  { .id = 1215, .size = 5 },
  { .id = 1216, .size = 5 },
  { .id = 780, .size = 5 },
  { .id = 964, .size = 5 },
  { .id = 2549, .size = 5 },
  { .id = 2997, .size = 5 },
  { .id = 1024, .size = 5 },
  { .id = 779, .size = 5 },
  { .id = 2543, .size = 5 },
  { .id = 772, .size = 5 },
  { .id = 3061, .size = 5 },
  { .id = 965, .size = 5 },
  { .id = 3060, .size = 5 },
  { .id = 890, .size = 5 },
  { .id = 1229, .size = 5 },
  { .id = 2990, .size = 5 },
  { .id = 2988, .size = 5 },
  { .id = 769, .size = 5 },
  { .id = 2511, .size = 5 },
  { .id = 1030, .size = 5 },
  { .id = 3032, .size = 5 },
  { .id = 2509, .size = 5 },
  { .id = 766, .size = 5 },
  { .id = 1238, .size = 5 },
  { .id = 2496, .size = 5 },
  { .id = 2492, .size = 5 },
  { .id = 1241, .size = 5 },
  { .id = 1242, .size = 5 },
  { .id = 756, .size = 5 },
  { .id = 2769, .size = 5 },
  { .id = 749, .size = 5 },
  { .id = 2475, .size = 5 },
  { .id = 747, .size = 5 },
  { .id = 2470, .size = 5 },
  { .id = 2811, .size = 5 },
  { .id = 1037, .size = 5 },
  { .id = 2468, .size = 5 },
  { .id = 2463, .size = 5 },
  { .id = 2452, .size = 5 },
  { .id = 2444, .size = 5 },
  { .id = 930, .size = 5 },
  { .id = 746, .size = 5 },
  { .id = 2440, .size = 5 },
  { .id = 1258, .size = 5 },
  { .id = 1040, .size = 5 },
  { .id = 733, .size = 5 },
  { .id = 731, .size = 5 },
  { .id = 3056, .size = 5 },
  { .id = 2783, .size = 5 },
  { .id = 728, .size = 5 },
  { .id = 1265, .size = 5 },
  { .id = 2434, .size = 5 },
  { .id = 886, .size = 5 },
  { .id = 882, .size = 5 },
  { .id = 3054, .size = 5 },
  { .id = 1270, .size = 5 },
  { .id = 1271, .size = 5 },
  { .id = 2425, .size = 5 },
  { .id = 2419, .size = 5 },
  { .id = 2415, .size = 5 },
  { .id = 1275, .size = 5 },
  { .id = 2413, .size = 5 },
  { .id = 2409, .size = 5 },
  { .id = 726, .size = 5 },
  { .id = 1048, .size = 5 },
  { .id = 723, .size = 5 },
  { .id = 712, .size = 5 },
  { .id = 939, .size = 5 },
  { .id = 2403, .size = 5 },
  { .id = 1284, .size = 5 },
  { .id = 2401, .size = 5 },
  { .id = 920, .size = 5 },
  { .id = 2397, .size = 5 },
  { .id = 1288, .size = 5 },
  { .id = 709, .size = 5 },
  { .id = 2392, .size = 5 },
  { .id = 1291, .size = 5 },
  { .id = 707, .size = 5 },
  { .id = 2382, .size = 5 },
  { .id = 2368, .size = 5 },
  { .id = 706, .size = 5 },
  { .id = 2364, .size = 5 },
  { .id = 940, .size = 5 },
  { .id = 2362, .size = 5 },
  { .id = 698, .size = 5 },
  { .id = 2359, .size = 5 },
  { .id = 2357, .size = 5 },
  { .id = 694, .size = 5 },
  { .id = 2356, .size = 5 },
  { .id = 2355, .size = 5 },
  { .id = 919, .size = 5 },
  { .id = 2354, .size = 5 },
  { .id = 2340, .size = 5 },
  { .id = 2336, .size = 5 },
  { .id = 2331, .size = 5 },
  { .id = 688, .size = 5 },
  { .id = 2328, .size = 5 },
  { .id = 683, .size = 5 },
  { .id = 1313, .size = 5 },
  { .id = 880, .size = 5 },
  { .id = 1063, .size = 5 },
  { .id = 682, .size = 5 },
  { .id = 1317, .size = 5 },
  { .id = 874, .size = 5 },
  { .id = 528, .size = 5 },
  { .id = 1320, .size = 5 },
  { .id = 2966, .size = 5 },
  { .id = 2321, .size = 5 },
  { .id = 1323, .size = 5 },
  { .id = 679, .size = 5 },
  { .id = 2319, .size = 5 },
  { .id = 2317, .size = 5 },
  { .id = 673, .size = 5 },
  { .id = 977, .size = 5 },
  { .id = 1329, .size = 5 },
  { .id = 2314, .size = 5 },
  { .id = 2312, .size = 5 },
  { .id = 2304, .size = 5 },
  { .id = 3037, .size = 5 },
  { .id = 1334, .size = 5 },
  { .id = 1069, .size = 5 },
  { .id = 2301, .size = 5 },
  { .id = 2294, .size = 5 },
  { .id = 2281, .size = 5 },
  { .id = 871, .size = 5 },
  { .id = 671, .size = 5 },
  { .id = 2795, .size = 5 },
  { .id = 1073, .size = 5 },
  { .id = 2279, .size = 5 },
  { .id = 518, .size = 5 },
  { .id = 1345, .size = 5 },
  { .id = 1346, .size = 5 },
  { .id = 1074, .size = 5 },
  { .id = 2271, .size = 5 },
  { .id = 1075, .size = 5 },
  { .id = 1076, .size = 5 },
  { .id = 1351, .size = 5 },
  { .id = 2956, .size = 5 },
  { .id = 2257, .size = 5 },
  { .id = 2256, .size = 5 },
  { .id = 2253, .size = 5 },
  { .id = 1356, .size = 5 },
  { .id = 2828, .size = 5 },
  { .id = 1358, .size = 5 },
  { .id = 2246, .size = 5 },
  { .id = 2242, .size = 5 },
  { .id = 1361, .size = 5 },
  { .id = 2766, .size = 5 },
  { .id = 2241, .size = 5 },
  { .id = 2235, .size = 5 },
  { .id = 864, .size = 5 },
  { .id = 2830, .size = 5 },
  { .id = 855, .size = 5 },
  { .id = 256, .size = 5 },
  { .id = 2225, .size = 5 },
  { .id = 2223, .size = 5 },
  { .id = 1080, .size = 5 },
  { .id = 665, .size = 5 },
  { .id = 1373, .size = 5 },
  { .id = 2222, .size = 5 },
  { .id = 514, .size = 5 },
  { .id = 842, .size = 5 },
  { .id = 1083, .size = 5 },
  { .id = 2833, .size = 5 },
  { .id = 1379, .size = 5 },
  { .id = 661, .size = 5 },
  { .id = 2834, .size = 5 },
  { .id = 2219, .size = 5 },
  { .id = 2215, .size = 5 },
  { .id = 2214, .size = 5 },
  { .id = 1085, .size = 5 },
  { .id = 1386, .size = 5 },
  { .id = 982, .size = 5 },
  { .id = 1388, .size = 5 },
  { .id = 2213, .size = 5 },
  { .id = 2198, .size = 5 },
  { .id = 652, .size = 5 },
  { .id = 2197, .size = 5 },
  { .id = 1088, .size = 5 },
  { .id = 2196, .size = 5 },
  { .id = 651, .size = 5 },
  { .id = 1090, .size = 5 },
  { .id = 644, .size = 5 },
  { .id = 1398, .size = 5 },
  { .id = 1399, .size = 5 },
  { .id = 641, .size = 5 },
  { .id = 2195, .size = 5 },
  { .id = 2948, .size = 5 },
  { .id = 2188, .size = 5 },
  { .id = 1093, .size = 5 },
  { .id = 2186, .size = 5 },
  { .id = 1406, .size = 5 },
  { .id = 2183, .size = 5 },
  { .id = 2178, .size = 5 },
  { .id = 983, .size = 5 },
  { .id = 483, .size = 4 },
  { .id = 935, .size = 4 },
  { .id = 937, .size = 4 },
  { .id = 938, .size = 4 },
  { .id = 591, .size = 4 },
  { .id = 945, .size = 4 },
  { .id = 947, .size = 4 },
  { .id = 950, .size = 4 },
  { .id = 962, .size = 4 },
  { .id = 967, .size = 4 },
  { .id = 968, .size = 4 },
  { .id = 971, .size = 4 },
  { .id = 972, .size = 4 },
  { .id = 2786, .size = 4 },
  { .id = 974, .size = 4 },
  { .id = 984, .size = 4 },
  { .id = 985, .size = 4 },
  { .id = 986, .size = 4 },
  { .id = 989, .size = 4 },
  { .id = 587, .size = 4 },
  { .id = 586, .size = 4 },
  { .id = 1002, .size = 4 },
  { .id = 1006, .size = 4 },
  { .id = 1009, .size = 4 },
  { .id = 1011, .size = 4 },
  { .id = 1012, .size = 4 },
  { .id = 1013, .size = 4 },
  { .id = 585, .size = 4 },
  { .id = 1020, .size = 4 },
  { .id = 1021, .size = 4 },
  { .id = 1023, .size = 4 },
  { .id = 1027, .size = 4 },
  { .id = 581, .size = 4 },
  { .id = 578, .size = 4 },
  { .id = 1043, .size = 4 },
  { .id = 1045, .size = 4 },
  { .id = 2793, .size = 4 },
  { .id = 1051, .size = 4 },
  { .id = 1052, .size = 4 },
  { .id = 1056, .size = 4 },
  { .id = 1059, .size = 4 },
  { .id = 1062, .size = 4 },
  { .id = 1065, .size = 4 },
  { .id = 1068, .size = 4 },
  { .id = 1070, .size = 4 },
  { .id = 1078, .size = 4 },
  { .id = 1079, .size = 4 },
  { .id = 1082, .size = 4 },
  { .id = 571, .size = 4 },
  { .id = 1094, .size = 4 },
  { .id = 568, .size = 4 },
  { .id = 1097, .size = 4 },
  { .id = 1100, .size = 4 },
  { .id = 1111, .size = 4 },
  { .id = 1112, .size = 4 },
  { .id = 1114, .size = 4 },
  { .id = 1118, .size = 4 },
  { .id = 1123, .size = 4 },
  { .id = 1124, .size = 4 },
  { .id = 1125, .size = 4 },
  { .id = 1127, .size = 4 },
  { .id = 564, .size = 4 },
  { .id = 1130, .size = 4 },
  { .id = 1133, .size = 4 },
  { .id = 1134, .size = 4 },
  { .id = 1135, .size = 4 },
  { .id = 1139, .size = 4 },
  { .id = 1140, .size = 4 },
  { .id = 1141, .size = 4 },
  { .id = 1142, .size = 4 },
  { .id = 1143, .size = 4 },
  { .id = 1150, .size = 4 },
  { .id = 1154, .size = 4 },
  { .id = 2803, .size = 4 },
  { .id = 1164, .size = 4 },
  { .id = 1166, .size = 4 },
  { .id = 1174, .size = 4 },
  { .id = 2804, .size = 4 },
  { .id = 1177, .size = 4 },
  { .id = 1179, .size = 4 },
  { .id = 552, .size = 4 },
  { .id = 1181, .size = 4 },
  { .id = 1182, .size = 4 },
  { .id = 1190, .size = 4 },
  { .id = 1195, .size = 4 },
  { .id = 1196, .size = 4 },
  { .id = 1206, .size = 4 },
  { .id = 1213, .size = 4 },
  { .id = 1217, .size = 4 },
  { .id = 1218, .size = 4 },
  { .id = 1221, .size = 4 },
  { .id = 1222, .size = 4 },
  { .id = 1224, .size = 4 },
  { .id = 1226, .size = 4 },
  { .id = 545, .size = 4 },
  { .id = 1232, .size = 4 },
  { .id = 1234, .size = 4 },
  { .id = 543, .size = 4 },
  { .id = 1237, .size = 4 },
  { .id = 1243, .size = 4 },
  { .id = 1244, .size = 4 },
  { .id = 1245, .size = 4 },
  { .id = 1247, .size = 4 },
  { .id = 3066, .size = 4 },
  { .id = 1255, .size = 4 },
  { .id = 1256, .size = 4 },
  { .id = 1259, .size = 4 },
  { .id = 1260, .size = 4 },
  { .id = 538, .size = 4 },
  { .id = 1263, .size = 4 },
  { .id = 1264, .size = 4 },
  { .id = 2815, .size = 4 },
  { .id = 1268, .size = 4 },
  { .id = 1278, .size = 4 },
  { .id = 1279, .size = 4 },
  { .id = 1280, .size = 4 },
  { .id = 1281, .size = 4 },
  { .id = 1282, .size = 4 },
  { .id = 535, .size = 4 },
  { .id = 1289, .size = 4 },
  { .id = 1292, .size = 4 },
  { .id = 1295, .size = 4 },
  { .id = 1297, .size = 4 },
  { .id = 1299, .size = 4 },
  { .id = 1302, .size = 4 },
  { .id = 1305, .size = 4 },
  { .id = 1310, .size = 4 },
  { .id = 1312, .size = 4 },
  { .id = 529, .size = 4 },
  { .id = 1315, .size = 4 },
  { .id = 1316, .size = 4 },
  { .id = 1318, .size = 4 },
  { .id = 1324, .size = 4 },
  { .id = 1327, .size = 4 },
  { .id = 2820, .size = 4 },
  { .id = 2825, .size = 4 },
  { .id = 521, .size = 4 },
  { .id = 1340, .size = 4 },
  { .id = 520, .size = 4 },
  { .id = 1342, .size = 4 },
  { .id = 2827, .size = 4 },
  { .id = 1349, .size = 4 },
  { .id = 517, .size = 4 },
  { .id = 1362, .size = 4 },
  { .id = 1365, .size = 4 },
  { .id = 1367, .size = 4 },
  { .id = 2832, .size = 4 },
  { .id = 1372, .size = 4 },
  { .id = 1376, .size = 4 },
  { .id = 1377, .size = 4 },
  { .id = 1380, .size = 4 },
  { .id = 512, .size = 4 },
  { .id = 1387, .size = 4 },
  { .id = 2837, .size = 4 },
  { .id = 1393, .size = 4 },
  { .id = 1395, .size = 4 },
  { .id = 1396, .size = 4 },
  { .id = 2838, .size = 4 },
  { .id = 1400, .size = 4 },
  { .id = 509, .size = 4 },
  { .id = 1410, .size = 4 },
  { .id = 1413, .size = 4 },
  { .id = 2840, .size = 4 },
  { .id = 1417, .size = 4 },
  { .id = 1425, .size = 4 },
  { .id = 2841, .size = 4 },
  { .id = 2842, .size = 4 },
  { .id = 1430, .size = 4 },
  { .id = 1431, .size = 4 },
  { .id = 1434, .size = 4 },
  { .id = 1438, .size = 4 },
  { .id = 1441, .size = 4 },
  { .id = 1444, .size = 4 },
  { .id = 1445, .size = 4 },
  { .id = 487, .size = 4 },
  { .id = 1450, .size = 4 },
  { .id = 1452, .size = 4 },
  { .id = 1453, .size = 4 },
  { .id = 1454, .size = 4 },
  { .id = 1459, .size = 4 },
  { .id = 1460, .size = 4 },
  { .id = 1462, .size = 4 },
  { .id = 1463, .size = 4 },
  { .id = 1464, .size = 4 },
  { .id = 2845, .size = 4 },
  { .id = 484, .size = 4 },
  { .id = 1469, .size = 4 },
  { .id = 1479, .size = 4 },
  { .id = 1480, .size = 4 },
  { .id = 1487, .size = 4 },
  { .id = 1488, .size = 4 },
  { .id = 1490, .size = 4 },
  { .id = 1493, .size = 4 },
  { .id = 1494, .size = 4 },
  { .id = 1498, .size = 4 },
  { .id = 1499, .size = 4 },
  { .id = 2851, .size = 4 },
  { .id = 476, .size = 4 },
  { .id = 1506, .size = 4 },
  { .id = 2852, .size = 4 },
  { .id = 1509, .size = 4 },
  { .id = 1515, .size = 4 },
  { .id = 471, .size = 4 },
  { .id = 1522, .size = 4 },
  { .id = 1527, .size = 4 },
  { .id = 1528, .size = 4 },
  { .id = 1530, .size = 4 },
  { .id = 1535, .size = 4 },
  { .id = 1536, .size = 4 },
  { .id = 1538, .size = 4 },
  { .id = 1539, .size = 4 },
  { .id = 1543, .size = 4 },
  { .id = 1546, .size = 4 },
  { .id = 1554, .size = 4 },
  { .id = 1556, .size = 4 },
  { .id = 461, .size = 4 },
  { .id = 1566, .size = 4 },
  { .id = 460, .size = 4 },
  { .id = 1571, .size = 4 },
  { .id = 1572, .size = 4 },
  { .id = 1576, .size = 4 },
  { .id = 1579, .size = 4 },
  { .id = 1584, .size = 4 },
  { .id = 1585, .size = 4 },
  { .id = 2864, .size = 4 },
  { .id = 1594, .size = 4 },
  { .id = 1599, .size = 4 },
  { .id = 1600, .size = 4 },
  { .id = 2867, .size = 4 },
  { .id = 1605, .size = 4 },
  { .id = 2868, .size = 4 },
  { .id = 1614, .size = 4 },
  { .id = 1615, .size = 4 },
  { .id = 1616, .size = 4 },
  { .id = 1619, .size = 4 },
  { .id = 2870, .size = 4 },
  { .id = 1622, .size = 4 },
  { .id = 1626, .size = 4 },
  { .id = 446, .size = 4 },
  { .id = 1630, .size = 4 },
  { .id = 1634, .size = 4 },
  { .id = 444, .size = 4 },
  { .id = 1637, .size = 4 },
  { .id = 1639, .size = 4 },
  { .id = 1640, .size = 4 },
  { .id = 441, .size = 4 },
  { .id = 1648, .size = 4 },
  { .id = 1654, .size = 4 },
  { .id = 1656, .size = 4 },
  { .id = 1660, .size = 4 },
  { .id = 2873, .size = 4 },
  { .id = 2874, .size = 4 },
  { .id = 1665, .size = 4 },
  { .id = 1670, .size = 4 },
  { .id = 1671, .size = 4 },
  { .id = 1687, .size = 4 },
  { .id = 1688, .size = 4 },
  { .id = 1689, .size = 4 },
  { .id = 1702, .size = 4 },
  { .id = 2877, .size = 4 },
  { .id = 1704, .size = 4 },
  { .id = 1705, .size = 4 },
  { .id = 1706, .size = 4 },
  { .id = 1712, .size = 4 },
  { .id = 1720, .size = 4 },
  { .id = 1722, .size = 4 },
  { .id = 2880, .size = 4 },
  { .id = 2881, .size = 4 },
  { .id = 409, .size = 4 },
  { .id = 1744, .size = 4 },
  { .id = 3046, .size = 4 },
  { .id = 1756, .size = 4 },
  { .id = 1758, .size = 4 },
  { .id = 1760, .size = 4 },
  { .id = 1762, .size = 4 },
  { .id = 1764, .size = 4 },
  { .id = 1768, .size = 4 },
  { .id = 1771, .size = 4 },
  { .id = 400, .size = 4 },
  { .id = 1780, .size = 4 },
  { .id = 1783, .size = 4 },
  { .id = 1785, .size = 4 },
  { .id = 2888, .size = 4 },
  { .id = 1804, .size = 4 },
  { .id = 392, .size = 4 },
  { .id = 1806, .size = 4 },
  { .id = 1807, .size = 4 },
  { .id = 1809, .size = 4 },
  { .id = 2890, .size = 4 },
  { .id = 2891, .size = 4 },
  { .id = 1820, .size = 4 },
  { .id = 1828, .size = 4 },
  { .id = 1830, .size = 4 },
  { .id = 385, .size = 4 },
  { .id = 383, .size = 4 },
  { .id = 1838, .size = 4 },
  { .id = 1839, .size = 4 },
  { .id = 2896, .size = 4 },
  { .id = 2899, .size = 4 },
  { .id = 378, .size = 4 },
  { .id = 375, .size = 4 },
  { .id = 2903, .size = 4 },
  { .id = 1869, .size = 4 },
  { .id = 1876, .size = 4 },
  { .id = 370, .size = 4 },
  { .id = 368, .size = 4 },
  { .id = 365, .size = 4 },
  { .id = 1886, .size = 4 },
  { .id = 1891, .size = 4 },
  { .id = 2906, .size = 4 },
  { .id = 2907, .size = 4 },
  { .id = 1904, .size = 4 },
  { .id = 1911, .size = 4 },
  { .id = 1919, .size = 4 },
  { .id = 352, .size = 4 },
  { .id = 1924, .size = 4 },
  { .id = 350, .size = 4 },
  { .id = 1932, .size = 4 },
  { .id = 1936, .size = 4 },
  { .id = 1938, .size = 4 },
  { .id = 1940, .size = 4 },
  { .id = 1949, .size = 4 },
  { .id = 2910, .size = 4 },
  { .id = 338, .size = 4 },
  { .id = 1959, .size = 4 },
  { .id = 1960, .size = 4 },
  { .id = 334, .size = 4 },
  { .id = 333, .size = 4 },
  { .id = 1969, .size = 4 },
  { .id = 1970, .size = 4 },
  { .id = 1981, .size = 4 },
  { .id = 1993, .size = 4 },
  { .id = 2001, .size = 4 },
  { .id = 2918, .size = 4 },
  { .id = 2919, .size = 4 },
  { .id = 2020, .size = 4 },
  { .id = 2920, .size = 4 },
  { .id = 2029, .size = 4 },
  { .id = 2033, .size = 4 },
  { .id = 2034, .size = 4 },
  { .id = 2037, .size = 4 },
  { .id = 2041, .size = 4 },
  { .id = 2043, .size = 4 },
  { .id = 3067, .size = 4 },
  { .id = 2061, .size = 4 },
  { .id = 2077, .size = 4 },
  { .id = 2927, .size = 4 },
  { .id = 2085, .size = 4 },
  { .id = 2090, .size = 4 },
  { .id = 2930, .size = 4 },
  { .id = 289, .size = 4 },
  { .id = 2095, .size = 4 },
  { .id = 2099, .size = 4 },
  { .id = 2104, .size = 4 },
  { .id = 2935, .size = 4 },
  { .id = 2114, .size = 4 },
  { .id = 2116, .size = 4 },
  { .id = 2126, .size = 4 },
  { .id = 2127, .size = 4 },
  { .id = 2130, .size = 4 },
  { .id = 2131, .size = 4 },
  { .id = 2136, .size = 4 },
  { .id = 2142, .size = 4 },
  { .id = 2144, .size = 4 },
  { .id = 2145, .size = 4 },
  { .id = 2156, .size = 4 },
  { .id = 2163, .size = 4 },
  { .id = 2174, .size = 4 },
  { .id = 2192, .size = 4 },
  { .id = 2193, .size = 4 },
  { .id = 2199, .size = 4 },
  { .id = 2206, .size = 4 },
  { .id = 2208, .size = 4 },
  { .id = 2209, .size = 4 },
  { .id = 261, .size = 4 },
  { .id = 2217, .size = 4 },
  { .id = 2221, .size = 4 },
  { .id = 2227, .size = 4 },
  { .id = 2228, .size = 4 },
  { .id = 2955, .size = 4 },
  { .id = 2247, .size = 4 },
  { .id = 2250, .size = 4 },
  { .id = 2258, .size = 4 },
  { .id = 2267, .size = 4 },
  { .id = 2268, .size = 4 },
  { .id = 2273, .size = 4 },
  { .id = 2277, .size = 4 },
  { .id = 2283, .size = 4 },
  { .id = 2288, .size = 4 },
  { .id = 2293, .size = 4 },
  { .id = 2964, .size = 4 },
  { .id = 2307, .size = 4 },
  { .id = 2309, .size = 4 },
  { .id = 2313, .size = 4 },
  { .id = 2320, .size = 4 },
  { .id = 2341, .size = 4 },
  { .id = 2342, .size = 4 },
  { .id = 2344, .size = 4 },
  { .id = 2347, .size = 4 },
  { .id = 2360, .size = 4 },
  { .id = 2363, .size = 4 },
  { .id = 2365, .size = 4 },
  { .id = 2377, .size = 4 },
  { .id = 2380, .size = 4 },
  { .id = 2388, .size = 4 },
  { .id = 2396, .size = 4 },
  { .id = 2398, .size = 4 },
  { .id = 2399, .size = 4 },
  { .id = 2402, .size = 4 },
  { .id = 2404, .size = 4 },
  { .id = 2414, .size = 4 },
  { .id = 2418, .size = 4 },
  { .id = 2426, .size = 4 },
  { .id = 2433, .size = 4 },
  { .id = 2436, .size = 4 },
  { .id = 2450, .size = 4 },
  { .id = 2455, .size = 4 },
  { .id = 2457, .size = 4 },
  { .id = 2459, .size = 4 },
  { .id = 2460, .size = 4 },
  { .id = 2461, .size = 4 },
  { .id = 2464, .size = 4 },
  { .id = 2465, .size = 4 },
  { .id = 2471, .size = 4 },
  { .id = 2981, .size = 4 },
  { .id = 2481, .size = 4 },
  { .id = 2482, .size = 4 },
  { .id = 2983, .size = 4 },
  { .id = 2484, .size = 4 },
  { .id = 2486, .size = 4 },
  { .id = 2487, .size = 4 },
  { .id = 2488, .size = 4 },
  { .id = 2498, .size = 4 },
  { .id = 2500, .size = 4 },
  { .id = 2984, .size = 4 },
  { .id = 2504, .size = 4 },
  { .id = 3059, .size = 4 },
  { .id = 2987, .size = 4 },
  { .id = 2514, .size = 4 },
  { .id = 2524, .size = 4 },
  { .id = 2991, .size = 4 },
  { .id = 2528, .size = 4 },
  { .id = 2530, .size = 4 },
  { .id = 2532, .size = 4 },
  { .id = 2533, .size = 4 },
  { .id = 2540, .size = 4 },
  { .id = 2541, .size = 4 },
  { .id = 2544, .size = 4 },
  { .id = 2548, .size = 4 },
  { .id = 2998, .size = 4 },
  { .id = 2554, .size = 4 },
  { .id = 2563, .size = 4 },
  { .id = 2564, .size = 4 },
  { .id = 2580, .size = 4 },
  { .id = 2583, .size = 4 },
  { .id = 2585, .size = 4 },
  { .id = 2596, .size = 4 },
  { .id = 2604, .size = 4 },
  { .id = 2614, .size = 4 },
  { .id = 2615, .size = 4 },
  { .id = 2621, .size = 4 },
  { .id = 2630, .size = 4 },
  { .id = 2637, .size = 4 },
  { .id = 2641, .size = 4 },
  { .id = 2642, .size = 4 },
  { .id = 2644, .size = 4 },
  { .id = 3015, .size = 4 },
  { .id = 2660, .size = 4 },
  { .id = 2667, .size = 4 },
  { .id = 2668, .size = 4 },
  { .id = 2669, .size = 4 },
  { .id = 3018, .size = 4 },
  { .id = 2677, .size = 4 },
  { .id = 2678, .size = 4 },
  { .id = 2681, .size = 4 },
  { .id = 2692, .size = 4 },
  { .id = 2698, .size = 4 },
  { .id = 2700, .size = 4 },
  { .id = 2701, .size = 4 },
  { .id = 2702, .size = 4 },
  { .id = 2704, .size = 4 },
  { .id = 3025, .size = 4 },
  { .id = 2727, .size = 4 },
  { .id = 2732, .size = 4 },
  { .id = 2734, .size = 4 },
  { .id = 2736, .size = 4 },
  { .id = 2740, .size = 4 },
  { .id = 3027, .size = 4 },
  { .id = 2760, .size = 4 },
  { .id = 2762, .size = 4 },
  { .id = 631, .size = 4 },
  { .id = 633, .size = 4 },
  { .id = 634, .size = 4 },
  { .id = 642, .size = 4 },
  { .id = 2764, .size = 4 },
  { .id = 649, .size = 4 },
  { .id = 650, .size = 4 },
  { .id = 654, .size = 4 },
  { .id = 655, .size = 4 },
  { .id = 623, .size = 4 },
  { .id = 662, .size = 4 },
  { .id = 2765, .size = 4 },
  { .id = 664, .size = 4 },
  { .id = 666, .size = 4 },
  { .id = 668, .size = 4 },
  { .id = 672, .size = 4 },
  { .id = 674, .size = 4 },
  { .id = 677, .size = 4 },
  { .id = 686, .size = 4 },
  { .id = 687, .size = 4 },
  { .id = 691, .size = 4 },
  { .id = 697, .size = 4 },
  { .id = 699, .size = 4 },
  { .id = 700, .size = 4 },
  { .id = 705, .size = 4 },
  { .id = 708, .size = 4 },
  { .id = 711, .size = 4 },
  { .id = 714, .size = 4 },
  { .id = 716, .size = 4 },
  { .id = 717, .size = 4 },
  { .id = 720, .size = 4 },
  { .id = 619, .size = 4 },
  { .id = 735, .size = 4 },
  { .id = 738, .size = 4 },
  { .id = 741, .size = 4 },
  { .id = 743, .size = 4 },
  { .id = 745, .size = 4 },
  { .id = 750, .size = 4 },
  { .id = 754, .size = 4 },
  { .id = 757, .size = 4 },
  { .id = 2770, .size = 4 },
  { .id = 760, .size = 4 },
  { .id = 763, .size = 4 },
  { .id = 617, .size = 4 },
  { .id = 765, .size = 4 },
  { .id = 767, .size = 4 },
  { .id = 768, .size = 4 },
  { .id = 773, .size = 4 },
  { .id = 616, .size = 4 },
  { .id = 784, .size = 4 },
  { .id = 787, .size = 4 },
  { .id = 791, .size = 4 },
  { .id = 792, .size = 4 },
  { .id = 795, .size = 4 },
  { .id = 801, .size = 4 },
  { .id = 610, .size = 4 },
  { .id = 807, .size = 4 },
  { .id = 808, .size = 4 },
  { .id = 609, .size = 4 },
  { .id = 810, .size = 4 },
  { .id = 811, .size = 4 },
  { .id = 817, .size = 4 },
  { .id = 819, .size = 4 },
  { .id = 2775, .size = 4 },
  { .id = 822, .size = 4 },
  { .id = 824, .size = 4 },
  { .id = 827, .size = 4 },
  { .id = 833, .size = 4 },
  { .id = 836, .size = 4 },
  { .id = 841, .size = 4 },
  { .id = 2778, .size = 4 },
  { .id = 846, .size = 4 },
  { .id = 847, .size = 4 },
  { .id = 851, .size = 4 },
  { .id = 854, .size = 4 },
  { .id = 603, .size = 4 },
  { .id = 859, .size = 4 },
  { .id = 862, .size = 4 },
  { .id = 867, .size = 4 },
  { .id = 869, .size = 4 },
  { .id = 870, .size = 4 },
  { .id = 872, .size = 4 },
  { .id = 876, .size = 4 },
  { .id = 878, .size = 4 },
  { .id = 879, .size = 4 },
  { .id = 881, .size = 4 },
  { .id = 883, .size = 4 },
  { .id = 884, .size = 4 },
  { .id = 885, .size = 4 },
  { .id = 892, .size = 4 },
  { .id = 893, .size = 4 },
  { .id = 896, .size = 4 },
  { .id = 899, .size = 4 },
  { .id = 901, .size = 4 },
  { .id = 598, .size = 4 },
  { .id = 904, .size = 4 },
  { .id = 911, .size = 4 },
  { .id = 594, .size = 4 },
  { .id = 921, .size = 4 },
  { .id = 923, .size = 4 },
  { .id = 927, .size = 4 },
  { .id = 928, .size = 4 },
  { .id = 2784, .size = 4 },
  { .id = 933, .size = 4 },
  { .id = 582, .size = 3 },
  { .id = 929, .size = 3 },
  { .id = 2531, .size = 3 },
  { .id = 783, .size = 3 },
  { .id = 914, .size = 3 },
  { .id = 1608, .size = 3 },
  { .id = 405, .size = 3 },
  { .id = 1225, .size = 3 },
  { .id = 2537, .size = 3 },
  { .id = 1609, .size = 3 },
  { .id = 2996, .size = 3 },
  { .id = 785, .size = 3 },
  { .id = 1015, .size = 3 },
  { .id = 2542, .size = 3 },
  { .id = 1223, .size = 3 },
  { .id = 975, .size = 3 },
  { .id = 704, .size = 3 },
  { .id = 2546, .size = 3 },
  { .id = 1220, .size = 3 },
  { .id = 615, .size = 3 },
  { .id = 546, .size = 3 },
  { .id = 621, .size = 3 },
  { .id = 1211, .size = 3 },
  { .id = 1433, .size = 3 },
  { .id = 448, .size = 3 },
  { .id = 612, .size = 3 },
  { .id = 491, .size = 3 },
  { .id = 1518, .size = 3 },
  { .id = 408, .size = 3 },
  { .id = 1103, .size = 3 },
  { .id = 1741, .size = 3 },
  { .id = 2560, .size = 3 },
  { .id = 447, .size = 3 },
  { .id = 2941, .size = 3 },
  { .id = 1737, .size = 3 },
  { .id = 970, .size = 3 },
  { .id = 319, .size = 3 },
  { .id = 410, .size = 3 },
  { .id = 2152, .size = 3 },
  { .id = 2568, .size = 3 },
  { .id = 1734, .size = 3 },
  { .id = 1618, .size = 3 },
  { .id = 1732, .size = 3 },
  { .id = 3051, .size = 3 },
  { .id = 548, .size = 3 },
  { .id = 494, .size = 3 },
  { .id = 1204, .size = 3 },
  { .id = 1621, .size = 3 },
  { .id = 1199, .size = 3 },
  { .id = 1623, .size = 3 },
  { .id = 2744, .size = 3 },
  { .id = 472, .size = 3 },
  { .id = 1728, .size = 3 },
  { .id = 1198, .size = 3 },
  { .id = 925, .size = 3 },
  { .id = 411, .size = 3 },
  { .id = 951, .size = 3 },
  { .id = 1197, .size = 3 },
  { .id = 3064, .size = 3 },
  { .id = 412, .size = 3 },
  { .id = 1194, .size = 3 },
  { .id = 277, .size = 3 },
  { .id = 550, .size = 3 },
  { .id = 1187, .size = 3 },
  { .id = 3008, .size = 3 },
  { .id = 2594, .size = 3 },
  { .id = 1624, .size = 3 },
  { .id = 796, .size = 3 },
  { .id = 445, .size = 3 },
  { .id = 2598, .size = 3 },
  { .id = 297, .size = 3 },
  { .id = 1633, .size = 3 },
  { .id = 1718, .size = 3 },
  { .id = 3009, .size = 3 },
  { .id = 1643, .size = 3 },
  { .id = 275, .size = 3 },
  { .id = 2066, .size = 3 },
  { .id = 551, .size = 3 },
  { .id = 2607, .size = 3 },
  { .id = 440, .size = 3 },
  { .id = 553, .size = 3 },
  { .id = 2610, .size = 3 },
  { .id = 415, .size = 3 },
  { .id = 416, .size = 3 },
  { .id = 2878, .size = 3 },
  { .id = 798, .size = 3 },
  { .id = 1478, .size = 3 },
  { .id = 1708, .size = 3 },
  { .id = 1173, .size = 3 },
  { .id = 1172, .size = 3 },
  { .id = 438, .size = 3 },
  { .id = 1170, .size = 3 },
  { .id = 800, .size = 3 },
  { .id = 2776, .size = 3 },
  { .id = 1646, .size = 3 },
  { .id = 1700, .size = 3 },
  { .id = 1699, .size = 3 },
  { .id = 1698, .size = 3 },
  { .id = 3040, .size = 3 },
  { .id = 437, .size = 3 },
  { .id = 574, .size = 3 },
  { .id = 590, .size = 3 },
  { .id = 1165, .size = 3 },
  { .id = 1163, .size = 3 },
  { .id = 420, .size = 3 },
  { .id = 1690, .size = 3 },
  { .id = 326, .size = 3 },
  { .id = 2636, .size = 3 },
  { .id = 567, .size = 3 },
  { .id = 296, .size = 3 },
  { .id = 555, .size = 3 },
  { .id = 3013, .size = 3 },
  { .id = 2945, .size = 3 },
  { .id = 804, .size = 3 },
  { .id = 556, .size = 3 },
  { .id = 961, .size = 3 },
  { .id = 3014, .size = 3 },
  { .id = 479, .size = 3 },
  { .id = 2733, .size = 3 },
  { .id = 2648, .size = 3 },
  { .id = 436, .size = 3 },
  { .id = 497, .size = 3 },
  { .id = 422, .size = 3 },
  { .id = 1678, .size = 3 },
  { .id = 557, .size = 3 },
  { .id = 1677, .size = 3 },
  { .id = 2655, .size = 3 },
  { .id = 2656, .size = 3 },
  { .id = 426, .size = 3 },
  { .id = 2658, .size = 3 },
  { .id = 427, .size = 3 },
  { .id = 969, .size = 3 },
  { .id = 2661, .size = 3 },
  { .id = 1149, .size = 3 },
  { .id = 428, .size = 3 },
  { .id = 435, .size = 3 },
  { .id = 1146, .size = 3 },
  { .id = 823, .size = 3 },
  { .id = 887, .size = 3 },
  { .id = 888, .size = 3 },
  { .id = 2070, .size = 3 },
  { .id = 559, .size = 3 },
  { .id = 499, .size = 3 },
  { .id = 966, .size = 3 },
  { .id = 429, .size = 3 },
  { .id = 434, .size = 3 },
  { .id = 1113, .size = 3 },
  { .id = 328, .size = 3 },
  { .id = 2071, .size = 3 },
  { .id = 3038, .size = 3 },
  { .id = 1116, .size = 3 },
  { .id = 433, .size = 3 },
  { .id = 1004, .size = 3 },
  { .id = 560, .size = 3 },
  { .id = 561, .size = 3 },
  { .id = 963, .size = 3 },
  { .id = 432, .size = 3 },
  { .id = 1054, .size = 3 },
  { .id = 565, .size = 3 },
  { .id = 2726, .size = 3 },
  { .id = 1126, .size = 3 },
  { .id = 2799, .size = 3 },
  { .id = 501, .size = 3 },
  { .id = 2072, .size = 3 },
  { .id = 2721, .size = 3 },
  { .id = 504, .size = 3 },
  { .id = 2720, .size = 3 },
  { .id = 1121, .size = 3 },
  { .id = 946, .size = 3 },
  { .id = 2788, .size = 3 },
  { .id = 506, .size = 3 },
  { .id = 891, .size = 3 },
  { .id = 1514, .size = 3 },
  { .id = 474, .size = 3 },
  { .id = 2716, .size = 3 },
  { .id = 820, .size = 3 },
  { .id = 2705, .size = 3 },
  { .id = 2947, .size = 3 },
  { .id = 2917, .size = 3 },
  { .id = 2925, .size = 3 },
  { .id = 685, .size = 3 },
  { .id = 1504, .size = 3 },
  { .id = 321, .size = 3 },
  { .id = 2080, .size = 3 },
  { .id = 1403, .size = 3 },
  { .id = 292, .size = 3 },
  { .id = 622, .size = 3 },
  { .id = 2023, .size = 3 },
  { .id = 2002, .size = 3 },
  { .id = 322, .size = 3 },
  { .id = 1061, .size = 3 },
  { .id = 510, .size = 3 },
  { .id = 1394, .size = 3 },
  { .id = 1392, .size = 3 },
  { .id = 511, .size = 3 },
  { .id = 710, .size = 3 },
  { .id = 2200, .size = 3 },
  { .id = 2916, .size = 3 },
  { .id = 304, .size = 3 },
  { .id = 1526, .size = 3 },
  { .id = 2089, .size = 3 },
  { .id = 2205, .size = 3 },
  { .id = 856, .size = 3 },
  { .id = 2207, .size = 3 },
  { .id = 575, .size = 3 },
  { .id = 713, .size = 3 },
  { .id = 2210, .size = 3 },
  { .id = 857, .size = 3 },
  { .id = 1060, .size = 3 },
  { .id = 1389, .size = 3 },
  { .id = 1972, .size = 3 },
  { .id = 513, .size = 3 },
  { .id = 1077, .size = 3 },
  { .id = 715, .size = 3 },
  { .id = 689, .size = 3 },
  { .id = 599, .size = 3 },
  { .id = 2220, .size = 3 },
  { .id = 2017, .size = 3 },
  { .id = 1374, .size = 3 },
  { .id = 690, .size = 3 },
  { .id = 1968, .size = 3 },
  { .id = 1369, .size = 3 },
  { .id = 2094, .size = 3 },
  { .id = 959, .size = 3 },
  { .id = 605, .size = 3 },
  { .id = 288, .size = 3 },
  { .id = 2230, .size = 3 },
  { .id = 676, .size = 3 },
  { .id = 2953, .size = 3 },
  { .id = 2098, .size = 3 },
  { .id = 470, .size = 3 },
  { .id = 692, .size = 3 },
  { .id = 843, .size = 3 },
  { .id = 2954, .size = 3 },
  { .id = 335, .size = 3 },
  { .id = 3033, .size = 3 },
  { .id = 981, .size = 3 },
  { .id = 1071, .size = 3 },
  { .id = 2829, .size = 3 },
  { .id = 944, .size = 3 },
  { .id = 2101, .size = 3 },
  { .id = 719, .size = 3 },
  { .id = 516, .size = 3 },
  { .id = 860, .size = 3 },
  { .id = 987, .size = 3 },
  { .id = 1988, .size = 3 },
  { .id = 721, .size = 3 },
  { .id = 1954, .size = 3 },
  { .id = 469, .size = 3 },
  { .id = 1355, .size = 3 },
  { .id = 1534, .size = 3 },
  { .id = 2255, .size = 3 },
  { .id = 1354, .size = 3 },
  { .id = 3049, .size = 3 },
  { .id = 693, .size = 3 },
  { .id = 1352, .size = 3 },
  { .id = 1470, .size = 3 },
  { .id = 2261, .size = 3 },
  { .id = 1084, .size = 3 },
  { .id = 1948, .size = 3 },
  { .id = 2048, .size = 3 },
  { .id = 2265, .size = 3 },
  { .id = 468, .size = 3 },
  { .id = 1049, .size = 3 },
  { .id = 1502, .size = 3 },
  { .id = 1946, .size = 3 },
  { .id = 2270, .size = 3 },
  { .id = 1348, .size = 3 },
  { .id = 1523, .size = 3 },
  { .id = 1058, .size = 3 },
  { .id = 341, .size = 3 },
  { .id = 342, .size = 3 },
  { .id = 2276, .size = 3 },
  { .id = 1047, .size = 3 },
  { .id = 1942, .size = 3 },
  { .id = 519, .size = 3 },
  { .id = 660, .size = 3 },
  { .id = 2826, .size = 3 },
  { .id = 988, .size = 3 },
  { .id = 727, .size = 3 },
  { .id = 3052, .size = 3 },
  { .id = 2110, .size = 3 },
  { .id = 348, .size = 3 },
  { .id = 657, .size = 3 },
  { .id = 576, .size = 3 },
  { .id = 1929, .size = 3 },
  { .id = 1927, .size = 3 },
  { .id = 286, .size = 3 },
  { .id = 845, .size = 3 },
  { .id = 729, .size = 3 },
  { .id = 1337, .size = 3 },
  { .id = 2856, .size = 3 },
  { .id = 351, .size = 3 },
  { .id = 353, .size = 3 },
  { .id = 653, .size = 3 },
  { .id = 1918, .size = 3 },
  { .id = 1916, .size = 3 },
  { .id = 485, .size = 3 },
  { .id = 1915, .size = 3 },
  { .id = 1545, .size = 3 },
  { .id = 1986, .size = 3 },
  { .id = 730, .size = 3 },
  { .id = 356, .size = 3 },
  { .id = 1042, .size = 3 },
  { .id = 1087, .size = 3 },
  { .id = 2768, .size = 3 },
  { .id = 467, .size = 3 },
  { .id = 1549, .size = 3 },
  { .id = 1550, .size = 3 },
  { .id = 577, .size = 3 },
  { .id = 960, .size = 3 },
  { .id = 360, .size = 3 },
  { .id = 2115, .size = 3 },
  { .id = 523, .size = 3 },
  { .id = 1898, .size = 3 },
  { .id = 524, .size = 3 },
  { .id = 696, .size = 3 },
  { .id = 525, .size = 3 },
  { .id = 1321, .size = 3 },
  { .id = 2323, .size = 3 },
  { .id = 361, .size = 3 },
  { .id = 1896, .size = 3 },
  { .id = 1895, .size = 3 },
  { .id = 2327, .size = 3 },
  { .id = 1551, .size = 3 },
  { .id = 835, .size = 3 },
  { .id = 486, .size = 3 },
  { .id = 1309, .size = 3 },
  { .id = 2332, .size = 3 },
  { .id = 1892, .size = 3 },
  { .id = 2844, .size = 3 },
  { .id = 2335, .size = 3 },
  { .id = 607, .size = 3 },
  { .id = 647, .size = 3 },
  { .id = 1885, .size = 3 },
  { .id = 2028, .size = 3 },
  { .id = 2052, .size = 3 },
  { .id = 958, .size = 3 },
  { .id = 736, .size = 3 },
  { .id = 2343, .size = 3 },
  { .id = 737, .size = 3 },
  { .id = 2345, .size = 3 },
  { .id = 364, .size = 3 },
  { .id = 863, .size = 3 },
  { .id = 646, .size = 3 },
  { .id = 1882, .size = 3 },
  { .id = 465, .size = 3 },
  { .id = 2351, .size = 3 },
  { .id = 1880, .size = 3 },
  { .id = 2353, .size = 3 },
  { .id = 1091, .size = 3 },
  { .id = 2816, .size = 3 },
  { .id = 1303, .size = 3 },
  { .id = 530, .size = 3 },
  { .id = 464, .size = 3 },
  { .id = 1300, .size = 3 },
  { .id = 739, .size = 3 },
  { .id = 1873, .size = 3 },
  { .id = 902, .size = 3 },
  { .id = 740, .size = 3 },
  { .id = 1296, .size = 3 },
  { .id = 284, .size = 3 },
  { .id = 372, .size = 3 },
  { .id = 2367, .size = 3 },
  { .id = 532, .size = 3 },
  { .id = 1560, .size = 3 },
  { .id = 463, .size = 3 },
  { .id = 897, .size = 3 },
  { .id = 2372, .size = 3 },
  { .id = 569, .size = 3 },
  { .id = 373, .size = 3 },
  { .id = 2375, .size = 3 },
  { .id = 2969, .size = 3 },
  { .id = 618, .size = 3 },
  { .id = 2378, .size = 3 },
  { .id = 640, .size = 3 },
  { .id = 376, .size = 3 },
  { .id = 1861, .size = 3 },
  { .id = 1293, .size = 3 },
  { .id = 1860, .size = 3 },
  { .id = 377, .size = 3 },
  { .id = 639, .size = 3 },
  { .id = 2386, .size = 3 },
  { .id = 2387, .size = 3 },
  { .id = 744, .size = 3 },
  { .id = 2900, .size = 3 },
  { .id = 459, .size = 3 },
  { .id = 2391, .size = 3 },
  { .id = 1446, .size = 3 },
  { .id = 2859, .size = 3 },
  { .id = 457, .size = 3 },
  { .id = 456, .size = 3 },
  { .id = 866, .size = 3 },
  { .id = 2124, .size = 3 },
  { .id = 1039, .size = 3 },
  { .id = 1036, .size = 3 },
  { .id = 2400, .size = 3 },
  { .id = 1285, .size = 3 },
  { .id = 748, .size = 3 },
  { .id = 1283, .size = 3 },
  { .id = 1035, .size = 3 },
  { .id = 2894, .size = 3 },
  { .id = 2406, .size = 3 },
  { .id = 381, .size = 3 },
  { .id = 382, .size = 3 },
  { .id = 1277, .size = 3 },
  { .id = 624, .size = 3 },
  { .id = 1837, .size = 3 },
  { .id = 832, .size = 3 },
  { .id = 536, .size = 3 },
  { .id = 1985, .size = 3 },
  { .id = 1274, .size = 3 },
  { .id = 924, .size = 3 },
  { .id = 1833, .size = 3 },
  { .id = 1057, .size = 3 },
  { .id = 1273, .size = 3 },
  { .id = 1832, .size = 3 },
  { .id = 608, .size = 3 },
  { .id = 1511, .size = 3 },
  { .id = 1443, .size = 3 },
  { .id = 852, .size = 3 },
  { .id = 1272, .size = 3 },
  { .id = 1034, .size = 3 },
  { .id = 2427, .size = 3 },
  { .id = 1269, .size = 3 },
  { .id = 589, .size = 3 },
  { .id = 2430, .size = 3 },
  { .id = 1827, .size = 3 },
  { .id = 1824, .size = 3 },
  { .id = 753, .size = 3 },
  { .id = 537, .size = 3 },
  { .id = 630, .size = 3 },
  { .id = 853, .size = 3 },
  { .id = 1262, .size = 3 },
  { .id = 1818, .size = 3 },
  { .id = 391, .size = 3 },
  { .id = 3036, .size = 3 },
  { .id = 2863, .size = 3 },
  { .id = 2442, .size = 3 },
  { .id = 2976, .size = 3 },
  { .id = 1486, .size = 3 },
  { .id = 2445, .size = 3 },
  { .id = 2133, .size = 3 },
  { .id = 629, .size = 3 },
  { .id = 2977, .size = 3 },
  { .id = 2449, .size = 3 },
  { .id = 1439, .size = 3 },
  { .id = 1589, .size = 3 },
  { .id = 1253, .size = 3 },
  { .id = 1590, .size = 3 },
  { .id = 2978, .size = 3 },
  { .id = 1437, .size = 3 },
  { .id = 454, .size = 3 },
  { .id = 956, .size = 3 },
  { .id = 2458, .size = 3 },
  { .id = 1808, .size = 3 },
  { .id = 759, .size = 3 },
  { .id = 978, .size = 3 },
  { .id = 626, .size = 3 },
  { .id = 625, .size = 3 },
  { .id = 761, .size = 3 },
  { .id = 762, .size = 3 },
  { .id = 996, .size = 3 },
  { .id = 2761, .size = 3 },
  { .id = 540, .size = 3 },
  { .id = 1510, .size = 3 },
  { .id = 393, .size = 3 },
  { .id = 926, .size = 3 },
  { .id = 1592, .size = 3 },
  { .id = 453, .size = 3 },
  { .id = 452, .size = 3 },
  { .id = 1246, .size = 3 },
  { .id = 588, .size = 3 },
  { .id = 2980, .size = 3 },
  { .id = 873, .size = 3 },
  { .id = 1796, .size = 3 },
  { .id = 2866, .size = 3 },
  { .id = 976, .size = 3 },
  { .id = 580, .size = 3 },
  { .id = 601, .size = 3 },
  { .id = 2018, .size = 3 },
  { .id = 2485, .size = 3 },
  { .id = 1029, .size = 3 },
  { .id = 281, .size = 3 },
  { .id = 1794, .size = 3 },
  { .id = 2489, .size = 3 },
  { .id = 2490, .size = 3 },
  { .id = 1602, .size = 3 },
  { .id = 1240, .size = 3 },
  { .id = 450, .size = 3 },
  { .id = 394, .size = 3 },
  { .id = 1790, .size = 3 },
  { .id = 541, .size = 3 },
  { .id = 396, .size = 3 },
  { .id = 1026, .size = 3 },
  { .id = 1786, .size = 3 },
  { .id = 678, .size = 3 },
  { .id = 943, .size = 3 },
  { .id = 2502, .size = 3 },
  { .id = 2503, .size = 3 },
  { .id = 775, .size = 3 },
  { .id = 2505, .size = 3 },
  { .id = 398, .size = 3 },
  { .id = 1781, .size = 3 },
  { .id = 776, .size = 3 },
  { .id = 1066, .size = 3 },
  { .id = 2141, .size = 3 },
  { .id = 1775, .size = 3 },
  { .id = 777, .size = 3 },
  { .id = 401, .size = 3 },
  { .id = 778, .size = 3 },
  { .id = 1231, .size = 3 },
  { .id = 702, .size = 3 },
  { .id = 1769, .size = 3 },
  { .id = 1102, .size = 3 },
  { .id = 1766, .size = 3 },
  { .id = 1765, .size = 3 },
  { .id = 2753, .size = 3 },
  { .id = 402, .size = 3 },
  { .id = 403, .size = 3 },
  { .id = 1025, .size = 3 },
  { .id = 2751, .size = 3 },
  { .id = 1022, .size = 3 },
  { .id = 404, .size = 3 },
  { .id = 490, .size = 3 },
  { .id = 282, .size = 2 },
  { .id = 2005, .size = 2 },
  { .id = 573, .size = 2 },
  { .id = 316, .size = 2 },
  { .id = 315, .size = 2 },
  { .id = 313, .size = 2 },
  { .id = 312, .size = 2 },
  { .id = 311, .size = 2 },
  { .id = 310, .size = 2 },
  { .id = 675, .size = 2 },
  { .id = 2853, .size = 2 },
  { .id = 473, .size = 2 },
  { .id = 309, .size = 2 },
  { .id = 2025, .size = 2 },
  { .id = 2032, .size = 2 },
  { .id = 308, .size = 2 },
  { .id = 307, .size = 2 },
  { .id = 680, .size = 2 },
  { .id = 306, .size = 2 },
  { .id = 305, .size = 2 },
  { .id = 2794, .size = 2 },
  { .id = 303, .size = 2 },
  { .id = 302, .size = 2 },
  { .id = 1501, .size = 2 },
  { .id = 2051, .size = 2 },
  { .id = 477, .size = 2 },
  { .id = 301, .size = 2 },
  { .id = 1485, .size = 2 },
  { .id = 300, .size = 2 },
  { .id = 299, .size = 2 },
  { .id = 2849, .size = 2 },
  { .id = 298, .size = 2 },
  { .id = 2062, .size = 2 },
  { .id = 295, .size = 2 },
  { .id = 294, .size = 2 },
  { .id = 480, .size = 2 },
  { .id = 293, .size = 2 },
  { .id = 848, .size = 2 },
  { .id = 481, .size = 2 },
  { .id = 291, .size = 2 },
  { .id = 2086, .size = 2 },
  { .id = 2929, .size = 2 },
  { .id = 290, .size = 2 },
  { .id = 482, .size = 2 },
  { .id = 287, .size = 2 },
  { .id = 592, .size = 2 },
  { .id = 1458, .size = 2 },
  { .id = 1451, .size = 2 },
  { .id = 285, .size = 2 },
  { .id = 2121, .size = 2 },
  { .id = 283, .size = 2 },
  { .id = 1442, .size = 2 },
  { .id = 701, .size = 2 },
  { .id = 317, .size = 2 },
  { .id = 489, .size = 2 },
  { .id = 280, .size = 2 },
  { .id = 703, .size = 2 },
  { .id = 279, .size = 2 },
  { .id = 492, .size = 2 },
  { .id = 278, .size = 2 },
  { .id = 2155, .size = 2 },
  { .id = 276, .size = 2 },
  { .id = 496, .size = 2 },
  { .id = 274, .size = 2 },
  { .id = 273, .size = 2 },
  { .id = 2167, .size = 2 },
  { .id = 2169, .size = 2 },
  { .id = 272, .size = 2 },
  { .id = 502, .size = 2 },
  { .id = 271, .size = 2 },
  { .id = 270, .size = 2 },
  { .id = 269, .size = 2 },
  { .id = 507, .size = 2 },
  { .id = 2184, .size = 2 },
  { .id = 2185, .size = 2 },
  { .id = 508, .size = 2 },
  { .id = 268, .size = 2 },
  { .id = 267, .size = 2 },
  { .id = 266, .size = 2 },
  { .id = 1402, .size = 2 },
  { .id = 980, .size = 2 },
  { .id = 1053, .size = 2 },
  { .id = 265, .size = 2 },
  { .id = 264, .size = 2 },
  { .id = 263, .size = 2 },
  { .id = 262, .size = 2 },
  { .id = 260, .size = 2 },
  { .id = 259, .size = 2 },
  { .id = 2781, .size = 2 },
  { .id = 1370, .size = 2 },
  { .id = 258, .size = 2 },
  { .id = 718, .size = 2 },
  { .id = 2229, .size = 2 },
  { .id = 2952, .size = 2 },
  { .id = 257, .size = 2 },
  { .id = 1364, .size = 2 },
  { .id = 515, .size = 2 },
  { .id = 2244, .size = 2 },
  { .id = 2249, .size = 2 },
  { .id = 1353, .size = 2 },
  { .id = 722, .size = 2 },
  { .id = 2260, .size = 2 },
  { .id = 2264, .size = 2 },
  { .id = 620, .size = 2 },
  { .id = 2272, .size = 2 },
  { .id = 725, .size = 2 },
  { .id = 2285, .size = 2 },
  { .id = 2291, .size = 2 },
  { .id = 2963, .size = 2 },
  { .id = 522, .size = 2 },
  { .id = 2823, .size = 2 },
  { .id = 2316, .size = 2 },
  { .id = 602, .size = 2 },
  { .id = 2330, .size = 2 },
  { .id = 2334, .size = 2 },
  { .id = 2339, .size = 2 },
  { .id = 1307, .size = 2 },
  { .id = 531, .size = 2 },
  { .id = 979, .size = 2 },
  { .id = 1290, .size = 2 },
  { .id = 534, .size = 2 },
  { .id = 957, .size = 2 },
  { .id = 2416, .size = 2 },
  { .id = 751, .size = 2 },
  { .id = 2422, .size = 2 },
  { .id = 2423, .size = 2 },
  { .id = 2424, .size = 2 },
  { .id = 868, .size = 2 },
  { .id = 539, .size = 2 },
  { .id = 2446, .size = 2 },
  { .id = 755, .size = 2 },
  { .id = 579, .size = 2 },
  { .id = 2469, .size = 2 },
  { .id = 953, .size = 2 },
  { .id = 770, .size = 2 },
  { .id = 877, .size = 2 },
  { .id = 542, .size = 2 },
  { .id = 2510, .size = 2 },
  { .id = 2989, .size = 2 },
  { .id = 1227, .size = 2 },
  { .id = 584, .size = 2 },
  { .id = 2545, .size = 2 },
  { .id = 789, .size = 2 },
  { .id = 2552, .size = 2 },
  { .id = 2555, .size = 2 },
  { .id = 3063, .size = 2 },
  { .id = 2562, .size = 2 },
  { .id = 547, .size = 2 },
  { .id = 1208, .size = 2 },
  { .id = 2572, .size = 2 },
  { .id = 3003, .size = 2 },
  { .id = 793, .size = 2 },
  { .id = 1010, .size = 2 },
  { .id = 549, .size = 2 },
  { .id = 1185, .size = 2 },
  { .id = 797, .size = 2 },
  { .id = 1184, .size = 2 },
  { .id = 611, .size = 2 },
  { .id = 554, .size = 2 },
  { .id = 2629, .size = 2 },
  { .id = 2635, .size = 2 },
  { .id = 1161, .size = 2 },
  { .id = 593, .size = 2 },
  { .id = 806, .size = 2 },
  { .id = 2650, .size = 2 },
  { .id = 889, .size = 2 },
  { .id = 2671, .size = 2 },
  { .id = 2676, .size = 2 },
  { .id = 812, .size = 2 },
  { .id = 1007, .size = 2 },
  { .id = 562, .size = 2 },
  { .id = 2800, .size = 2 },
  { .id = 1003, .size = 2 },
  { .id = 2694, .size = 2 },
  { .id = 1120, .size = 2 },
  { .id = 2774, .size = 2 },
  { .id = 948, .size = 2 },
  { .id = 1119, .size = 2 },
  { .id = 3024, .size = 2 },
  { .id = 2712, .size = 2 },
  { .id = 431, .size = 2 },
  { .id = 430, .size = 2 },
  { .id = 1668, .size = 2 },
  { .id = 1675, .size = 2 },
  { .id = 424, .size = 2 },
  { .id = 423, .size = 2 },
  { .id = 1681, .size = 2 },
  { .id = 1684, .size = 2 },
  { .id = 1685, .size = 2 },
  { .id = 421, .size = 2 },
  { .id = 419, .size = 2 },
  { .id = 418, .size = 2 },
  { .id = 417, .size = 2 },
  { .id = 1697, .size = 2 },
  { .id = 825, .size = 2 },
  { .id = 1710, .size = 2 },
  { .id = 1105, .size = 2 },
  { .id = 414, .size = 2 },
  { .id = 936, .size = 2 },
  { .id = 413, .size = 2 },
  { .id = 1736, .size = 2 },
  { .id = 1738, .size = 2 },
  { .id = 1617, .size = 2 },
  { .id = 3043, .size = 2 },
  { .id = 407, .size = 2 },
  { .id = 1749, .size = 2 },
  { .id = 1750, .size = 2 },
  { .id = 406, .size = 2 },
  { .id = 3029, .size = 2 },
  { .id = 449, .size = 2 },
  { .id = 1606, .size = 2 },
  { .id = 1774, .size = 2 },
  { .id = 1776, .size = 2 },
  { .id = 2756, .size = 2 },
  { .id = 1778, .size = 2 },
  { .id = 1779, .size = 2 },
  { .id = 399, .size = 2 },
  { .id = 2758, .size = 2 },
  { .id = 1099, .size = 2 },
  { .id = 397, .size = 2 },
  { .id = 395, .size = 2 },
  { .id = 451, .size = 2 },
  { .id = 2865, .size = 2 },
  { .id = 627, .size = 2 },
  { .id = 389, .size = 2 },
  { .id = 388, .size = 2 },
  { .id = 387, .size = 2 },
  { .id = 386, .size = 2 },
  { .id = 1829, .size = 2 },
  { .id = 632, .size = 2 },
  { .id = 384, .size = 2 },
  { .id = 1836, .size = 2 },
  { .id = 1582, .size = 2 },
  { .id = 637, .size = 2 },
  { .id = 1580, .size = 2 },
  { .id = 380, .size = 2 },
  { .id = 455, .size = 2 },
  { .id = 458, .size = 2 },
  { .id = 638, .size = 2 },
  { .id = 462, .size = 2 },
  { .id = 374, .size = 2 },
  { .id = 371, .size = 2 },
  { .id = 643, .size = 2 },
  { .id = 1557, .size = 2 },
  { .id = 645, .size = 2 },
  { .id = 466, .size = 2 },
  { .id = 363, .size = 2 },
  { .id = 1552, .size = 2 },
  { .id = 359, .size = 2 },
  { .id = 1901, .size = 2 },
  { .id = 358, .size = 2 },
  { .id = 1907, .size = 2 },
  { .id = 357, .size = 2 },
  { .id = 355, .size = 2 },
  { .id = 354, .size = 2 },
  { .id = 837, .size = 2 },
  { .id = 1923, .size = 2 },
  { .id = 992, .size = 2 },
  { .id = 656, .size = 2 },
  { .id = 1540, .size = 2 },
  { .id = 349, .size = 2 },
  { .id = 1931, .size = 2 },
  { .id = 347, .size = 2 },
  { .id = 658, .size = 2 },
  { .id = 346, .size = 2 },
  { .id = 345, .size = 2 },
  { .id = 344, .size = 2 },
  { .id = 343, .size = 2 },
  { .id = 1950, .size = 2 },
  { .id = 340, .size = 2 },
  { .id = 339, .size = 2 },
  { .id = 337, .size = 2 },
  { .id = 336, .size = 2 },
  { .id = 1532, .size = 2 },
  { .id = 667, .size = 2 },
  { .id = 332, .size = 2 },
  { .id = 331, .size = 2 },
  { .id = 330, .size = 2 },
  { .id = 329, .size = 2 },
  { .id = 327, .size = 2 },
  { .id = 670, .size = 2 },
  { .id = 1982, .size = 2 },
  { .id = 324, .size = 2 },
  { .id = 1990, .size = 2 },
  { .id = 1991, .size = 2 },
  { .id = 323, .size = 2 },
  { .id = 320, .size = 2 },
  { .id = 318, .size = 2 },
  { .id = 236, .size = 1 },
  { .id = 237, .size = 1 },
  { .id = 20, .size = 1 },
  { .id = 65, .size = 1 },
  { .id = 6, .size = 1 },
  { .id = 158, .size = 1 },
  { .id = 94, .size = 1 },
  { .id = 46, .size = 1 },
  { .id = 159, .size = 1 },
  { .id = 93, .size = 1 },
  { .id = 21, .size = 1 },
  { .id = 76, .size = 1 },
  { .id = 160, .size = 1 },
  { .id = 92, .size = 1 },
  { .id = 161, .size = 1 },
  { .id = 162, .size = 1 },
  { .id = 163, .size = 1 },
  { .id = 164, .size = 1 },
  { .id = 238, .size = 1 },
  { .id = 165, .size = 1 },
  { .id = 166, .size = 1 },
  { .id = 56, .size = 1 },
  { .id = 91, .size = 1 },
  { .id = 167, .size = 1 },
  { .id = 42, .size = 1 },
  { .id = 28, .size = 1 },
  { .id = 75, .size = 1 },
  { .id = 48, .size = 1 },
  { .id = 239, .size = 1 },
  { .id = 43, .size = 1 },
  { .id = 35, .size = 1 },
  { .id = 90, .size = 1 },
  { .id = 168, .size = 1 },
  { .id = 29, .size = 1 },
  { .id = 30, .size = 1 },
  { .id = 22, .size = 1 },
  { .id = 36, .size = 1 },
  { .id = 169, .size = 1 },
  { .id = 50, .size = 1 },
  { .id = 170, .size = 1 },
  { .id = 45, .size = 1 },
  { .id = 171, .size = 1 },
  { .id = 172, .size = 1 },
  { .id = 173, .size = 1 },
  { .id = 174, .size = 1 },
  { .id = 88, .size = 1 },
  { .id = 3, .size = 1 },
  { .id = 175, .size = 1 },
  { .id = 37, .size = 1 },
  { .id = 176, .size = 1 },
  { .id = 31, .size = 1 },
  { .id = 177, .size = 1 },
  { .id = 178, .size = 1 },
  { .id = 23, .size = 1 },
  { .id = 74, .size = 1 },
  { .id = 179, .size = 1 },
  { .id = 180, .size = 1 },
  { .id = 73, .size = 1 },
  { .id = 181, .size = 1 },
  { .id = 83, .size = 1 },
  { .id = 86, .size = 1 },
  { .id = 89, .size = 1 },
  { .id = 182, .size = 1 },
  { .id = 183, .size = 1 },
  { .id = 184, .size = 1 },
  { .id = 185, .size = 1 },
  { .id = 4, .size = 1 },
  { .id = 55, .size = 1 },
  { .id = 186, .size = 1 },
  { .id = 187, .size = 1 },
  { .id = 59, .size = 1 },
  { .id = 188, .size = 1 },
  { .id = 32, .size = 1 },
  { .id = 44, .size = 1 },
  { .id = 240, .size = 1 },
  { .id = 189, .size = 1 },
  { .id = 47, .size = 1 },
  { .id = 60, .size = 1 },
  { .id = 5, .size = 1 },
  { .id = 190, .size = 1 },
  { .id = 241, .size = 1 },
  { .id = 242, .size = 1 },
  { .id = 191, .size = 1 },
  { .id = 24, .size = 1 },
  { .id = 192, .size = 1 },
  { .id = 243, .size = 1 },
  { .id = 193, .size = 1 },
  { .id = 244, .size = 1 },
  { .id = 194, .size = 1 },
  { .id = 195, .size = 1 },
  { .id = 80, .size = 1 },
  { .id = 196, .size = 1 },
  { .id = 197, .size = 1 },
  { .id = 245, .size = 1 },
  { .id = 198, .size = 1 },
  { .id = 54, .size = 1 },
  { .id = 246, .size = 1 },
  { .id = 38, .size = 1 },
  { .id = 247, .size = 1 },
  { .id = 248, .size = 1 },
  { .id = 199, .size = 1 },
  { .id = 200, .size = 1 },
  { .id = 201, .size = 1 },
  { .id = 39, .size = 1 },
  { .id = 25, .size = 1 },
  { .id = 249, .size = 1 },
  { .id = 202, .size = 1 },
  { .id = 250, .size = 1 },
  { .id = 203, .size = 1 },
  { .id = 61, .size = 1 },
  { .id = 204, .size = 1 },
  { .id = 205, .size = 1 },
  { .id = 206, .size = 1 },
  { .id = 85, .size = 1 },
  { .id = 53, .size = 1 },
  { .id = 207, .size = 1 },
  { .id = 2, .size = 1 },
  { .id = 52, .size = 1 },
  { .id = 208, .size = 1 },
  { .id = 209, .size = 1 },
  { .id = 210, .size = 1 },
  { .id = 211, .size = 1 },
  { .id = 212, .size = 1 },
  { .id = 213, .size = 1 },
  { .id = 214, .size = 1 },
  { .id = 215, .size = 1 },
  { .id = 251, .size = 1 },
  { .id = 40, .size = 1 },
  { .id = 252, .size = 1 },
  { .id = 72, .size = 1 },
  { .id = 253, .size = 1 },
  { .id = 216, .size = 1 },
  { .id = 26, .size = 1 },
  { .id = 217, .size = 1 },
  { .id = 27, .size = 1 },
  { .id = 218, .size = 1 },
  { .id = 219, .size = 1 },
  { .id = 220, .size = 1 },
  { .id = 41, .size = 1 },
  { .id = 51, .size = 1 },
  { .id = 64, .size = 1 },
  { .id = 254, .size = 1 },
  { .id = 71, .size = 1 },
  { .id = 221, .size = 1 },
  { .id = 222, .size = 1 },
  { .id = 111, .size = 1 },
  { .id = 11, .size = 1 },
  { .id = 110, .size = 1 },
  { .id = 70, .size = 1 },
  { .id = 109, .size = 1 },
  { .id = 223, .size = 1 },
  { .id = 108, .size = 1 },
  { .id = 107, .size = 1 },
  { .id = 106, .size = 1 },
  { .id = 112, .size = 1 },
  { .id = 105, .size = 1 },
  { .id = 104, .size = 1 },
  { .id = 113, .size = 1 },
  { .id = 114, .size = 1 },
  { .id = 115, .size = 1 },
  { .id = 103, .size = 1 },
  { .id = 102, .size = 1 },
  { .id = 116, .size = 1 },
  { .id = 101, .size = 1 },
  { .id = 12, .size = 1 },
  { .id = 117, .size = 1 },
  { .id = 79, .size = 1 },
  { .id = 118, .size = 1 },
  { .id = 100, .size = 1 },
  { .id = 224, .size = 1 },
  { .id = 119, .size = 1 },
  { .id = 120, .size = 1 },
  { .id = 121, .size = 1 },
  { .id = 225, .size = 1 },
  { .id = 1, .size = 1 },
  { .id = 122, .size = 1 },
  { .id = 99, .size = 1 },
  { .id = 123, .size = 1 },
  { .id = 13, .size = 1 },
  { .id = 124, .size = 1 },
  { .id = 125, .size = 1 },
  { .id = 226, .size = 1 },
  { .id = 126, .size = 1 },
  { .id = 14, .size = 1 },
  { .id = 127, .size = 1 },
  { .id = 255, .size = 1 },
  { .id = 62, .size = 1 },
  { .id = 69, .size = 1 },
  { .id = 128, .size = 1 },
  { .id = 129, .size = 1 },
  { .id = 68, .size = 1 },
  { .id = 81, .size = 1 },
  { .id = 57, .size = 1 },
  { .id = 130, .size = 1 },
  { .id = 82, .size = 1 },
  { .id = 87, .size = 1 },
  { .id = 131, .size = 1 },
  { .id = 227, .size = 1 },
  { .id = 132, .size = 1 },
  { .id = 67, .size = 1 },
  { .id = 49, .size = 1 },
  { .id = 8, .size = 1 },
  { .id = 133, .size = 1 },
  { .id = 33, .size = 1 },
  { .id = 134, .size = 1 },
  { .id = 135, .size = 1 },
  { .id = 136, .size = 1 },
  { .id = 15, .size = 1 },
  { .id = 228, .size = 1 },
  { .id = 10, .size = 1 },
  { .id = 98, .size = 1 },
  { .id = 97, .size = 1 },
  { .id = 137, .size = 1 },
  { .id = 138, .size = 1 },
  { .id = 139, .size = 1 },
  { .id = 140, .size = 1 },
  { .id = 229, .size = 1 },
  { .id = 141, .size = 1 },
  { .id = 230, .size = 1 },
  { .id = 142, .size = 1 },
  { .id = 16, .size = 1 },
  { .id = 66, .size = 1 },
  { .id = 143, .size = 1 },
  { .id = 7, .size = 1 },
  { .id = 144, .size = 1 },
  { .id = 145, .size = 1 },
  { .id = 231, .size = 1 },
  { .id = 146, .size = 1 },
  { .id = 96, .size = 1 },
  { .id = 232, .size = 1 },
  { .id = 58, .size = 1 },
  { .id = 147, .size = 1 },
  { .id = 148, .size = 1 },
  { .id = 17, .size = 1 },
  { .id = 18, .size = 1 },
  { .id = 149, .size = 1 },
  { .id = 150, .size = 1 },
  { .id = 78, .size = 1 },
  { .id = 151, .size = 1 },
  { .id = 77, .size = 1 },
  { .id = 152, .size = 1 },
  { .id = 19, .size = 1 },
  { .id = 233, .size = 1 },
  { .id = 84, .size = 1 },
  { .id = 34, .size = 1 },
  { .id = 234, .size = 1 },
  { .id = 153, .size = 1 },
  { .id = 154, .size = 1 },
  { .id = 95, .size = 1 },
  { .id = 9, .size = 1 },
  { .id = 155, .size = 1 },
  { .id = 235, .size = 1 },
  { .id = 156, .size = 1 },
  { .id = 157, .size = 1 },
  { .id = 63, .size = 1 },
};

// vocab_size = 3072
// training_size = 95604
// total_chars = 94659258
// total_tokens = 28835928
// chars/token = 3.28
